ds_key,hw_key,exp_name,acc,lat
cifar10,edgegpu_latency,ga_only,10.0,0.5385971069335938
cifar10,edgegpu_latency,ga_only,10.0,0.5385971069335938
cifar10,edgegpu_latency,ga_only,10.0,0.5385971069335938
cifar10,edgegpu_latency,ga_only,10.0,0.5385971069335938
cifar10,edgegpu_latency,ga_only,10.0,0.5385971069335938
cifar10,edgegpu_latency,ga_only,10.0,0.5385971069335938
cifar10,edgegpu_latency,ga_only,10.0,0.5385971069335938
cifar10,edgegpu_latency,ga_only,10.0,0.5385971069335938
cifar10,edgegpu_latency,ga_only,10.0,0.5385971069335938
cifar10,edgegpu_latency,ga_only,10.0,0.5385971069335938
cifar10,edgegpu_latency,ga_only,10.0,0.5385971069335938
cifar10,edgegpu_latency,ga_only,10.0,0.5385971069335938
cifar10,edgegpu_latency,ga_only,10.0,0.5385971069335938
cifar10,edgegpu_latency,ga_only,10.0,0.5385971069335938
cifar10,edgegpu_latency,ga_only,10.0,0.5385971069335938
cifar10,edgegpu_latency,ga_only,86.336669921875,1.4338922500610352
cifar10,edgegpu_latency,ga_only,86.336669921875,1.4338922500610352
cifar10,edgegpu_latency,ga_only,86.336669921875,1.4338922500610352
cifar10,edgegpu_latency,ga_only,86.336669921875,1.4338922500610352
cifar10,edgegpu_latency,ga_only,86.336669921875,1.4338922500610352
cifar10,edgegpu_latency,ga_only,86.336669921875,1.4338922500610352
cifar10,edgegpu_latency,ga_only,86.4433364868164,1.4339256286621094
cifar10,edgegpu_latency,ga_only,86.4433364868164,1.4339256286621094
cifar10,edgegpu_latency,ga_only,86.4433364868164,1.4339256286621094
cifar10,edgegpu_latency,ga_only,86.4433364868164,1.4339256286621094
cifar10,edgegpu_latency,ga_only,86.4433364868164,1.4339256286621094
cifar10,edgegpu_latency,ga_only,86.4433364868164,1.4339256286621094
cifar10,edgegpu_latency,ga_only,86.4433364868164,1.4339256286621094
cifar10,edgegpu_latency,ga_only,86.4433364868164,1.4339256286621094
cifar10,edgegpu_latency,ga_only,86.4433364868164,1.4339256286621094
cifar10,edgegpu_latency,ga_only,86.4433364868164,1.4339256286621094
cifar10,edgegpu_latency,ga_only,86.4433364868164,1.4339256286621094
cifar10,edgegpu_latency,ga_only,86.5199966430664,1.4357423782348633
cifar10,edgegpu_latency,ga_only,86.5199966430664,1.4357423782348633
cifar10,edgegpu_latency,ga_only,86.70999908447266,1.436324119567871
cifar10,edgegpu_latency,ga_only,86.70999908447266,1.436324119567871
cifar10,edgegpu_latency,ga_only,86.8933334350586,1.4396190643310547
cifar10,edgegpu_latency,ga_only,86.8933334350586,1.4396190643310547
cifar10,edgegpu_latency,ga_only,86.8933334350586,1.4396190643310547
cifar10,edgegpu_latency,ga_only,86.8933334350586,1.4396190643310547
cifar10,edgegpu_latency,ga_only,86.8933334350586,1.4396190643310547
cifar10,edgegpu_latency,ga_only,86.8933334350586,1.4396190643310547
cifar10,edgegpu_latency,ga_only,86.8933334350586,1.4396190643310547
cifar10,edgegpu_latency,ga_only,86.8933334350586,1.4396190643310547
cifar10,edgegpu_latency,ga_only,86.8933334350586,1.4396190643310547
cifar10,edgegpu_latency,ga_only,86.8933334350586,1.4396190643310547
cifar10,edgegpu_latency,ga_only,86.8933334350586,1.4396190643310547
cifar10,edgegpu_latency,ga_only,86.8933334350586,1.4396190643310547
cifar10,edgegpu_latency,ga_only,86.8933334350586,1.4396190643310547
cifar10,edgegpu_latency,ga_only,86.8933334350586,1.4396190643310547
cifar10,edgegpu_latency,ga_only,86.8933334350586,1.4396190643310547
cifar10,edgegpu_latency,ga_only,86.8933334350586,1.4396190643310547
cifar10,edgegpu_latency,ga_only,86.8933334350586,1.4396190643310547
cifar10,edgegpu_latency,ga_only,86.8933334350586,1.4396190643310547
cifar10,edgegpu_latency,ga_only,86.8933334350586,1.4396190643310547
cifar10,edgegpu_latency,ga_only,86.8933334350586,1.4396190643310547
cifar10,edgegpu_latency,ga_only,86.8933334350586,1.4396190643310547
cifar10,edgegpu_latency,ga_only,86.8933334350586,1.4396190643310547
cifar10,edgegpu_latency,ga_only,86.8933334350586,1.4396190643310547
cifar10,edgegpu_latency,ga_only,86.8933334350586,1.4396190643310547
cifar10,edgegpu_latency,ga_only,86.8933334350586,1.4396190643310547
cifar10,edgegpu_latency,ga_only,86.8933334350586,1.4396190643310547
cifar10,edgegpu_latency,ga_only,86.8933334350586,1.4396190643310547
cifar10,edgegpu_latency,ga_only,86.8933334350586,1.4396190643310547
cifar10,edgegpu_latency,ga_only,86.8933334350586,1.4396190643310547
cifar10,edgegpu_latency,ga_only,86.8933334350586,1.4396190643310547
cifar10,edgegpu_latency,ga_only,86.8933334350586,1.4396190643310547
cifar10,edgegpu_latency,ga_only,86.8933334350586,1.4396190643310547
cifar10,edgegpu_latency,ga_only,86.8933334350586,1.4396190643310547
cifar10,edgegpu_latency,ga_only,86.8933334350586,1.4396190643310547
cifar10,edgegpu_latency,ga_only,86.8933334350586,1.4396190643310547
cifar10,edgegpu_latency,ga_only,86.8933334350586,1.4396190643310547
cifar10,edgegpu_latency,ga_only,86.8933334350586,1.4396190643310547
cifar10,edgegpu_latency,ga_only,86.8933334350586,1.4396190643310547
cifar10,edgegpu_latency,ga_only,86.8933334350586,1.4396190643310547
cifar10,edgegpu_latency,ga_only,86.8933334350586,1.4396190643310547
cifar10,edgegpu_latency,ga_only,86.8933334350586,1.4396190643310547
cifar10,edgegpu_latency,ga_only,86.8933334350586,1.4396190643310547
cifar10,edgegpu_latency,ga_only,86.8933334350586,1.4396190643310547
cifar10,edgegpu_latency,ga_only,86.8933334350586,1.4396190643310547
cifar10,edgegpu_latency,ga_only,86.8933334350586,1.4396190643310547
cifar10,edgegpu_latency,ga_only,86.8933334350586,1.4396190643310547
cifar10,edgegpu_latency,ga_only,86.8933334350586,1.4396190643310547
cifar10,edgegpu_latency,ga_only,86.8933334350586,1.4396190643310547
cifar10,edgegpu_latency,ga_only,86.8933334350586,1.4396190643310547
cifar10,edgegpu_latency,ga_only,86.8933334350586,1.4396190643310547
cifar10,edgegpu_latency,ga_only,86.8933334350586,1.4396190643310547
cifar10,edgegpu_latency,ga_only,86.8933334350586,1.4396190643310547
cifar10,edgegpu_latency,ga_only,86.8933334350586,1.4396190643310547
cifar10,edgegpu_latency,ga_only,86.8933334350586,1.4396190643310547
cifar10,edgegpu_latency,ga_only,86.8933334350586,1.4396190643310547
cifar10,edgegpu_latency,ga_only,86.8933334350586,1.4396190643310547
cifar10,edgegpu_latency,ga_only,86.8933334350586,1.4396190643310547
cifar10,edgegpu_latency,ga_only,86.8933334350586,1.4396190643310547
cifar10,edgegpu_latency,ga_only,86.8933334350586,1.4396190643310547
cifar10,edgegpu_latency,ga_only,86.8933334350586,1.4396190643310547
cifar10,edgegpu_latency,ga_only,86.8933334350586,1.4396190643310547
cifar10,edgegpu_latency,ga_only,86.8933334350586,1.4396190643310547
cifar10,edgegpu_latency,ga_only,86.8933334350586,1.4396190643310547
cifar10,edgegpu_latency,ga_only,86.8933334350586,1.4396190643310547
cifar10,edgegpu_latency,ga_only,86.8933334350586,1.4396190643310547
cifar10,edgegpu_latency,ga_only,86.8933334350586,1.4396190643310547
cifar10,edgegpu_latency,ga_only,86.8933334350586,1.4396190643310547
cifar10,edgegpu_latency,ga_only,86.8933334350586,1.4396190643310547
cifar10,edgegpu_latency,ga_only,86.8933334350586,1.4396190643310547
cifar10,edgegpu_latency,ga_only,86.8933334350586,1.4396190643310547
cifar10,edgegpu_latency,ga_only,86.8933334350586,1.4396190643310547
cifar10,edgegpu_latency,ga_only,86.8933334350586,1.4396190643310547
cifar10,edgegpu_latency,ga_only,86.8933334350586,1.4396190643310547
cifar10,edgegpu_latency,ga_only,86.8933334350586,1.4396190643310547
cifar10,edgegpu_latency,ga_only,86.8933334350586,1.4396190643310547
cifar10,edgegpu_latency,ga_only,86.8933334350586,1.4396190643310547
cifar10,edgegpu_latency,ga_only,86.8933334350586,1.4396190643310547
cifar10,edgegpu_latency,ga_only,86.8933334350586,1.4396190643310547
cifar10,edgegpu_latency,ga_only,86.8933334350586,1.4396190643310547
cifar10,edgegpu_latency,ga_only,86.8933334350586,1.4396190643310547
cifar10,edgegpu_latency,ga_only,86.8933334350586,1.4396190643310547
cifar10,edgegpu_latency,ga_only,86.8933334350586,1.4396190643310547
cifar10,edgegpu_latency,ga_only,86.8933334350586,1.4396190643310547
cifar10,edgegpu_latency,ga_only,86.8933334350586,1.4396190643310547
cifar10,edgegpu_latency,ga_only,86.8933334350586,1.4396190643310547
cifar10,edgegpu_latency,ga_only,86.8933334350586,1.4396190643310547
cifar10,edgegpu_latency,ga_only,86.8933334350586,1.4396190643310547
cifar10,edgegpu_latency,ga_only,86.8933334350586,1.4396190643310547
cifar10,edgegpu_latency,ga_only,86.8933334350586,1.4396190643310547
cifar10,edgegpu_latency,ga_only,86.8933334350586,1.4396190643310547
cifar10,edgegpu_latency,ga_only,86.8933334350586,1.4396190643310547
cifar10,edgegpu_latency,ga_only,86.8933334350586,1.4396190643310547
cifar10,edgegpu_latency,ga_only,86.8933334350586,1.4396190643310547
cifar10,edgegpu_latency,ga_only,86.8933334350586,1.4396190643310547
cifar10,edgegpu_latency,ga_only,86.8933334350586,1.4396190643310547
cifar10,edgegpu_latency,ga_only,86.8933334350586,1.4396190643310547
cifar10,edgegpu_latency,ga_only,86.8933334350586,1.4396190643310547
cifar10,edgegpu_latency,ga_only,86.8933334350586,1.4396190643310547
cifar10,edgegpu_latency,ga_only,86.8933334350586,1.4396190643310547
cifar10,edgegpu_latency,ga_only,86.8933334350586,1.4396190643310547
cifar10,edgegpu_latency,ga_only,86.8933334350586,1.4396190643310547
cifar10,edgegpu_latency,ga_only,86.8933334350586,1.4396190643310547
cifar10,edgegpu_latency,ga_only,86.8933334350586,1.4396190643310547
cifar10,edgegpu_latency,ga_only,86.8933334350586,1.4396190643310547
cifar10,edgegpu_latency,ga_only,86.8933334350586,1.4396190643310547
cifar10,edgegpu_latency,ga_only,86.8933334350586,1.4396190643310547
cifar10,edgegpu_latency,ga_only,86.8933334350586,1.4396190643310547
cifar10,edgegpu_latency,ga_only,86.8933334350586,1.4396190643310547
cifar10,edgegpu_latency,ga_only,86.8933334350586,1.4396190643310547
cifar10,edgegpu_latency,ga_only,86.8933334350586,1.4396190643310547
cifar10,edgegpu_latency,ga_only,86.8933334350586,1.4396190643310547
cifar10,edgegpu_latency,ga_only,86.8933334350586,1.4396190643310547
cifar10,edgegpu_latency,ga_only,86.8933334350586,1.4396190643310547
cifar10,edgegpu_latency,ga_only,86.8933334350586,1.4396190643310547
cifar10,edgegpu_latency,ga_only,86.8933334350586,1.4396190643310547
cifar10,edgegpu_latency,ga_only,86.8933334350586,1.4396190643310547
cifar10,edgegpu_latency,ga_only,86.8933334350586,1.4396190643310547
cifar10,edgegpu_latency,ga_only,86.8933334350586,1.4396190643310547
cifar10,edgegpu_latency,ga_only,86.8933334350586,1.4396190643310547
cifar10,edgegpu_latency,ga_only,86.8933334350586,1.4396190643310547
cifar10,edgegpu_latency,ga_only,86.8933334350586,1.4396190643310547
cifar10,edgegpu_latency,ga_only,86.8933334350586,1.4396190643310547
cifar10,edgegpu_latency,ga_only,86.8933334350586,1.4396190643310547
cifar10,edgegpu_latency,ga_only,86.8933334350586,1.4396190643310547
cifar10,edgegpu_latency,ga_only,86.8933334350586,1.4396190643310547
cifar10,edgegpu_latency,ga_only,86.8933334350586,1.4396190643310547
cifar10,edgegpu_latency,ga_only,86.8933334350586,1.4396190643310547
cifar10,edgegpu_latency,ga_only,86.8933334350586,1.4396190643310547
cifar10,edgegpu_latency,ga_only,86.8933334350586,1.4396190643310547
cifar10,edgegpu_latency,ga_only,86.8933334350586,1.4396190643310547
cifar10,edgegpu_latency,ga_only,86.8933334350586,1.4396190643310547
cifar10,edgegpu_latency,ga_only,86.8933334350586,1.4396190643310547
cifar10,edgegpu_latency,ga_only,86.8933334350586,1.4396190643310547
cifar10,edgegpu_latency,ga_only,86.8933334350586,1.4396190643310547
cifar10,edgegpu_latency,ga_only,86.8933334350586,1.4396190643310547
cifar10,edgegpu_latency,ga_only,86.8933334350586,1.4396190643310547
cifar10,edgegpu_latency,ga_only,86.8933334350586,1.4396190643310547
cifar10,edgegpu_latency,ga_only,86.8933334350586,1.4396190643310547
cifar10,edgegpu_latency,ga_only,86.8933334350586,1.4396190643310547
cifar10,edgegpu_latency,ga_only,86.8933334350586,1.4396190643310547
cifar10,edgegpu_latency,ga_only,86.91000366210938,1.500086784362793
cifar10,edgegpu_latency,ga_only,86.91000366210938,1.500086784362793
cifar10,edgegpu_latency,ga_only,86.91000366210938,1.500086784362793
cifar10,edgegpu_latency,ga_only,87.07499694824219,1.5539789199829102
cifar10,edgegpu_latency,ga_only,87.07499694824219,1.5539789199829102
cifar10,edgegpu_latency,ga_only,87.07499694824219,1.5539789199829102
cifar10,edgegpu_latency,ga_only,87.07499694824219,1.5539789199829102
cifar10,edgegpu_latency,ga_only,87.07499694824219,1.5539789199829102
cifar10,edgegpu_latency,ga_only,91.91000366210938,1.7384672164916992
cifar10,edgegpu_latency,ga_only,91.91000366210938,1.7384672164916992
cifar10,edgegpu_latency,ga_only,91.91000366210938,1.7384672164916992
cifar10,edgegpu_latency,ga_only,91.91000366210938,1.7384672164916992
cifar10,edgegpu_latency,ga_only,91.91000366210938,1.7384672164916992
cifar10,edgegpu_latency,ga_only,91.91000366210938,1.7384672164916992
cifar10,edgegpu_latency,ga_only,91.91000366210938,1.7384672164916992
cifar10,edgegpu_latency,ga_only,91.91000366210938,1.7384672164916992
cifar10,edgegpu_latency,ga_only,92.086669921875,1.7490863800048828
cifar10,edgegpu_latency,ga_only,92.086669921875,1.7490863800048828
cifar10,edgegpu_latency,ga_only,92.086669921875,1.7490863800048828
cifar10,edgegpu_latency,ga_only,92.086669921875,1.7490863800048828
cifar10,edgegpu_latency,ga_only,92.086669921875,1.7490863800048828
cifar10,edgegpu_latency,ga_only,92.086669921875,1.7490863800048828
cifar10,edgegpu_latency,ga_only,92.086669921875,1.7490863800048828
cifar10,edgegpu_latency,ga_only,92.086669921875,1.7490863800048828
cifar10,edgegpu_latency,ga_only,92.086669921875,1.7490863800048828
cifar10,edgegpu_latency,ga_only,92.086669921875,1.7490863800048828
cifar10,edgegpu_latency,ga_only,92.086669921875,1.7490863800048828
cifar10,edgegpu_latency,ga_only,92.086669921875,1.7490863800048828
cifar10,edgegpu_latency,ga_only,92.086669921875,1.7490863800048828
cifar10,edgegpu_latency,ga_only,92.086669921875,1.7490863800048828
cifar10,edgegpu_latency,ga_only,92.086669921875,1.7490863800048828
cifar10,edgegpu_latency,ga_only,92.086669921875,1.7490863800048828
cifar10,edgegpu_latency,ga_only,92.086669921875,1.7490863800048828
cifar10,edgegpu_latency,ga_only,92.086669921875,1.7490863800048828
cifar10,edgegpu_latency,ga_only,92.086669921875,1.7490863800048828
cifar10,edgegpu_latency,ga_only,92.086669921875,1.7490863800048828
cifar10,edgegpu_latency,ga_only,92.086669921875,1.7490863800048828
cifar10,edgegpu_latency,ga_only,92.086669921875,1.7490863800048828
cifar10,edgegpu_latency,ga_only,92.086669921875,1.7490863800048828
cifar10,edgegpu_latency,ga_only,92.086669921875,1.7490863800048828
cifar10,edgegpu_latency,ga_only,92.086669921875,1.7490863800048828
cifar10,edgegpu_latency,ga_only,92.086669921875,1.7490863800048828
cifar10,edgegpu_latency,ga_only,92.13666534423828,1.7518806457519531
cifar10,edgegpu_latency,ga_only,92.13666534423828,1.7518806457519531
cifar10,edgegpu_latency,ga_only,92.13666534423828,1.7518806457519531
cifar10,edgegpu_latency,ga_only,92.13666534423828,1.7518806457519531
cifar10,edgegpu_latency,ga_only,92.13666534423828,1.7518806457519531
cifar10,edgegpu_latency,ga_only,92.13666534423828,1.7518806457519531
cifar10,edgegpu_latency,ga_only,92.13666534423828,1.7518806457519531
cifar10,edgegpu_latency,ga_only,92.13666534423828,1.7518806457519531
cifar10,edgegpu_latency,ga_only,92.13666534423828,1.7518806457519531
cifar10,edgegpu_latency,ga_only,92.13666534423828,1.7518806457519531
cifar10,edgegpu_latency,ga_only,92.13666534423828,1.7518806457519531
cifar10,edgegpu_latency,ga_only,92.13666534423828,1.7518806457519531
cifar10,edgegpu_latency,ga_only,92.13666534423828,1.7518806457519531
cifar10,edgegpu_latency,ga_only,92.13666534423828,1.7518806457519531
cifar10,edgegpu_latency,ga_only,92.13666534423828,1.7518806457519531
cifar10,edgegpu_latency,ga_only,92.13666534423828,1.7518806457519531
cifar10,edgegpu_latency,ga_only,92.13666534423828,1.7518806457519531
cifar10,edgegpu_latency,ga_only,92.13666534423828,1.7518806457519531
cifar10,edgegpu_latency,ga_only,92.13666534423828,1.7518806457519531
cifar10,edgegpu_latency,ga_only,92.13666534423828,1.7518806457519531
cifar10,edgegpu_latency,ga_only,92.13666534423828,1.7518806457519531
cifar10,edgegpu_latency,ga_only,92.13666534423828,1.7518806457519531
cifar10,edgegpu_latency,ga_only,92.13666534423828,1.7518806457519531
cifar10,edgegpu_latency,ga_only,92.13666534423828,1.7518806457519531
cifar10,edgegpu_latency,ga_only,92.13666534423828,1.7518806457519531
cifar10,edgegpu_latency,ga_only,92.13666534423828,1.7518806457519531
cifar10,edgegpu_latency,ga_only,92.13666534423828,1.7518806457519531
cifar10,edgegpu_latency,ga_only,92.13666534423828,1.7518806457519531
cifar10,edgegpu_latency,ga_only,92.13666534423828,1.7518806457519531
cifar10,edgegpu_latency,ga_only,92.13666534423828,1.7518806457519531
cifar10,edgegpu_latency,ga_only,92.13666534423828,1.7518806457519531
cifar10,edgegpu_latency,ga_only,92.13666534423828,1.7518806457519531
cifar10,edgegpu_latency,ga_only,92.13666534423828,1.7518806457519531
cifar10,edgegpu_latency,ga_only,92.13666534423828,1.7518806457519531
cifar10,edgegpu_latency,ga_only,92.13666534423828,1.7518806457519531
cifar10,edgegpu_latency,ga_only,92.13666534423828,1.7518806457519531
cifar10,edgegpu_latency,ga_only,92.13666534423828,1.7518806457519531
cifar10,edgegpu_latency,ga_only,92.13666534423828,1.7518806457519531
cifar10,edgegpu_latency,ga_only,92.13666534423828,1.7518806457519531
cifar10,edgegpu_latency,ga_only,92.13666534423828,1.7518806457519531
cifar10,edgegpu_latency,ga_only,92.13666534423828,1.7518806457519531
cifar10,edgegpu_latency,ga_only,92.13666534423828,1.7518806457519531
cifar10,edgegpu_latency,ga_only,92.13666534423828,1.7518806457519531
cifar10,edgegpu_latency,ga_only,92.13666534423828,1.7518806457519531
cifar10,edgegpu_latency,ga_only,92.13666534423828,1.7518806457519531
cifar10,edgegpu_latency,ga_only,92.13666534423828,1.7518806457519531
cifar10,edgegpu_latency,ga_only,92.13666534423828,1.7518806457519531
cifar10,edgegpu_latency,ga_only,92.13666534423828,1.7518806457519531
cifar10,edgegpu_latency,ga_only,92.13666534423828,1.7518806457519531
cifar10,edgegpu_latency,ga_only,92.13666534423828,1.7518806457519531
cifar10,edgegpu_latency,ga_only,92.13666534423828,1.7518806457519531
cifar10,edgegpu_latency,ga_only,92.13666534423828,1.7518806457519531
cifar10,edgegpu_latency,ga_only,92.13666534423828,1.7518806457519531
cifar10,edgegpu_latency,ga_only,92.13666534423828,1.7518806457519531
cifar10,edgegpu_latency,ga_only,92.13666534423828,1.7518806457519531
cifar10,edgegpu_latency,ga_only,92.13666534423828,1.7518806457519531
cifar10,edgegpu_latency,ga_only,92.13666534423828,1.7518806457519531
cifar10,edgegpu_latency,ga_only,92.13666534423828,1.7518806457519531
cifar10,edgegpu_latency,ga_only,92.13666534423828,1.7518806457519531
cifar10,edgegpu_latency,ga_only,92.13666534423828,1.7518806457519531
cifar10,edgegpu_latency,ga_only,92.13666534423828,1.7518806457519531
cifar10,edgegpu_latency,ga_only,92.13666534423828,1.7518806457519531
cifar10,edgegpu_latency,ga_only,92.13666534423828,1.7518806457519531
cifar10,edgegpu_latency,ga_only,92.13666534423828,1.7518806457519531
cifar10,edgegpu_latency,ga_only,92.13666534423828,1.7518806457519531
cifar10,edgegpu_latency,ga_only,92.13666534423828,1.7518806457519531
cifar10,edgegpu_latency,ga_only,92.13666534423828,1.7518806457519531
cifar10,edgegpu_latency,ga_only,92.13666534423828,1.7518806457519531
cifar10,edgegpu_latency,ga_only,92.13666534423828,1.7518806457519531
cifar10,edgegpu_latency,ga_only,92.13666534423828,1.7518806457519531
cifar10,edgegpu_latency,ga_only,92.13666534423828,1.7518806457519531
cifar10,edgegpu_latency,ga_only,92.13666534423828,1.7518806457519531
cifar10,edgegpu_latency,ga_only,92.13666534423828,1.7518806457519531
cifar10,edgegpu_latency,ga_only,92.13666534423828,1.7518806457519531
cifar10,edgegpu_latency,ga_only,92.29000091552734,1.7644500732421875
cifar10,edgegpu_latency,ga_only,92.29000091552734,1.7644500732421875
cifar10,edgegpu_latency,ga_only,92.29000091552734,1.7644500732421875
cifar10,edgegpu_latency,ga_only,92.29000091552734,1.7644500732421875
cifar10,edgegpu_latency,ga_only,92.29000091552734,1.7644500732421875
cifar10,edgegpu_latency,ga_only,92.31500244140625,1.9241619110107422
cifar10,edgegpu_latency,ga_only,92.31500244140625,1.9241619110107422
cifar10,edgegpu_latency,ga_only,92.31500244140625,1.9241619110107422
cifar10,edgegpu_latency,ga_only,92.31500244140625,1.9241619110107422
cifar10,edgegpu_latency,ga_only,92.31500244140625,1.9241619110107422
cifar10,edgegpu_latency,ga_only,92.31500244140625,1.9241619110107422
cifar10,edgegpu_latency,ga_only,92.31500244140625,1.9241619110107422
cifar10,edgegpu_latency,ga_only,92.31500244140625,1.9241619110107422
cifar10,edgegpu_latency,ga_only,92.31500244140625,1.9241619110107422
cifar10,edgegpu_latency,ga_only,92.31500244140625,1.9241619110107422
cifar10,edgegpu_latency,ga_only,92.31500244140625,1.9241619110107422
cifar10,edgegpu_latency,ga_only,92.31500244140625,1.9241619110107422
cifar10,edgegpu_latency,ga_only,92.31500244140625,1.9241619110107422
cifar10,edgegpu_latency,ga_only,92.31500244140625,1.9241619110107422
cifar10,edgegpu_latency,ga_only,92.31500244140625,1.9241619110107422
cifar10,edgegpu_latency,ga_only,92.50499725341797,1.9927978515625
cifar10,edgegpu_latency,ga_only,92.50499725341797,1.9927978515625
cifar10,edgegpu_latency,ga_only,92.50499725341797,1.9927978515625
cifar10,edgegpu_latency,ga_only,92.50499725341797,1.9927978515625
cifar10,edgegpu_latency,ga_only,92.50499725341797,1.9927978515625
cifar10,edgegpu_latency,ga_only,92.50499725341797,1.9927978515625
cifar10,edgegpu_latency,ga_only,92.50499725341797,1.9927978515625
cifar10,edgegpu_latency,ga_only,92.50499725341797,1.9927978515625
cifar10,edgegpu_latency,ga_only,92.50499725341797,1.9927978515625
cifar10,edgegpu_latency,ga_only,92.50499725341797,1.9927978515625
cifar10,edgegpu_latency,ga_only,92.50499725341797,1.9927978515625
cifar10,edgegpu_latency,ga_only,92.50499725341797,1.9927978515625
cifar10,edgegpu_latency,ga_only,92.50499725341797,1.9927978515625
cifar10,edgegpu_latency,ga_only,92.50499725341797,1.9927978515625
cifar10,edgegpu_latency,ga_only,92.50499725341797,1.9927978515625
cifar10,edgegpu_latency,ga_only,92.50499725341797,1.9927978515625
cifar10,edgegpu_latency,ga_only,92.50499725341797,1.9927978515625
cifar10,edgegpu_latency,ga_only,92.50499725341797,1.9927978515625
cifar10,edgegpu_latency,ga_only,92.50499725341797,1.9927978515625
cifar10,edgegpu_latency,ga_only,92.50499725341797,1.9927978515625
cifar10,edgegpu_latency,ga_only,92.50499725341797,1.9927978515625
cifar10,edgegpu_latency,ga_only,93.63999938964844,3.3071088790893555
cifar10,edgegpu_latency,ga_only,93.63999938964844,3.3071088790893555
cifar10,edgegpu_latency,ga_only,93.63999938964844,3.3071088790893555
cifar10,edgegpu_latency,ga_only,93.63999938964844,3.3071088790893555
cifar10,edgegpu_latency,ga_only,93.63999938964844,3.3071088790893555
cifar10,edgegpu_latency,ga_only,93.63999938964844,3.3071088790893555
cifar10,edgegpu_latency,ga_only,93.63999938964844,3.3071088790893555
cifar10,edgegpu_latency,ga_only,93.63999938964844,3.3071088790893555
cifar10,edgegpu_latency,ga_only,93.63999938964844,3.3071088790893555
cifar10,edgegpu_latency,ga_only,93.63999938964844,3.3071088790893555
cifar10,edgegpu_latency,ga_only,93.63999938964844,3.3071088790893555
cifar10,edgegpu_latency,ga_only,93.63999938964844,3.3071088790893555
cifar10,edgegpu_latency,ga_only,93.63999938964844,3.3071088790893555
cifar10,edgegpu_latency,ga_only,93.63999938964844,3.3071088790893555
cifar10,edgegpu_latency,ga_only,93.63999938964844,3.3071088790893555
cifar10,edgegpu_latency,ga_only,93.63999938964844,3.3071088790893555
cifar10,edgegpu_latency,ga_only,93.63999938964844,3.3071088790893555
cifar10,edgegpu_latency,ga_only,93.63999938964844,3.3071088790893555
cifar10,edgegpu_latency,ga_only,93.63999938964844,3.3071088790893555
cifar10,edgegpu_latency,ga_only,93.63999938964844,3.3071088790893555
cifar10,edgegpu_latency,ga_only,93.63999938964844,3.3071088790893555
cifar10,edgegpu_latency,ga_only,93.63999938964844,3.3071088790893555
cifar10,edgegpu_latency,ga_only,93.63999938964844,3.3071088790893555
cifar10,edgegpu_latency,ga_only,93.63999938964844,3.3071088790893555
cifar10,edgegpu_latency,ga_only,93.63999938964844,3.3071088790893555
cifar10,edgegpu_latency,ga_only,93.63999938964844,3.3071088790893555
cifar10,edgegpu_latency,ga_only,93.63999938964844,3.3071088790893555
cifar10,edgegpu_latency,ga_only,93.63999938964844,3.3071088790893555
cifar10,edgegpu_latency,ga_only,93.63999938964844,3.3071088790893555
cifar10,edgegpu_latency,ga_only,93.63999938964844,3.3071088790893555
cifar10,edgegpu_latency,ga_only,93.63999938964844,3.3071088790893555
cifar10,edgegpu_latency,ga_only,93.63999938964844,3.3071088790893555
cifar10,edgegpu_latency,ga_only,93.63999938964844,3.3071088790893555
cifar10,edgegpu_latency,ga_only,93.63999938964844,3.3071088790893555
cifar10,edgegpu_latency,ga_only,93.63999938964844,3.3071088790893555
cifar10,edgegpu_latency,ga_only,93.63999938964844,3.3071088790893555
cifar10,edgegpu_latency,ga_only,93.63999938964844,3.3071088790893555
cifar10,edgegpu_latency,ga_only,93.63999938964844,3.3071088790893555
cifar10,edgegpu_latency,ga_only,93.63999938964844,3.3071088790893555
cifar10,edgegpu_latency,ga_only,93.63999938964844,3.3071088790893555
cifar10,edgegpu_latency,ga_only,93.63999938964844,3.3071088790893555
cifar10,edgegpu_latency,ga_only,93.63999938964844,3.3071088790893555
cifar10,edgegpu_latency,ga_only,93.6449966430664,3.3310413360595703
cifar10,edgegpu_latency,ga_only,93.6449966430664,3.3310413360595703
cifar10,edgegpu_latency,ga_only,93.6449966430664,3.3310413360595703
cifar10,edgegpu_latency,ga_only,93.6449966430664,3.3310413360595703
cifar10,edgegpu_latency,ga_only,93.6449966430664,3.3310413360595703
cifar10,edgegpu_latency,ga_only,93.6449966430664,3.3310413360595703
cifar10,edgegpu_latency,ga_only,93.6449966430664,3.3310413360595703
cifar10,edgegpu_latency,ga_only,93.6449966430664,3.3310413360595703
cifar10,edgegpu_latency,ga_only,93.6449966430664,3.3310413360595703
cifar10,edgegpu_latency,ga_only,93.6449966430664,3.3310413360595703
cifar10,edgegpu_latency,ga_only,93.6449966430664,3.3310413360595703
cifar10,edgegpu_latency,ga_only,93.6449966430664,3.3310413360595703
cifar10,edgegpu_latency,ga_only,93.6449966430664,3.3310413360595703
cifar10,edgegpu_latency,ga_only,93.6449966430664,3.3310413360595703
cifar10,edgegpu_latency,ga_only,93.6449966430664,3.3310413360595703
cifar10,edgegpu_latency,ga_only,93.6449966430664,3.3310413360595703
cifar10,edgegpu_latency,ga_only,93.6449966430664,3.3310413360595703
cifar10,edgegpu_latency,ga_only,93.6449966430664,3.3310413360595703
cifar10,edgegpu_latency,ga_only,93.6449966430664,3.3310413360595703
cifar10,edgegpu_latency,ga_only,93.6449966430664,3.3310413360595703
cifar10,edgegpu_latency,ga_only,93.6449966430664,3.3310413360595703
cifar10,edgegpu_latency,ga_only,93.6449966430664,3.3310413360595703
cifar10,edgegpu_latency,ga_only,93.6449966430664,3.3310413360595703
cifar10,edgegpu_latency,ga_only,93.6449966430664,3.3310413360595703
cifar10,edgegpu_latency,ga_only,93.6449966430664,3.3310413360595703
cifar10,edgegpu_latency,ga_only,93.6449966430664,3.3310413360595703
cifar10,edgegpu_latency,ga_only,93.6449966430664,3.3310413360595703
cifar10,edgegpu_latency,ga_only,93.6449966430664,3.3310413360595703
cifar10,edgegpu_latency,ga_only,93.6449966430664,3.3310413360595703
cifar10,edgegpu_latency,ga_only,93.6449966430664,3.3310413360595703
cifar10,edgegpu_latency,ga_only,93.6449966430664,3.3310413360595703
cifar10,edgegpu_latency,ga_only,93.6449966430664,3.3310413360595703
cifar10,edgegpu_latency,ga_only,93.6449966430664,3.3310413360595703
cifar10,edgegpu_latency,ga_only,93.6449966430664,3.3310413360595703
cifar10,edgegpu_latency,ga_only,93.6449966430664,3.3310413360595703
cifar10,edgegpu_latency,ga_only,93.6449966430664,3.3310413360595703
cifar10,edgegpu_latency,ga_only,93.6449966430664,3.3310413360595703
cifar10,edgegpu_latency,ga_only,93.6449966430664,3.3310413360595703
cifar10,edgegpu_latency,ga_only,93.6449966430664,3.3310413360595703
cifar10,edgegpu_latency,ga_only,93.6449966430664,3.3310413360595703
cifar10,edgegpu_latency,ga_only,93.6449966430664,3.3310413360595703
cifar10,edgegpu_latency,ga_only,93.6449966430664,3.3310413360595703
cifar10,edgegpu_latency,ga_only,93.6449966430664,3.3310413360595703
cifar10,edgegpu_latency,ga_only,93.6449966430664,3.3310413360595703
cifar10,edgegpu_latency,ga_only,93.6449966430664,3.3310413360595703
cifar10,edgegpu_latency,ga_only,93.6449966430664,3.3310413360595703
cifar10,edgegpu_latency,ga_only,93.6449966430664,3.3310413360595703
cifar10,edgegpu_latency,ga_only,93.6449966430664,3.3310413360595703
cifar10,edgegpu_latency,ga_only,93.6449966430664,3.3310413360595703
cifar10,edgegpu_latency,ga_only,93.6449966430664,3.3310413360595703
cifar10,edgegpu_latency,ga_only,93.6449966430664,3.3310413360595703
cifar10,edgegpu_latency,ga_only,93.6449966430664,3.3310413360595703
cifar10,edgegpu_latency,ga_only,93.6449966430664,3.3310413360595703
cifar10,edgegpu_latency,ga_only,93.6449966430664,3.3310413360595703
cifar10,edgegpu_latency,ga_only,93.6449966430664,3.3310413360595703
cifar10,edgegpu_latency,ga_only,93.6449966430664,3.3310413360595703
cifar10,edgegpu_latency,ga_only,93.6449966430664,3.3310413360595703
cifar10,edgegpu_latency,ga_only,93.6449966430664,3.3310413360595703
cifar10,edgegpu_latency,ga_only,93.6449966430664,3.3310413360595703
cifar10,edgegpu_latency,ga_only,93.6449966430664,3.3310413360595703
cifar10,edgegpu_latency,ga_only,93.6449966430664,3.3310413360595703
cifar10,edgegpu_latency,ga_only,93.6449966430664,3.3310413360595703
cifar10,edgegpu_latency,ga_only,93.6449966430664,3.3310413360595703
cifar10,edgegpu_latency,ga_only,93.6449966430664,3.3310413360595703
cifar10,edgegpu_latency,ga_only,93.6449966430664,3.3310413360595703
cifar10,edgegpu_latency,ga_only,93.6449966430664,3.3310413360595703
cifar10,edgegpu_latency,ga_only,93.6449966430664,3.3310413360595703
cifar10,edgegpu_latency,ga_only,93.6449966430664,3.3310413360595703
cifar10,edgegpu_latency,ga_only,93.6449966430664,3.3310413360595703
cifar10,edgegpu_latency,ga_only,93.6449966430664,3.3310413360595703
cifar10,edgegpu_latency,ga_only,93.6449966430664,3.3310413360595703
cifar10,edgegpu_latency,ga_only,93.6449966430664,3.3310413360595703
cifar10,edgegpu_latency,ga_only,93.6449966430664,3.3310413360595703
cifar10,edgegpu_latency,ga_only,93.6449966430664,3.3310413360595703
cifar10,edgegpu_latency,ga_only,93.6449966430664,3.3310413360595703
cifar10,edgegpu_latency,ga_only,93.6449966430664,3.3310413360595703
cifar10,edgegpu_latency,ga_only,93.6449966430664,3.3310413360595703
cifar10,edgegpu_latency,ga_only,93.6449966430664,3.3310413360595703
cifar10,edgegpu_latency,ga_only,93.6449966430664,3.3310413360595703
cifar10,edgegpu_latency,ga_only,93.6449966430664,3.3310413360595703
cifar10,edgegpu_latency,ga_only,93.6449966430664,3.3310413360595703
cifar10,edgegpu_latency,ga_only,93.6449966430664,3.3310413360595703
cifar10,edgegpu_latency,ga_only,93.6449966430664,3.3310413360595703
cifar10,edgegpu_latency,ga_only,93.6449966430664,3.3310413360595703
cifar10,edgegpu_latency,ga_only,93.6449966430664,3.3310413360595703
cifar10,edgegpu_latency,ga_only,93.6449966430664,3.3310413360595703
cifar10,edgegpu_latency,ga_only,93.6449966430664,3.3310413360595703
cifar10,edgegpu_latency,ga_only,93.6449966430664,3.3310413360595703
cifar10,edgegpu_latency,ga_only,93.6449966430664,3.3310413360595703
cifar10,edgegpu_latency,ga_only,93.6449966430664,3.3310413360595703
cifar10,edgegpu_latency,ga_only,93.6449966430664,3.3310413360595703
cifar10,edgegpu_latency,ga_only,93.6449966430664,3.3310413360595703
cifar10,edgegpu_latency,ga_only,93.6449966430664,3.3310413360595703
cifar10,edgegpu_latency,ga_only,93.6449966430664,3.3310413360595703
cifar10,edgegpu_latency,ga_only,93.6449966430664,3.3310413360595703
cifar10,edgegpu_latency,ga_only,93.6449966430664,3.3310413360595703
cifar10,edgegpu_latency,ga_only,93.6449966430664,3.3310413360595703
cifar10,edgegpu_latency,ga_only,93.6449966430664,3.3310413360595703
cifar10,edgegpu_latency,ga_only,93.6449966430664,3.3310413360595703
cifar10,edgegpu_latency,ga_only,93.6449966430664,3.3310413360595703
cifar10,edgegpu_latency,ga_only,93.6449966430664,3.3310413360595703
cifar10,edgegpu_latency,ga_only,93.6449966430664,3.3310413360595703
cifar10,edgegpu_latency,ga_only,93.6449966430664,3.3310413360595703
cifar10,edgegpu_latency,ga_only,93.6449966430664,3.3310413360595703
cifar10,edgegpu_latency,ga_only,93.6449966430664,3.3310413360595703
cifar10,edgegpu_latency,ga_only,93.6449966430664,3.3310413360595703
cifar10,edgegpu_latency,ga_only,93.6449966430664,3.3310413360595703
cifar10,edgegpu_latency,ga_only,93.6449966430664,3.3310413360595703
cifar10,edgegpu_latency,ga_only,93.6449966430664,3.3310413360595703
cifar10,edgegpu_latency,ga_only,93.6449966430664,3.3310413360595703
cifar10,edgegpu_latency,ga_only,93.6449966430664,3.3310413360595703
cifar10,edgegpu_latency,ga_only,93.6449966430664,3.3310413360595703
cifar10,edgegpu_latency,ga_only,93.6449966430664,3.3310413360595703
cifar10,edgegpu_latency,ga_only,93.6449966430664,3.3310413360595703
cifar10,edgegpu_latency,ga_only,93.6449966430664,3.3310413360595703
cifar10,edgegpu_latency,ga_only,93.6449966430664,3.3310413360595703
cifar10,edgegpu_latency,ga_only,93.6449966430664,3.3310413360595703
cifar10,edgegpu_latency,ga_only,93.6449966430664,3.3310413360595703
cifar10,edgegpu_latency,ga_only,93.6449966430664,3.3310413360595703
cifar10,edgegpu_latency,ga_only,93.6449966430664,3.3310413360595703
cifar10,edgegpu_latency,ga_only,93.6449966430664,3.3310413360595703
cifar10,edgegpu_latency,ga_only,93.6449966430664,3.3310413360595703
cifar10,edgegpu_latency,ga_only,93.6449966430664,3.3310413360595703
cifar10,edgegpu_latency,ga_only,93.6449966430664,3.3310413360595703
cifar10,edgegpu_latency,ga_only,93.6449966430664,3.3310413360595703
cifar10,edgegpu_latency,ga_only,93.6449966430664,3.3310413360595703
cifar10,edgegpu_latency,ga_only,93.6449966430664,3.3310413360595703
cifar10,edgegpu_latency,ga_only,93.6449966430664,3.3310413360595703
cifar10,edgegpu_latency,ga_only,93.6449966430664,3.3310413360595703
cifar10,edgegpu_latency,ga_only,93.6449966430664,3.3310413360595703
cifar10,edgegpu_latency,ga_only,93.6449966430664,3.3310413360595703
cifar10,edgegpu_latency,ga_only,93.6449966430664,3.3310413360595703
cifar10,edgegpu_latency,ga_only,93.6449966430664,3.3310413360595703
cifar10,edgegpu_latency,ga_only,93.6449966430664,3.3310413360595703
cifar10,edgegpu_latency,ga_only,93.6449966430664,3.3310413360595703
cifar10,edgegpu_latency,ga_only,93.6449966430664,3.3310413360595703
cifar10,edgegpu_latency,ga_only,93.6449966430664,3.3310413360595703
cifar10,edgegpu_latency,ga_only,93.6449966430664,3.3310413360595703
cifar10,edgegpu_latency,ga_only,93.6449966430664,3.3310413360595703
cifar10,edgegpu_latency,ga_only,93.6449966430664,3.3310413360595703
cifar10,edgegpu_latency,ga_only,93.6449966430664,3.3310413360595703
cifar10,edgegpu_latency,ga_only,93.6449966430664,3.3310413360595703
cifar10,edgegpu_latency,ga_only,93.6449966430664,3.3310413360595703
cifar10,edgegpu_latency,ga_only,93.6449966430664,3.3310413360595703
cifar10,edgegpu_latency,ga_only,93.6449966430664,3.3310413360595703
cifar10,edgegpu_latency,ga_only,93.6449966430664,3.3310413360595703
cifar10,edgegpu_latency,ga_only,93.6449966430664,3.3310413360595703
cifar10,edgegpu_latency,ga_only,93.6449966430664,3.3310413360595703
cifar10,edgegpu_latency,ga_only,93.6449966430664,3.3310413360595703
cifar10,edgegpu_latency,ga_only,93.6449966430664,3.3310413360595703
cifar10,edgegpu_latency,ga_only,93.6449966430664,3.3310413360595703
cifar10,edgegpu_latency,ga_only,93.6449966430664,3.3310413360595703
cifar10,edgegpu_latency,ga_only,93.6449966430664,3.3310413360595703
cifar10,edgegpu_latency,ga_only,93.6449966430664,3.3310413360595703
cifar10,edgegpu_latency,ga_only,93.6449966430664,3.3310413360595703
cifar10,edgegpu_latency,ga_only,93.66666412353516,3.3311939239501953
cifar10,edgegpu_latency,ga_only,93.66666412353516,3.3311939239501953
cifar10,edgegpu_latency,ga_only,93.66666412353516,3.3311939239501953
cifar10,edgegpu_latency,ga_only,93.66666412353516,3.3311939239501953
cifar10,edgegpu_latency,ga_only,93.66666412353516,3.3311939239501953
cifar10,edgegpu_latency,ga_only,93.66666412353516,3.3311939239501953
cifar10,edgegpu_latency,ga_only,93.66666412353516,3.3311939239501953
cifar10,edgegpu_latency,ga_only,93.66666412353516,3.3311939239501953
cifar10,edgegpu_latency,ga_only,93.66666412353516,3.3311939239501953
cifar10,edgegpu_latency,ga_only,93.66666412353516,3.3311939239501953
cifar10,edgegpu_latency,ga_only,93.66666412353516,3.3311939239501953
cifar10,edgegpu_latency,ga_only,93.66666412353516,3.3311939239501953
cifar10,edgegpu_latency,ga_only,93.66666412353516,3.3311939239501953
cifar10,edgegpu_latency,ga_only,93.66666412353516,3.3311939239501953
cifar10,edgegpu_latency,ga_only,93.66666412353516,3.3311939239501953
cifar10,edgegpu_latency,ga_only,93.66666412353516,3.3311939239501953
cifar10,edgegpu_latency,ga_only,93.66666412353516,3.3311939239501953
cifar10,edgegpu_latency,ga_only,93.66666412353516,3.3311939239501953
cifar10,edgegpu_latency,ga_only,93.66666412353516,3.3311939239501953
cifar10,edgegpu_latency,ga_only,93.66666412353516,3.3311939239501953
cifar10,edgegpu_latency,ga_only,93.66666412353516,3.3311939239501953
cifar10,edgegpu_latency,ga_only,93.66666412353516,3.3311939239501953
cifar10,edgegpu_latency,ga_only,93.66666412353516,3.3311939239501953
cifar10,edgegpu_latency,ga_only,93.66666412353516,3.3311939239501953
cifar10,edgegpu_latency,ga_only,93.66666412353516,3.3311939239501953
cifar10,edgegpu_latency,ga_only,93.66666412353516,3.3311939239501953
cifar10,edgegpu_latency,ga_only,93.66666412353516,3.3311939239501953
cifar10,edgegpu_latency,ga_only,93.66666412353516,3.3311939239501953
cifar10,edgegpu_latency,ga_only,93.66666412353516,3.3311939239501953
cifar10,edgegpu_latency,ga_only,93.66666412353516,3.3311939239501953
cifar10,edgegpu_latency,ga_only,93.66666412353516,3.3311939239501953
cifar10,edgegpu_latency,ga_only,93.66666412353516,3.3311939239501953
cifar10,edgegpu_latency,ga_only,93.66666412353516,3.3311939239501953
cifar10,edgegpu_latency,ga_only,93.66666412353516,3.3311939239501953
cifar10,edgegpu_latency,ga_only,93.66666412353516,3.3311939239501953
cifar10,edgegpu_latency,ga_only,93.74500274658203,3.3506250381469727
cifar10,edgegpu_latency,ga_only,93.74500274658203,3.3506250381469727
cifar10,edgegpu_latency,ga_only,93.74500274658203,3.3506250381469727
cifar10,edgegpu_latency,ga_only,93.74500274658203,3.3506250381469727
cifar10,edgegpu_latency,ga_only,93.74500274658203,3.3506250381469727
cifar10,edgegpu_latency,ga_only,93.74500274658203,3.3506250381469727
cifar10,edgegpu_latency,ga_only,93.74500274658203,3.3506250381469727
cifar10,edgegpu_latency,ga_only,93.74500274658203,3.3506250381469727
cifar10,edgegpu_latency,ga_only,93.74500274658203,3.3506250381469727
cifar10,edgegpu_latency,ga_only,93.74500274658203,3.3506250381469727
cifar10,edgegpu_latency,ga_only,93.74500274658203,3.3506250381469727
cifar10,edgegpu_latency,ga_only,93.74500274658203,3.3506250381469727
cifar10,edgegpu_latency,ga_only,93.74500274658203,3.3506250381469727
cifar10,edgegpu_latency,ga_only,93.74500274658203,3.3506250381469727
cifar10,edgegpu_latency,ga_only,93.74500274658203,3.3506250381469727
cifar10,edgegpu_latency,ga_only,93.74500274658203,3.3506250381469727
cifar10,edgegpu_latency,ga_only,93.74500274658203,3.3506250381469727
cifar10,edgegpu_latency,ga_only,93.74500274658203,3.3506250381469727
cifar10,edgegpu_latency,ga_only,93.74500274658203,3.3506250381469727
cifar10,edgegpu_latency,ga_only,93.74500274658203,3.3506250381469727
cifar10,edgegpu_latency,ga_only,93.74500274658203,3.3506250381469727
cifar10,edgegpu_latency,ga_only,93.74500274658203,3.3506250381469727
cifar10,edgegpu_latency,ga_only,93.74500274658203,3.3506250381469727
cifar10,edgegpu_latency,ga_only,93.74500274658203,3.3506250381469727
cifar10,edgegpu_latency,ga_only,93.74500274658203,3.3506250381469727
cifar10,edgegpu_latency,ga_only,93.74500274658203,3.3506250381469727
cifar10,edgegpu_latency,ga_only,93.74500274658203,3.3506250381469727
cifar10,edgegpu_latency,ga_only,93.74500274658203,3.3506250381469727
cifar10,edgegpu_latency,ga_only,93.74500274658203,3.3506250381469727
cifar10,edgegpu_latency,ga_only,93.74500274658203,3.3506250381469727
cifar10,edgegpu_latency,ga_only,93.74500274658203,3.3506250381469727
cifar10,edgegpu_latency,ga_only,93.74500274658203,3.3506250381469727
cifar10,edgegpu_latency,ga_only,93.74500274658203,3.3506250381469727
cifar10,edgegpu_latency,ga_only,93.74500274658203,3.3506250381469727
cifar10,edgegpu_latency,ga_only,93.74500274658203,3.3506250381469727
cifar10,edgegpu_latency,ga_only,93.74500274658203,3.3506250381469727
cifar10,edgegpu_latency,ga_only,93.74500274658203,3.3506250381469727
cifar10,edgegpu_latency,ga_only,93.74500274658203,3.3506250381469727
cifar10,edgegpu_latency,ga_only,93.74500274658203,3.3506250381469727
cifar10,edgegpu_latency,ga_only,93.74500274658203,3.3506250381469727
cifar10,edgegpu_latency,ga_only,93.74500274658203,3.3506250381469727
cifar10,edgegpu_latency,ga_only,93.74500274658203,3.3506250381469727
cifar10,edgegpu_latency,ga_only,93.74500274658203,3.3506250381469727
cifar10,edgegpu_latency,ga_only,93.74500274658203,3.3506250381469727
cifar10,edgegpu_latency,ga_only,93.74500274658203,3.3506250381469727
cifar10,edgegpu_latency,ga_only,93.74500274658203,3.3506250381469727
cifar10,edgegpu_latency,ga_only,93.74500274658203,3.3506250381469727
cifar10,edgegpu_latency,ga_only,93.74500274658203,3.3506250381469727
cifar10,edgegpu_latency,ga_only,93.74500274658203,3.3506250381469727
cifar10,edgegpu_latency,ga_only,93.74500274658203,3.3506250381469727
cifar10,edgegpu_latency,ga_only,93.74500274658203,3.3506250381469727
cifar10,edgegpu_latency,ga_only,93.74500274658203,3.3506250381469727
cifar10,edgegpu_latency,ga_only,93.74500274658203,3.3506250381469727
cifar10,edgegpu_latency,ga_only,93.74500274658203,3.3506250381469727
cifar10,edgegpu_latency,ga_only,93.74500274658203,3.3506250381469727
cifar10,edgegpu_latency,ga_only,93.74500274658203,3.3506250381469727
cifar10,edgegpu_latency,ga_only,93.74500274658203,3.3506250381469727
cifar10,edgegpu_latency,ga_only,93.74500274658203,3.3506250381469727
cifar10,edgegpu_latency,ga_only,93.74500274658203,3.3506250381469727
cifar10,edgegpu_latency,ga_only,93.74500274658203,3.3506250381469727
cifar10,edgegpu_latency,ga_only,93.74500274658203,3.3506250381469727
cifar10,edgegpu_latency,ga_only,93.74500274658203,3.3506250381469727
cifar10,edgegpu_latency,ga_only,93.74500274658203,3.3506250381469727
cifar10,edgegpu_latency,ga_only,93.74500274658203,3.3506250381469727
cifar10,edgegpu_latency,ga_only,93.74500274658203,3.3506250381469727
cifar10,edgegpu_latency,ga_only,93.74500274658203,3.3506250381469727
cifar10,edgegpu_latency,ga_only,93.74500274658203,3.3506250381469727
cifar10,edgegpu_latency,ga_only,93.74500274658203,3.3506250381469727
cifar10,edgegpu_latency,ga_only,93.74500274658203,3.3506250381469727
cifar10,edgegpu_latency,ga_only,93.74500274658203,3.3506250381469727
cifar10,edgegpu_latency,ga_only,93.74500274658203,3.3506250381469727
cifar10,edgegpu_latency,ga_only,93.74500274658203,3.3506250381469727
cifar10,edgegpu_latency,ga_only,93.74500274658203,3.3506250381469727
cifar10,edgegpu_latency,ga_only,93.74500274658203,3.3506250381469727
cifar10,edgegpu_latency,ga_only,93.74500274658203,3.3506250381469727
cifar10,edgegpu_latency,ga_only,93.74500274658203,3.3506250381469727
cifar10,edgegpu_latency,ga_only,93.74500274658203,3.3506250381469727
cifar10,edgegpu_latency,ga_only,93.74500274658203,3.3506250381469727
cifar10,edgegpu_latency,ga_only,93.74500274658203,3.3506250381469727
cifar10,edgegpu_latency,ga_only,93.74500274658203,3.3506250381469727
cifar10,edgegpu_latency,ga_only,93.74500274658203,3.3506250381469727
cifar10,edgegpu_latency,ga_only,93.74500274658203,3.3506250381469727
cifar10,edgegpu_latency,ga_only,93.74500274658203,3.3506250381469727
cifar10,edgegpu_latency,ga_only,93.74500274658203,3.3506250381469727
cifar10,edgegpu_latency,ga_only,93.74500274658203,3.3506250381469727
cifar10,edgegpu_latency,ga_only,93.74500274658203,3.3506250381469727
cifar10,edgegpu_latency,ga_only,93.74500274658203,3.3506250381469727
cifar10,edgegpu_latency,ga_only,93.74500274658203,3.3506250381469727
cifar10,edgegpu_latency,ga_only,93.74500274658203,3.3506250381469727
cifar10,edgegpu_latency,ga_only,93.74500274658203,3.3506250381469727
cifar10,edgegpu_latency,ga_only,93.74500274658203,3.3506250381469727
cifar10,edgegpu_latency,ga_only,93.74500274658203,3.3506250381469727
cifar10,edgegpu_latency,ga_only,93.74500274658203,3.3506250381469727
cifar10,edgegpu_latency,ga_only,93.74500274658203,3.3506250381469727
cifar10,edgegpu_latency,ga_only,93.74500274658203,3.3506250381469727
cifar10,edgegpu_latency,ga_only,93.74500274658203,3.3506250381469727
cifar10,edgegpu_latency,ga_only,93.74500274658203,3.3506250381469727
cifar10,edgegpu_latency,ga_only,93.74500274658203,3.3506250381469727
cifar10,edgegpu_latency,ga_only,93.74500274658203,3.3506250381469727
cifar10,edgegpu_latency,ga_only,93.74500274658203,3.3506250381469727
cifar10,edgegpu_latency,ga_only,93.74500274658203,3.3506250381469727
cifar10,edgegpu_latency,ga_only,93.74500274658203,3.3506250381469727
cifar10,edgegpu_latency,ga_only,93.74500274658203,3.3506250381469727
cifar10,edgegpu_latency,ga_only,93.74500274658203,3.3506250381469727
cifar10,edgegpu_latency,ga_only,93.74500274658203,3.3506250381469727
cifar10,edgegpu_latency,ga_only,93.74500274658203,3.3506250381469727
cifar10,edgegpu_latency,ga_only,93.74500274658203,3.3506250381469727
cifar10,edgegpu_latency,ga_only,93.74500274658203,3.3506250381469727
cifar10,edgegpu_latency,ga_only,93.74500274658203,3.3506250381469727
cifar10,edgegpu_latency,ga_only,93.74500274658203,3.3506250381469727
cifar10,edgegpu_latency,ga_only,93.74500274658203,3.3506250381469727
cifar10,edgegpu_latency,ga_only,93.74500274658203,3.3506250381469727
cifar10,edgegpu_latency,ga_only,93.74500274658203,3.3506250381469727
cifar10,edgegpu_latency,ga_only,93.74500274658203,3.3506250381469727
cifar10,edgegpu_latency,ga_only,93.74500274658203,3.3506250381469727
cifar10,edgegpu_latency,ga_only,93.74500274658203,3.3506250381469727
cifar10,edgegpu_latency,ga_only,93.74500274658203,3.3506250381469727
cifar10,edgegpu_latency,ga_only,93.74500274658203,3.3506250381469727
cifar10,edgegpu_latency,ga_only,93.74500274658203,3.3506250381469727
cifar10,edgegpu_latency,ga_only,93.74500274658203,3.3506250381469727
cifar10,edgegpu_latency,ga_only,93.74500274658203,3.3506250381469727
cifar10,edgegpu_latency,ga_only,93.74500274658203,3.3506250381469727
cifar10,edgegpu_latency,ga_only,93.74500274658203,3.3506250381469727
cifar10,edgegpu_latency,ga_only,93.74500274658203,3.3506250381469727
cifar10,edgegpu_latency,ga_only,93.74500274658203,3.3506250381469727
cifar10,edgegpu_latency,ga_only,93.74500274658203,3.3506250381469727
cifar10,edgegpu_latency,ga_only,93.74500274658203,3.3506250381469727
cifar10,edgegpu_latency,ga_only,93.74500274658203,3.3506250381469727
cifar10,edgegpu_latency,ga_only,93.74500274658203,3.3506250381469727
cifar10,edgegpu_latency,ga_only,93.74500274658203,3.3506250381469727
cifar10,edgegpu_latency,ga_only,93.74500274658203,3.3506250381469727
cifar10,edgegpu_latency,ga_only,93.74500274658203,3.3506250381469727
cifar10,edgegpu_latency,ga_only,93.74500274658203,3.3506250381469727
cifar10,edgegpu_latency,ga_only,93.74500274658203,3.3506250381469727
cifar10,edgegpu_latency,ga_only,93.74500274658203,3.3506250381469727
cifar10,edgegpu_latency,ga_only,93.74500274658203,3.3506250381469727
cifar10,edgegpu_latency,ga_only,93.74500274658203,3.3506250381469727
cifar10,edgegpu_latency,ga_only,93.74500274658203,3.3506250381469727
cifar10,edgegpu_latency,ga_only,93.74500274658203,3.3506250381469727
cifar10,edgegpu_latency,ga_only,93.74500274658203,3.3506250381469727
cifar10,edgegpu_latency,ga_only,93.74500274658203,3.3506250381469727
cifar10,edgegpu_latency,ga_only,93.74500274658203,3.3506250381469727
cifar10,edgegpu_latency,ga_only,93.74500274658203,3.3506250381469727
cifar10,edgegpu_latency,ga_only,93.74500274658203,3.3506250381469727
cifar10,edgegpu_latency,ga_only,93.74500274658203,3.3506250381469727
cifar10,edgegpu_latency,ga_only,93.74500274658203,3.3506250381469727
cifar10,edgegpu_latency,ga_only,93.74500274658203,3.3506250381469727
cifar10,edgegpu_latency,ga_only,93.74500274658203,3.3506250381469727
cifar10,edgegpu_latency,ga_only,93.74500274658203,3.3506250381469727
cifar10,edgegpu_latency,ga_only,93.74500274658203,3.3506250381469727
cifar10,edgegpu_latency,ga_only,93.74500274658203,3.3506250381469727
cifar10,edgegpu_latency,ga_only,93.74500274658203,3.3506250381469727
cifar10,edgegpu_latency,ga_only,93.74500274658203,3.3506250381469727
cifar10,edgegpu_latency,ga_only,93.74500274658203,3.3506250381469727
cifar10,edgegpu_latency,ga_only,93.74500274658203,3.3506250381469727
cifar10,edgegpu_latency,ga_only,93.74500274658203,3.3506250381469727
cifar10,edgegpu_latency,ga_only,93.74500274658203,3.3506250381469727
cifar10,edgegpu_latency,ga_only,93.74500274658203,3.3506250381469727
cifar10,edgegpu_latency,ga_only,93.74500274658203,3.3506250381469727
cifar10,edgegpu_latency,ga_only,93.74500274658203,3.3506250381469727
cifar10,edgegpu_latency,ga_only,93.75499725341797,3.354015350341797
cifar10,edgegpu_latency,ga_only,93.75499725341797,3.354015350341797
cifar10,edgegpu_latency,ga_only,93.75499725341797,3.354015350341797
cifar10,edgegpu_latency,ga_only,93.75499725341797,3.354015350341797
cifar10,edgegpu_latency,ga_only,93.75499725341797,3.354015350341797
cifar10,edgegpu_latency,ga_only,93.75499725341797,3.354015350341797
cifar10,edgegpu_latency,ga_only,93.75499725341797,3.354015350341797
cifar10,edgegpu_latency,ga_only,93.75499725341797,3.354015350341797
cifar10,edgegpu_latency,ga_only,93.75499725341797,3.354015350341797
cifar10,edgegpu_latency,ga_only,93.75499725341797,3.354015350341797
cifar10,edgegpu_latency,ga_only,93.75499725341797,3.354015350341797
cifar10,edgegpu_latency,ga_only,93.75499725341797,3.354015350341797
cifar10,edgegpu_latency,ga_only,93.75499725341797,3.354015350341797
cifar10,edgegpu_latency,ga_only,93.75499725341797,3.354015350341797
cifar10,edgegpu_latency,ga_only,93.75499725341797,3.354015350341797
cifar10,edgegpu_latency,ga_only,93.75499725341797,3.354015350341797
cifar10,edgegpu_latency,ga_only,93.75499725341797,3.354015350341797
cifar10,edgegpu_latency,ga_only,93.75499725341797,3.354015350341797
cifar10,edgegpu_latency,ga_only,93.75499725341797,3.354015350341797
cifar10,edgegpu_latency,ga_only,93.75499725341797,3.354015350341797
cifar10,edgegpu_latency,ga_only,93.75499725341797,3.354015350341797
cifar10,edgegpu_latency,ga_only,93.75499725341797,3.354015350341797
cifar10,edgegpu_latency,ga_only,93.75499725341797,3.354015350341797
cifar10,edgegpu_latency,ga_only,93.75499725341797,3.354015350341797
cifar10,edgegpu_latency,ga_only,93.75499725341797,3.354015350341797
cifar10,edgegpu_latency,ga_only,93.75499725341797,3.354015350341797
cifar10,edgegpu_latency,ga_only,93.75499725341797,3.354015350341797
cifar10,edgegpu_latency,ga_only,93.75499725341797,3.354015350341797
cifar10,edgegpu_latency,ga_only,93.75499725341797,3.354015350341797
cifar10,edgegpu_latency,ga_only,93.75499725341797,3.354015350341797
cifar10,edgegpu_latency,ga_only,93.75499725341797,3.354015350341797
cifar10,edgegpu_latency,ga_only,93.75499725341797,3.354015350341797
cifar10,edgegpu_latency,ga_only,93.75499725341797,3.354015350341797
cifar10,edgegpu_latency,ga_only,93.75499725341797,3.354015350341797
cifar10,edgegpu_latency,ga_only,93.75499725341797,3.354015350341797
cifar10,edgegpu_latency,ga_only,93.75499725341797,3.354015350341797
cifar10,edgegpu_latency,ga_only,93.75499725341797,3.354015350341797
cifar10,edgegpu_latency,ga_only,93.75499725341797,3.354015350341797
cifar10,edgegpu_latency,ga_only,93.75499725341797,3.354015350341797
cifar10,edgegpu_latency,ga_only,93.75499725341797,3.354015350341797
cifar10,edgegpu_latency,ga_only,93.75499725341797,3.354015350341797
cifar10,edgegpu_latency,ga_only,93.75499725341797,3.354015350341797
cifar10,edgegpu_latency,ga_only,93.75499725341797,3.354015350341797
cifar10,edgegpu_latency,ga_only,93.75499725341797,3.354015350341797
cifar10,edgegpu_latency,ga_only,93.75499725341797,3.354015350341797
cifar10,edgegpu_latency,ga_only,93.75499725341797,3.354015350341797
cifar10,edgegpu_latency,ga_only,93.75499725341797,3.354015350341797
cifar10,edgegpu_latency,ga_only,93.75499725341797,3.354015350341797
cifar10,edgegpu_latency,ga_only,93.75499725341797,3.354015350341797
cifar10,edgegpu_latency,ga_only,93.75499725341797,3.354015350341797
cifar10,edgegpu_latency,ga_only,93.75499725341797,3.354015350341797
cifar10,edgegpu_latency,ga_only,93.75499725341797,3.354015350341797
cifar10,edgegpu_latency,ga_only,93.75499725341797,3.354015350341797
cifar10,edgegpu_latency,ga_only,93.75499725341797,3.354015350341797
cifar10,edgegpu_latency,ga_only,93.75499725341797,3.354015350341797
cifar10,edgegpu_latency,ga_only,93.75499725341797,3.354015350341797
cifar10,edgegpu_latency,ga_only,93.75499725341797,3.354015350341797
cifar10,edgegpu_latency,ga_only,93.75499725341797,3.354015350341797
cifar10,edgegpu_latency,ga_only,93.75499725341797,3.354015350341797
cifar10,edgegpu_latency,ga_only,93.75499725341797,3.354015350341797
cifar10,edgegpu_latency,ga_only,93.75499725341797,3.354015350341797
cifar10,edgegpu_latency,ga_only,93.75499725341797,3.354015350341797
cifar10,edgegpu_latency,ga_only,93.75499725341797,3.354015350341797
cifar10,edgegpu_latency,ga_only,93.75499725341797,3.354015350341797
cifar10,edgegpu_latency,ga_only,93.75499725341797,3.354015350341797
cifar10,edgegpu_latency,ga_only,93.75499725341797,3.354015350341797
cifar10,edgegpu_latency,ga_only,93.75499725341797,3.354015350341797
cifar10,edgegpu_latency,ga_only,93.75499725341797,3.354015350341797
cifar10,edgegpu_latency,ga_only,93.75499725341797,3.354015350341797
cifar10,edgegpu_latency,ga_only,93.75499725341797,3.354015350341797
cifar10,edgegpu_latency,ga_only,93.75499725341797,3.354015350341797
cifar10,edgegpu_latency,ga_only,93.75499725341797,3.354015350341797
cifar10,edgegpu_latency,ga_only,93.75499725341797,3.354015350341797
cifar10,edgegpu_latency,ga_only,93.75499725341797,3.354015350341797
cifar10,edgegpu_latency,ga_only,93.75499725341797,3.354015350341797
cifar10,edgegpu_latency,ga_only,93.75499725341797,3.354015350341797
cifar10,edgegpu_latency,ga_only,93.75499725341797,3.354015350341797
cifar10,edgegpu_latency,ga_only,93.75499725341797,3.354015350341797
cifar10,edgegpu_latency,ga_only,93.75499725341797,3.354015350341797
cifar10,edgegpu_latency,ga_only,93.75499725341797,3.354015350341797
cifar10,edgegpu_latency,ga_only,93.75499725341797,3.354015350341797
cifar10,edgegpu_latency,ga_only,93.75499725341797,3.354015350341797
cifar10,edgegpu_latency,ga_only,93.75499725341797,3.354015350341797
cifar10,edgegpu_latency,ga_only,93.75499725341797,3.354015350341797
cifar10,edgegpu_latency,ga_only,93.75499725341797,3.354015350341797
cifar10,edgegpu_latency,ga_only,93.75499725341797,3.354015350341797
cifar10,edgegpu_latency,ga_only,93.75499725341797,3.354015350341797
cifar10,edgegpu_latency,ga_only,93.75499725341797,3.354015350341797
cifar10,edgegpu_latency,ga_only,93.75499725341797,3.354015350341797
cifar10,edgegpu_latency,ga_only,93.75499725341797,3.354015350341797
cifar10,edgegpu_latency,ga_only,93.75499725341797,3.354015350341797
cifar10,edgegpu_latency,ga_only,93.75499725341797,3.354015350341797
cifar10,edgegpu_latency,ga_only,93.75499725341797,3.354015350341797
cifar10,edgegpu_latency,ga_only,93.75499725341797,3.354015350341797
cifar10,edgegpu_latency,ga_only,93.75499725341797,3.354015350341797
cifar10,edgegpu_latency,ga_only,93.75499725341797,3.354015350341797
cifar10,edgegpu_latency,ga_only,93.75499725341797,3.354015350341797
cifar10,edgegpu_latency,ga_only,93.75499725341797,3.354015350341797
cifar10,edgegpu_latency,ga_only,93.75499725341797,3.354015350341797
cifar10,edgegpu_latency,ga_only,93.75499725341797,3.354015350341797
cifar10,edgegpu_latency,ga_only,93.75499725341797,3.354015350341797
cifar10,edgegpu_latency,ga_only,93.75499725341797,3.354015350341797
cifar10,edgegpu_latency,ga_only,93.75499725341797,3.354015350341797
cifar10,edgegpu_latency,ga_only,93.75499725341797,3.354015350341797
cifar10,edgegpu_latency,ga_only,93.75499725341797,3.354015350341797
cifar10,edgegpu_latency,ga_only,93.75499725341797,3.354015350341797
cifar10,edgegpu_latency,ga_only,93.75499725341797,3.354015350341797
cifar10,edgegpu_latency,ga_only,93.75499725341797,3.354015350341797
cifar10,edgegpu_latency,ga_only,93.75499725341797,3.354015350341797
cifar10,edgegpu_latency,ga_only,93.75499725341797,3.354015350341797
cifar10,edgegpu_latency,ga_only,93.75499725341797,3.354015350341797
cifar10,edgegpu_latency,ga_only,93.75499725341797,3.354015350341797
cifar10,edgegpu_latency,ga_only,93.75499725341797,3.354015350341797
cifar10,edgegpu_latency,ga_only,93.75499725341797,3.354015350341797
cifar10,edgegpu_latency,ga_only,93.75499725341797,3.354015350341797
cifar10,edgegpu_latency,ga_only,93.75499725341797,3.354015350341797
cifar10,edgegpu_latency,ga_only,93.75499725341797,3.354015350341797
cifar10,edgegpu_latency,ga_only,93.75499725341797,3.354015350341797
cifar10,edgegpu_latency,ga_only,93.75499725341797,3.354015350341797
cifar10,edgegpu_latency,ga_only,93.75499725341797,3.354015350341797
cifar10,edgegpu_latency,ga_only,93.75499725341797,3.354015350341797
cifar10,edgegpu_latency,ga_only,93.75499725341797,3.354015350341797
cifar10,edgegpu_latency,ga_only,93.75499725341797,3.354015350341797
cifar10,edgegpu_latency,ga_only,93.75499725341797,3.354015350341797
cifar10,edgegpu_latency,ga_only,93.75499725341797,3.354015350341797
cifar10,edgegpu_latency,ga_only,93.75499725341797,3.354015350341797
cifar10,edgegpu_latency,ga_only,93.75499725341797,3.354015350341797
cifar10,edgegpu_latency,ga_only,93.75499725341797,3.354015350341797
cifar10,edgegpu_latency,ga_only,93.75499725341797,3.354015350341797
cifar10,edgegpu_latency,ga_only,93.75499725341797,3.354015350341797
cifar10,edgegpu_latency,ga_only,93.75499725341797,3.354015350341797
cifar10,edgegpu_latency,ga_only,93.75499725341797,3.354015350341797
cifar10,edgegpu_latency,ga_only,93.75499725341797,3.354015350341797
cifar10,edgegpu_latency,ga_only,93.75499725341797,3.354015350341797
cifar10,edgegpu_latency,ga_only,93.75499725341797,3.354015350341797
cifar10,edgegpu_latency,ga_only,93.75499725341797,3.354015350341797
cifar10,edgegpu_latency,ga_only,93.75499725341797,3.354015350341797
cifar10,edgegpu_latency,ga_only,93.75499725341797,3.354015350341797
cifar10,edgegpu_latency,ga_only,93.75499725341797,3.354015350341797
cifar10,edgegpu_latency,ga_only,93.75499725341797,3.354015350341797
cifar10,edgegpu_latency,ga_only,93.75499725341797,3.354015350341797
cifar10,edgegpu_latency,ga_only,93.75499725341797,3.354015350341797
cifar10,edgegpu_latency,ga_only,93.75499725341797,3.354015350341797
cifar10,edgegpu_latency,ga_only,93.75499725341797,3.354015350341797
cifar10,edgegpu_latency,ga_only,93.75499725341797,3.354015350341797
cifar10,edgegpu_latency,ga_only,93.75499725341797,3.354015350341797
cifar10,edgegpu_latency,ga_only,93.75499725341797,3.354015350341797
cifar10,edgegpu_latency,ga_only,93.75499725341797,3.354015350341797
cifar10,edgegpu_latency,ga_only,93.75499725341797,3.354015350341797
cifar10,edgegpu_latency,ga_only,93.75499725341797,3.354015350341797
cifar10,edgegpu_latency,ga_only,93.75499725341797,3.354015350341797
cifar10,edgegpu_latency,ga_only,93.75499725341797,3.354015350341797
cifar10,edgegpu_latency,ga_only,93.75499725341797,3.354015350341797
cifar10,edgegpu_latency,ga_only,93.77999877929688,3.35752010345459
cifar10,edgegpu_latency,ga_only,93.77999877929688,3.35752010345459
cifar10,edgegpu_latency,ga_only,93.77999877929688,3.35752010345459
cifar10,edgegpu_latency,ga_only,93.77999877929688,3.35752010345459
cifar10,edgegpu_latency,ga_only,93.77999877929688,3.35752010345459
cifar10,edgegpu_latency,ga_only,93.77999877929688,3.35752010345459
cifar10,edgegpu_latency,ga_only,93.77999877929688,3.35752010345459
cifar10,edgegpu_latency,ga_only,93.77999877929688,3.35752010345459
cifar10,edgegpu_latency,ga_only,93.77999877929688,3.35752010345459
cifar10,edgegpu_latency,ga_only,93.77999877929688,3.35752010345459
cifar10,edgegpu_latency,ga_only,93.77999877929688,3.35752010345459
cifar10,edgegpu_latency,ga_only,93.77999877929688,3.35752010345459
cifar10,edgegpu_latency,ga_only,93.77999877929688,3.35752010345459
cifar10,edgegpu_latency,ga_only,93.77999877929688,3.35752010345459
cifar10,edgegpu_latency,ga_only,93.77999877929688,3.35752010345459
cifar10,edgegpu_latency,ga_only,93.77999877929688,3.35752010345459
cifar10,edgegpu_latency,ga_only,93.77999877929688,3.35752010345459
cifar10,edgegpu_latency,ga_only,93.77999877929688,3.35752010345459
cifar10,edgegpu_latency,ga_only,93.77999877929688,3.35752010345459
cifar10,edgegpu_latency,ga_only,93.77999877929688,3.35752010345459
cifar10,edgegpu_latency,ga_only,93.77999877929688,3.35752010345459
cifar10,edgegpu_latency,ga_only,93.77999877929688,3.35752010345459
cifar10,edgegpu_latency,ga_only,93.77999877929688,3.35752010345459
cifar10,edgegpu_latency,ga_only,93.77999877929688,3.35752010345459
cifar10,edgegpu_latency,ga_only,93.77999877929688,3.35752010345459
cifar10,edgegpu_latency,ga_only,93.77999877929688,3.35752010345459
cifar10,edgegpu_latency,ga_only,93.77999877929688,3.35752010345459
cifar10,edgegpu_latency,ga_only,93.77999877929688,3.35752010345459
cifar10,edgegpu_latency,ga_only,93.77999877929688,3.35752010345459
cifar10,edgegpu_latency,ga_only,93.77999877929688,3.35752010345459
cifar10,edgegpu_latency,ga_only,93.77999877929688,3.35752010345459
cifar10,edgegpu_latency,ga_only,93.77999877929688,3.35752010345459
cifar10,edgegpu_latency,ga_only,93.77999877929688,3.35752010345459
cifar10,edgegpu_latency,ga_only,93.77999877929688,3.35752010345459
cifar10,edgegpu_latency,ga_only,93.77999877929688,3.35752010345459
cifar10,edgegpu_latency,ga_only,93.77999877929688,3.35752010345459
cifar10,edgegpu_latency,ga_only,93.77999877929688,3.35752010345459
cifar10,edgegpu_latency,ga_only,93.77999877929688,3.35752010345459
cifar10,edgegpu_latency,ga_only,93.77999877929688,3.35752010345459
cifar10,edgegpu_latency,ga_only,93.77999877929688,3.35752010345459
cifar10,edgegpu_latency,ga_only,93.77999877929688,3.35752010345459
cifar10,edgegpu_latency,ga_only,93.77999877929688,3.35752010345459
cifar10,edgegpu_latency,ga_only,93.77999877929688,3.35752010345459
cifar10,edgegpu_latency,ga_only,93.77999877929688,3.35752010345459
cifar10,edgegpu_latency,ga_only,93.77999877929688,3.35752010345459
cifar10,edgegpu_latency,ga_only,93.77999877929688,3.35752010345459
cifar10,edgegpu_latency,ga_only,93.77999877929688,3.35752010345459
cifar10,edgegpu_latency,ga_only,93.77999877929688,3.35752010345459
cifar10,edgegpu_latency,ga_only,93.77999877929688,3.35752010345459
cifar10,edgegpu_latency,ga_only,93.77999877929688,3.35752010345459
cifar10,edgegpu_latency,ga_only,93.77999877929688,3.35752010345459
cifar10,edgegpu_latency,ga_only,93.77999877929688,3.35752010345459
cifar10,edgegpu_latency,ga_only,93.77999877929688,3.35752010345459
cifar10,edgegpu_latency,ga_only,93.77999877929688,3.35752010345459
cifar10,edgegpu_latency,ga_only,93.77999877929688,3.35752010345459
cifar10,edgegpu_latency,ga_only,93.77999877929688,3.35752010345459
cifar10,edgegpu_latency,ga_only,93.77999877929688,3.35752010345459
cifar10,edgegpu_latency,ga_only,93.77999877929688,3.35752010345459
cifar10,edgegpu_latency,ga_only,93.77999877929688,3.35752010345459
cifar10,edgegpu_latency,ga_only,93.77999877929688,3.35752010345459
cifar10,edgegpu_latency,ga_only,93.77999877929688,3.35752010345459
cifar10,edgegpu_latency,ga_only,93.77999877929688,3.35752010345459
cifar10,edgegpu_latency,ga_only,93.77999877929688,3.35752010345459
cifar10,edgegpu_latency,ga_only,93.77999877929688,3.35752010345459
cifar10,edgegpu_latency,ga_only,93.77999877929688,3.35752010345459
cifar10,edgegpu_latency,ga_only,93.77999877929688,3.35752010345459
cifar10,edgegpu_latency,ga_only,93.77999877929688,3.35752010345459
cifar10,edgegpu_latency,ga_only,93.77999877929688,3.35752010345459
cifar10,edgegpu_latency,ga_only,93.77999877929688,3.35752010345459
cifar10,edgegpu_latency,ga_only,93.77999877929688,3.35752010345459
cifar10,edgegpu_latency,ga_only,93.77999877929688,3.35752010345459
cifar10,edgegpu_latency,ga_only,93.77999877929688,3.35752010345459
cifar10,edgegpu_latency,ga_only,93.77999877929688,3.35752010345459
cifar10,edgegpu_latency,ga_only,93.77999877929688,3.35752010345459
cifar10,edgegpu_latency,ga_only,93.77999877929688,3.35752010345459
cifar10,edgegpu_latency,ga_only,93.77999877929688,3.35752010345459
cifar10,edgegpu_latency,ga_only,93.77999877929688,3.35752010345459
cifar10,edgegpu_latency,ga_only,93.77999877929688,3.35752010345459
cifar10,edgegpu_latency,ga_only,93.77999877929688,3.35752010345459
cifar10,edgegpu_latency,ga_only,93.77999877929688,3.35752010345459
cifar10,edgegpu_latency,ga_only,93.77999877929688,3.35752010345459
cifar10,edgegpu_latency,ga_only,93.77999877929688,3.35752010345459
cifar10,edgegpu_latency,ga_only,93.77999877929688,3.35752010345459
cifar10,edgegpu_latency,ga_only,93.77999877929688,3.35752010345459
cifar10,edgegpu_latency,ga_only,93.77999877929688,3.35752010345459
cifar10,edgegpu_latency,ga_only,93.77999877929688,3.35752010345459
cifar10,edgegpu_latency,ga_only,93.77999877929688,3.35752010345459
cifar10,edgegpu_latency,ga_only,93.77999877929688,3.35752010345459
cifar10,edgegpu_latency,ga_only,93.77999877929688,3.35752010345459
cifar10,edgegpu_latency,ga_only,93.77999877929688,3.35752010345459
cifar10,edgegpu_latency,ga_only,93.77999877929688,3.35752010345459
cifar10,edgegpu_latency,ga_only,93.77999877929688,3.35752010345459
cifar10,edgegpu_latency,ga_only,93.77999877929688,3.35752010345459
cifar10,edgegpu_latency,ga_only,93.77999877929688,3.35752010345459
cifar10,edgegpu_latency,ga_only,93.77999877929688,3.35752010345459
cifar10,edgegpu_latency,ga_only,93.77999877929688,3.35752010345459
cifar10,edgegpu_latency,ga_only,93.77999877929688,3.35752010345459
cifar10,edgegpu_latency,ga_only,93.77999877929688,3.35752010345459
cifar10,edgegpu_latency,ga_only,93.77999877929688,3.35752010345459
cifar10,edgegpu_latency,ga_only,93.77999877929688,3.35752010345459
cifar10,edgegpu_latency,ga_only,93.77999877929688,3.35752010345459
cifar10,edgegpu_latency,ga_only,93.77999877929688,3.35752010345459
cifar10,edgegpu_latency,ga_only,93.77999877929688,3.35752010345459
cifar10,edgegpu_latency,ga_only,93.77999877929688,3.35752010345459
cifar10,edgegpu_latency,ga_only,93.77999877929688,3.35752010345459
cifar10,edgegpu_latency,ga_only,93.77999877929688,3.35752010345459
cifar10,edgegpu_latency,ga_only,93.77999877929688,3.35752010345459
cifar10,edgegpu_latency,ga_only,93.77999877929688,3.35752010345459
cifar10,edgegpu_latency,ga_only,93.77999877929688,3.35752010345459
cifar10,edgegpu_latency,ga_only,93.77999877929688,3.35752010345459
cifar10,edgegpu_latency,ga_only,93.77999877929688,3.35752010345459
cifar10,edgegpu_latency,ga_only,93.77999877929688,3.35752010345459
cifar10,edgegpu_latency,ga_only,93.77999877929688,3.35752010345459
cifar10,edgegpu_latency,ga_only,93.77999877929688,3.35752010345459
cifar10,edgegpu_latency,ga_only,93.77999877929688,3.35752010345459
cifar10,edgegpu_latency,ga_only,93.77999877929688,3.35752010345459
cifar10,edgegpu_latency,ga_only,93.77999877929688,3.35752010345459
cifar10,edgegpu_latency,ga_only,93.77999877929688,3.35752010345459
cifar10,edgegpu_latency,ga_only,93.77999877929688,3.35752010345459
cifar10,edgegpu_latency,ga_only,93.77999877929688,3.35752010345459
cifar10,edgegpu_latency,ga_only,93.77999877929688,3.35752010345459
cifar10,edgegpu_latency,ga_only,93.77999877929688,3.35752010345459
cifar10,edgegpu_latency,ga_only,93.77999877929688,3.35752010345459
cifar10,edgegpu_latency,ga_only,93.77999877929688,3.35752010345459
cifar10,edgegpu_latency,ga_only,93.77999877929688,3.35752010345459
cifar10,edgegpu_latency,ga_only,93.77999877929688,3.35752010345459
cifar10,edgegpu_latency,ga_only,93.77999877929688,3.35752010345459
cifar10,edgegpu_latency,ga_only,93.77999877929688,3.35752010345459
cifar10,edgegpu_latency,ga_only,93.77999877929688,3.35752010345459
cifar10,edgegpu_latency,ga_only,93.77999877929688,3.35752010345459
cifar10,edgegpu_latency,ga_only,93.77999877929688,3.35752010345459
cifar10,edgegpu_latency,ga_only,93.77999877929688,3.35752010345459
cifar10,edgegpu_latency,ga_only,93.77999877929688,3.35752010345459
cifar10,edgegpu_latency,ga_only,93.77999877929688,3.35752010345459
cifar10,edgegpu_latency,ga_only,93.77999877929688,3.35752010345459
cifar10,edgegpu_latency,ga_only,93.77999877929688,3.35752010345459
cifar10,edgegpu_latency,ga_only,93.77999877929688,3.35752010345459
cifar10,edgegpu_latency,ga_only,93.77999877929688,3.35752010345459
cifar10,edgegpu_latency,ga_only,93.77999877929688,3.35752010345459
cifar10,edgegpu_latency,ga_only,93.77999877929688,3.35752010345459
cifar10,edgegpu_latency,ga_only,93.77999877929688,3.35752010345459
cifar10,edgegpu_latency,ga_only,93.77999877929688,3.35752010345459
cifar10,edgegpu_latency,ga_only,93.77999877929688,3.35752010345459
cifar10,edgegpu_latency,ga_only,93.77999877929688,3.35752010345459
cifar10,edgegpu_latency,ga_only,93.77999877929688,3.35752010345459
cifar10,edgegpu_latency,ga_only,93.77999877929688,3.35752010345459
cifar10,edgegpu_latency,ga_only,93.77999877929688,3.35752010345459
cifar10,edgegpu_latency,ga_only,93.77999877929688,3.35752010345459
cifar10,edgegpu_latency,ga_only,93.77999877929688,3.35752010345459
cifar10,edgegpu_latency,ga_only,93.77999877929688,3.35752010345459
cifar10,edgegpu_latency,ga_only,93.77999877929688,3.35752010345459
cifar10,edgegpu_latency,ga_only,93.77999877929688,3.35752010345459
cifar10,edgegpu_latency,ga_only,93.77999877929688,3.35752010345459
cifar10,edgegpu_latency,ga_only,93.77999877929688,3.35752010345459
cifar10,edgegpu_latency,ga_only,93.77999877929688,3.35752010345459
cifar10,edgegpu_latency,ga_only,93.77999877929688,3.35752010345459
cifar10,edgegpu_latency,ga_only,93.77999877929688,3.35752010345459
cifar10,edgegpu_latency,ga_only,93.77999877929688,3.35752010345459
cifar10,edgegpu_latency,ga_only,93.77999877929688,3.35752010345459
cifar10,edgegpu_latency,ga_only,93.77999877929688,3.35752010345459
cifar10,edgegpu_latency,ga_only,93.77999877929688,3.35752010345459
cifar10,edgegpu_latency,ga_only,93.77999877929688,3.35752010345459
cifar10,edgegpu_latency,ga_only,93.77999877929688,3.35752010345459
cifar10,edgegpu_latency,ga_only,93.77999877929688,3.35752010345459
cifar10,edgegpu_latency,ga_only,93.77999877929688,3.35752010345459
cifar10,edgegpu_latency,ga_only,93.77999877929688,3.35752010345459
cifar10,edgegpu_latency,ga_only,93.77999877929688,3.35752010345459
cifar10,edgegpu_latency,ga_only,93.77999877929688,3.35752010345459
cifar10,edgegpu_latency,ga_only,93.77999877929688,3.35752010345459
cifar10,edgegpu_latency,ga_only,93.77999877929688,3.35752010345459
cifar10,edgegpu_latency,ga_only,93.77999877929688,3.35752010345459
cifar10,edgegpu_latency,ga_only,93.77999877929688,3.35752010345459
cifar10,edgegpu_latency,ga_only,93.77999877929688,3.35752010345459
cifar10,edgegpu_latency,ga_only,93.77999877929688,3.35752010345459
cifar10,edgegpu_latency,ga_only,93.77999877929688,3.35752010345459
cifar10,edgegpu_latency,ga_only,93.77999877929688,3.35752010345459
cifar10,edgegpu_latency,ga_only,93.77999877929688,3.35752010345459
cifar10,edgegpu_latency,ga_only,93.77999877929688,3.35752010345459
cifar10,edgegpu_latency,ga_only,93.77999877929688,3.35752010345459
cifar10,edgegpu_latency,ga_only,93.87999725341797,3.3618879318237305
cifar10,edgegpu_latency,ga_only,93.87999725341797,3.3618879318237305
cifar10,edgegpu_latency,ga_only,93.87999725341797,3.3618879318237305
cifar10,edgegpu_latency,ga_only,93.87999725341797,3.3618879318237305
cifar10,edgegpu_latency,ga_only,93.87999725341797,3.3618879318237305
cifar10,edgegpu_latency,ga_only,93.87999725341797,3.3618879318237305
cifar10,edgegpu_latency,ga_only,93.87999725341797,3.3618879318237305
cifar10,edgegpu_latency,ga_only,93.87999725341797,3.3618879318237305
cifar10,edgegpu_latency,ga_only,93.87999725341797,3.3618879318237305
cifar10,edgegpu_latency,ga_only,93.87999725341797,3.3618879318237305
cifar10,edgegpu_latency,ga_only,93.87999725341797,3.3618879318237305
cifar10,edgegpu_latency,ga_only,93.87999725341797,3.3618879318237305
cifar10,edgegpu_latency,ga_only,93.87999725341797,3.3618879318237305
cifar10,edgegpu_latency,ga_only,93.87999725341797,3.3618879318237305
cifar10,edgegpu_latency,ga_only,94.00666809082031,4.384698867797852
cifar10,edgegpu_latency,ga_only,94.00666809082031,4.384698867797852
cifar10,edgegpu_latency,ga_only,94.00666809082031,4.384698867797852
cifar10,edgegpu_latency,ga_only,94.00666809082031,4.384698867797852
cifar10,edgegpu_latency,ga_only,94.00666809082031,4.384698867797852
cifar10,edgegpu_latency,ga_only,94.00666809082031,4.384698867797852
cifar10,edgegpu_latency,ga_only,94.00666809082031,4.384698867797852
cifar10,edgegpu_latency,ga_only,94.00666809082031,4.384698867797852
cifar10,edgegpu_latency,ga_only,94.00666809082031,4.384698867797852
cifar10,edgegpu_latency,ga_only,94.00666809082031,4.384698867797852
cifar10,edgegpu_latency,ga_only,94.00666809082031,4.384698867797852
cifar10,edgegpu_latency,ga_only,94.00666809082031,4.384698867797852
cifar10,edgegpu_latency,ga_only,94.00666809082031,4.384698867797852
cifar10,edgegpu_latency,ga_only,94.00666809082031,4.384698867797852
cifar10,edgegpu_latency,ga_only,94.00666809082031,4.384698867797852
cifar10,edgegpu_latency,ga_only,94.00666809082031,4.384698867797852
cifar10,edgegpu_latency,ga_only,94.00666809082031,4.384698867797852
cifar10,edgegpu_latency,ga_only,94.00666809082031,4.384698867797852
cifar10,edgegpu_latency,ga_only,94.00666809082031,4.384698867797852
cifar10,edgegpu_latency,ga_only,94.00666809082031,4.384698867797852
cifar10,edgegpu_latency,ga_only,94.00666809082031,4.384698867797852
cifar10,edgegpu_latency,ga_only,94.00666809082031,4.384698867797852
cifar10,edgegpu_latency,ga_only,94.00666809082031,4.384698867797852
cifar10,edgegpu_latency,ga_only,94.00666809082031,4.384698867797852
cifar10,edgegpu_latency,ga_only,94.00666809082031,4.384698867797852
cifar10,edgegpu_latency,ga_only,94.01499938964844,4.708361625671387
cifar10,edgegpu_latency,ga_only,94.01499938964844,4.708361625671387
cifar10,edgegpu_latency,ga_only,94.01499938964844,4.708361625671387
cifar10,edgegpu_latency,ga_only,94.01499938964844,4.708361625671387
cifar10,edgegpu_latency,ga_only,94.01499938964844,4.708361625671387
cifar10,edgegpu_latency,ga_only,94.04499816894531,4.716892242431641
cifar10,edgegpu_latency,ga_only,94.04499816894531,4.716892242431641
cifar10,edgegpu_latency,ga_only,94.04499816894531,4.716892242431641
cifar10,edgegpu_latency,ga_only,94.04499816894531,4.716892242431641
cifar10,edgegpu_latency,ga_only,94.04499816894531,4.716892242431641
cifar10,edgegpu_latency,ga_only,94.04499816894531,4.716892242431641
cifar10,edgegpu_latency,ga_only,94.04499816894531,4.716892242431641
cifar10,edgegpu_latency,ga_only,94.04499816894531,4.716892242431641
cifar10,edgegpu_latency,ga_only,94.04499816894531,4.716892242431641
cifar10,edgegpu_latency,ga_only,94.04499816894531,4.716892242431641
cifar10,edgegpu_latency,ga_only,94.04499816894531,4.716892242431641
cifar10,edgegpu_latency,ga_only,94.04499816894531,4.716892242431641
cifar10,edgegpu_latency,ga_only,94.08999633789062,5.292901992797852
cifar10,edgegpu_latency,ga_only,94.08999633789062,5.292901992797852
cifar10,edgegpu_latency,ga_only,94.08999633789062,5.292901992797852
cifar10,edgegpu_latency,ga_only,94.08999633789062,5.292901992797852
cifar10,edgegpu_latency,ga_only,94.08999633789062,5.292901992797852
cifar10,edgegpu_latency,ga_only,94.2066650390625,5.4822540283203125
cifar10,edgegpu_latency,ga_only,94.2066650390625,5.4822540283203125
cifar10,edgegpu_latency,ga_only,94.2066650390625,5.4822540283203125
cifar10,edgegpu_latency,ga_only,94.2066650390625,5.4822540283203125
cifar10,edgegpu_latency,ga_only,94.2066650390625,5.4822540283203125
cifar10,edgegpu_latency,ga_only,94.2066650390625,5.4822540283203125
cifar10,edgegpu_latency,ga_only,94.2066650390625,5.4822540283203125
cifar10,edgegpu_latency,ga_only,94.2066650390625,5.4822540283203125
cifar10,edgegpu_latency,ga_only,94.2066650390625,5.4822540283203125
cifar10,edgegpu_latency,ga_only,94.2066650390625,5.4822540283203125
cifar10,edgegpu_latency,ga_only,94.2066650390625,5.4822540283203125
cifar10,edgegpu_latency,ga_only,94.2066650390625,5.4822540283203125
cifar10,edgegpu_latency,ga_only,94.2066650390625,5.4822540283203125
cifar10,edgegpu_latency,ga_only,94.2066650390625,5.4822540283203125
cifar10,edgegpu_latency,ga_only,94.2066650390625,5.4822540283203125
cifar10,edgegpu_latency,ga_only,94.2066650390625,5.4822540283203125
cifar10,edgegpu_latency,ga_only,94.2066650390625,5.4822540283203125
cifar10,edgegpu_latency,ga_only,94.2066650390625,5.4822540283203125
cifar10,edgegpu_latency,ga_only,94.2066650390625,5.4822540283203125
cifar10,edgegpu_latency,ga_only,94.2066650390625,5.4822540283203125
cifar10,edgegpu_latency,ga_only,94.2066650390625,5.4822540283203125
cifar10,edgegpu_latency,ga_only,94.2066650390625,5.4822540283203125
cifar10,edgegpu_latency,ga_only,94.2066650390625,5.4822540283203125
cifar10,edgegpu_latency,ga_only,94.2066650390625,5.4822540283203125
cifar10,edgegpu_latency,ga_only,94.2066650390625,5.4822540283203125
cifar10,edgegpu_latency,ga_only,94.2066650390625,5.4822540283203125
cifar10,edgegpu_latency,ga_only,94.2066650390625,5.4822540283203125
cifar10,edgegpu_latency,ga_only,94.2066650390625,5.4822540283203125
cifar10,edgegpu_latency,ga_only,94.2066650390625,5.4822540283203125
cifar10,edgegpu_latency,ga_only,94.2066650390625,5.4822540283203125
cifar10,edgegpu_latency,ga_only,94.2066650390625,5.4822540283203125
cifar10,edgegpu_latency,ga_only,94.2066650390625,5.4822540283203125
cifar10,edgegpu_latency,ga_only,94.2066650390625,5.4822540283203125
cifar10,edgegpu_latency,ga_only,94.24500274658203,6.504120826721191
cifar10,edgegpu_latency,ga_only,94.24500274658203,6.504120826721191
cifar10,edgegpu_latency,ga_only,94.24500274658203,6.504120826721191
cifar10,edgegpu_latency,ga_only,94.24500274658203,6.504120826721191
cifar10,edgegpu_latency,ga_only,94.24500274658203,6.504120826721191
cifar10,edgegpu_latency,ga_only,94.24500274658203,6.504120826721191
cifar10,edgegpu_latency,ga_only,94.24500274658203,6.504120826721191
cifar10,edgegpu_latency,ga_only,94.24500274658203,6.504120826721191
cifar10,edgegpu_latency,ga_only,94.24500274658203,6.504120826721191
cifar10,edgegpu_latency,ga_only,94.24500274658203,6.504120826721191
cifar10,edgegpu_latency,ga_only,94.24500274658203,6.504120826721191
cifar10,edgegpu_latency,ga_only,94.24500274658203,6.504120826721191
cifar10,edgegpu_latency,ga_only,94.24500274658203,6.504120826721191
cifar10,edgegpu_latency,ga_only,94.24500274658203,6.504120826721191
cifar10,edgegpu_latency,ga_only,94.24500274658203,6.504120826721191
cifar10,edgegpu_latency,ga_only,94.24500274658203,6.504120826721191
cifar10,edgegpu_latency,ga_only,94.24500274658203,6.504120826721191
cifar10,edgegpu_latency,ga_only,94.24500274658203,6.504120826721191
cifar10,edgegpu_latency,ga_only,94.24500274658203,6.504120826721191
cifar10,edgegpu_latency,ga_only,94.24500274658203,6.504120826721191
cifar10,edgegpu_latency,ga_only,94.24500274658203,6.504120826721191
cifar10,edgegpu_latency,ga_only,94.24500274658203,6.504120826721191
cifar10,edgegpu_latency,ga_only,94.24500274658203,6.504120826721191
cifar10,edgegpu_latency,ga_only,94.24500274658203,6.504120826721191
cifar10,edgegpu_latency,ga_only,94.24500274658203,6.504120826721191
cifar10,edgegpu_latency,ga_only,94.24500274658203,6.504120826721191
cifar10,edgegpu_latency,ga_only,94.24500274658203,6.504120826721191
cifar10,edgegpu_latency,ga_only,94.24500274658203,6.504120826721191
cifar10,edgegpu_latency,ga_only,94.24500274658203,6.504120826721191
cifar10,edgegpu_latency,ga_only,94.24500274658203,6.504120826721191
cifar10,edgegpu_latency,ga_only,94.24500274658203,6.504120826721191
cifar10,edgegpu_latency,ga_only,94.24500274658203,6.504120826721191
cifar10,edgegpu_latency,ga_only,94.24500274658203,6.504120826721191
cifar10,edgegpu_latency,ga_only,94.24500274658203,6.504120826721191
cifar10,edgegpu_latency,ga_only,94.24500274658203,6.504120826721191
cifar10,edgegpu_latency,ga_only,94.24500274658203,6.504120826721191
cifar10,edgegpu_latency,ga_only,94.24500274658203,6.504120826721191
cifar10,edgegpu_latency,ga_only,94.24500274658203,6.504120826721191
cifar10,edgegpu_latency,ga_only,94.24500274658203,6.504120826721191
cifar10,edgegpu_latency,ga_only,94.24500274658203,6.504120826721191
cifar10,edgegpu_latency,ga_only,94.24500274658203,6.504120826721191
cifar10,edgegpu_latency,ga_only,94.24500274658203,6.504120826721191
cifar10,edgegpu_latency,ga_only,94.24500274658203,6.504120826721191
cifar10,edgegpu_latency,ga_only,94.24500274658203,6.504120826721191
cifar10,edgegpu_latency,ga_only,94.24500274658203,6.504120826721191
cifar10,edgegpu_latency,ga_only,94.24500274658203,6.504120826721191
cifar10,edgegpu_latency,ga_only,94.24500274658203,6.504120826721191
cifar10,edgegpu_latency,ga_only,94.24500274658203,6.504120826721191
cifar10,edgegpu_latency,ga_only,94.24500274658203,6.504120826721191
cifar10,edgegpu_latency,ga_only,94.24500274658203,6.504120826721191
cifar10,edgegpu_latency,ga_only,94.24500274658203,6.504120826721191
cifar10,edgegpu_latency,ga_only,94.24500274658203,6.504120826721191
cifar10,edgegpu_latency,ga_only,94.24500274658203,6.504120826721191
cifar10,edgegpu_latency,ga_only,94.24500274658203,6.504120826721191
cifar10,edgegpu_latency,ga_only,94.24500274658203,6.504120826721191
cifar10,edgegpu_latency,ga_only,94.24500274658203,6.504120826721191
cifar10,edgegpu_latency,ga_only,94.24500274658203,6.504120826721191
cifar10,edgegpu_latency,ga_only,94.24500274658203,6.504120826721191
cifar10,edgegpu_latency,ga_only,94.24500274658203,6.504120826721191
cifar10,edgegpu_latency,ga_only,94.24500274658203,6.504120826721191
cifar10,edgegpu_latency,ga_only,94.24500274658203,6.504120826721191
cifar10,edgegpu_latency,ga_only,94.24500274658203,6.504120826721191
cifar10,edgegpu_latency,ga_only,94.24500274658203,6.504120826721191
cifar10,edgegpu_latency,ga_only,94.24500274658203,6.504120826721191
cifar10,edgegpu_latency,ga_only,94.24500274658203,6.504120826721191
cifar10,edgegpu_latency,ga_only,94.24500274658203,6.504120826721191
cifar10,edgegpu_latency,ga_only,94.24500274658203,6.504120826721191
cifar10,edgegpu_latency,ga_only,94.24500274658203,6.504120826721191
cifar10,edgegpu_latency,ga_only,94.24500274658203,6.504120826721191
cifar10,edgegpu_latency,ga_only,94.24500274658203,6.504120826721191
cifar10,edgegpu_latency,ga_only,94.24500274658203,6.504120826721191
cifar10,edgegpu_latency,ga_only,94.24500274658203,6.504120826721191
cifar10,edgegpu_latency,ga_only,94.24500274658203,6.504120826721191
cifar10,edgegpu_latency,ga_only,94.24500274658203,6.504120826721191
cifar10,edgegpu_latency,ga_only,94.24500274658203,6.504120826721191
cifar10,edgegpu_latency,ga_only,94.24500274658203,6.504120826721191
cifar10,edgegpu_latency,ga_only,94.24500274658203,6.504120826721191
cifar10,edgegpu_latency,ga_only,94.24500274658203,6.504120826721191
cifar10,edgegpu_latency,ga_only,94.24500274658203,6.504120826721191
cifar10,edgegpu_latency,ga_only,94.24500274658203,6.504120826721191
cifar10,edgegpu_latency,ga_only,94.24500274658203,6.504120826721191
cifar10,edgegpu_latency,ga_only,94.24500274658203,6.504120826721191
cifar10,edgegpu_latency,ga_only,94.24500274658203,6.504120826721191
cifar10,edgegpu_latency,ga_only,94.24500274658203,6.504120826721191
cifar10,edgegpu_latency,ga_only,94.24500274658203,6.504120826721191
cifar10,edgegpu_latency,ga_only,94.24500274658203,6.504120826721191
cifar10,edgegpu_latency,ga_only,94.24500274658203,6.504120826721191
cifar10,edgegpu_latency,ga_only,94.24500274658203,6.504120826721191
cifar10,edgegpu_latency,ga_only,94.24500274658203,6.504120826721191
cifar10,edgegpu_latency,ga_only,94.24500274658203,6.504120826721191
cifar10,edgegpu_latency,ga_only,94.24500274658203,6.504120826721191
cifar10,edgegpu_latency,ga_only,94.24500274658203,6.504120826721191
cifar10,edgegpu_latency,ga_only,94.24500274658203,6.504120826721191
cifar10,edgegpu_latency,ga_only,94.24500274658203,6.504120826721191
cifar10,edgegpu_latency,ga_only,94.24500274658203,6.504120826721191
cifar10,edgegpu_latency,ga_only,94.24500274658203,6.504120826721191
cifar10,edgegpu_latency,ga_only,94.24500274658203,6.504120826721191
cifar10,edgegpu_latency,ga_only,94.24500274658203,6.504120826721191
cifar10,edgegpu_latency,ga_only,94.24500274658203,6.504120826721191
cifar10,edgegpu_latency,ga_only,94.24500274658203,6.504120826721191
cifar10,edgegpu_latency,ga_only,94.24500274658203,6.504120826721191
cifar10,edgegpu_latency,ga_only,94.24500274658203,6.504120826721191
cifar10,edgegpu_latency,ga_only,94.24500274658203,6.504120826721191
cifar10,edgegpu_latency,ga_only,94.24500274658203,6.504120826721191
cifar10,edgegpu_latency,ga_only,94.24500274658203,6.504120826721191
cifar10,edgegpu_latency,ga_only,94.24500274658203,6.504120826721191
cifar10,edgegpu_latency,ga_only,94.24500274658203,6.504120826721191
cifar10,edgegpu_latency,ga_only,94.24500274658203,6.504120826721191
cifar10,edgegpu_latency,ga_only,94.24500274658203,6.504120826721191
cifar10,edgegpu_latency,ga_only,94.24500274658203,6.504120826721191
cifar10,edgegpu_latency,ga_only,94.24500274658203,6.504120826721191
cifar10,edgegpu_latency,ga_only,94.24500274658203,6.504120826721191
cifar10,edgegpu_latency,ga_only,94.24500274658203,6.504120826721191
cifar10,edgegpu_latency,ga_only,94.24500274658203,6.504120826721191
cifar10,edgegpu_latency,ga_only,94.24500274658203,6.504120826721191
cifar10,edgegpu_latency,ga_only,94.24500274658203,6.504120826721191
cifar10,edgegpu_latency,ga_only,94.24500274658203,6.504120826721191
cifar10,edgegpu_latency,ga_only,94.24500274658203,6.504120826721191
cifar10,edgegpu_latency,ga_only,94.24500274658203,6.504120826721191
cifar10,edgegpu_latency,ga_only,94.24500274658203,6.504120826721191
cifar10,edgegpu_latency,ga_only,94.24500274658203,6.504120826721191
cifar10,edgegpu_latency,ga_only,94.24500274658203,6.504120826721191
cifar10,edgegpu_latency,ga_only,94.24500274658203,6.504120826721191
cifar10,edgegpu_latency,ga_only,94.24500274658203,6.504120826721191
cifar10,edgegpu_latency,ga_only,94.24500274658203,6.504120826721191
cifar10,edgegpu_latency,ga_only,94.24500274658203,6.504120826721191
cifar10,edgegpu_latency,ga_only,94.24500274658203,6.504120826721191
cifar10,edgegpu_latency,ga_only,94.24500274658203,6.504120826721191
cifar10,edgegpu_latency,ga_only,94.24500274658203,6.504120826721191
cifar10,edgegpu_latency,ga_only,94.24500274658203,6.504120826721191
cifar10,edgegpu_latency,ga_only,94.24500274658203,6.504120826721191
cifar10,edgegpu_latency,ga_only,94.24500274658203,6.504120826721191
cifar10,edgegpu_latency,ga_only,94.24500274658203,6.504120826721191
cifar10,edgegpu_latency,ga_only,94.24500274658203,6.504120826721191
cifar10,edgegpu_latency,ga_only,94.24500274658203,6.504120826721191
cifar10,edgegpu_latency,ga_only,94.24500274658203,6.504120826721191
cifar10,edgegpu_latency,ga_only,94.24500274658203,6.504120826721191
cifar10,edgegpu_latency,ga_only,94.24500274658203,6.504120826721191
cifar10,edgegpu_latency,ga_only,94.24500274658203,6.504120826721191
cifar10,edgegpu_latency,ga_only,94.24500274658203,6.504120826721191
cifar10,edgegpu_latency,ga_only,94.24500274658203,6.504120826721191
cifar10,edgegpu_latency,ga_only,94.24500274658203,6.504120826721191
cifar10,edgegpu_latency,ga_only,94.24500274658203,6.504120826721191
cifar10,edgegpu_latency,ga_only,94.24500274658203,6.504120826721191
cifar10,edgegpu_latency,ga_only,94.24500274658203,6.504120826721191
cifar10,edgegpu_latency,ga_only,94.24500274658203,6.504120826721191
cifar10,edgegpu_latency,ga_only,94.24500274658203,6.504120826721191
cifar10,edgegpu_latency,ga_only,94.24500274658203,6.504120826721191
cifar10,edgegpu_latency,ga_only,94.24500274658203,6.504120826721191
cifar10,edgegpu_latency,ga_only,94.24500274658203,6.504120826721191
cifar10,edgegpu_latency,ga_only,94.24500274658203,6.504120826721191
cifar10,edgegpu_latency,ga_only,94.24500274658203,6.504120826721191
cifar10,edgegpu_latency,ga_only,94.24500274658203,6.504120826721191
cifar10,edgegpu_latency,ga_only,94.24500274658203,6.504120826721191
cifar10,edgegpu_latency,ga_only,94.24500274658203,6.504120826721191
cifar10,edgegpu_latency,ga_only,94.24500274658203,6.504120826721191
cifar10,edgegpu_latency,ga_only,94.24500274658203,6.504120826721191
cifar10,edgegpu_latency,ga_only,94.24500274658203,6.504120826721191
cifar10,edgegpu_latency,ga_only,94.24500274658203,6.504120826721191
cifar10,edgegpu_latency,ga_only,94.24500274658203,6.504120826721191
cifar10,edgegpu_latency,ga_only,94.24500274658203,6.504120826721191
cifar10,edgegpu_latency,ga_only,94.24500274658203,6.504120826721191
cifar10,edgegpu_latency,ga_only,94.24500274658203,6.504120826721191
cifar10,edgegpu_latency,ga_only,94.24500274658203,6.504120826721191
cifar10,edgegpu_latency,ga_only,94.24500274658203,6.504120826721191
cifar10,edgegpu_latency,ga_only,94.24500274658203,6.504120826721191
cifar10,edgegpu_latency,ga_only,94.24500274658203,6.504120826721191
cifar10,edgegpu_latency,ga_only,94.24500274658203,6.504120826721191
cifar10,edgegpu_latency,ga_only,94.24500274658203,6.504120826721191
cifar10,edgegpu_latency,ga_only,94.24500274658203,6.504120826721191
cifar10,edgegpu_latency,ga_only,94.24500274658203,6.504120826721191
cifar10,edgegpu_latency,ga_only,94.24500274658203,6.504120826721191
cifar10,edgegpu_latency,ga_only,94.24500274658203,6.504120826721191
cifar10,edgegpu_latency,ga_only,94.24500274658203,6.504120826721191
cifar10,edgegpu_latency,ga_only,94.24500274658203,6.504120826721191
cifar10,edgegpu_latency,ga_only,94.24500274658203,6.504120826721191
cifar10,edgegpu_latency,ga_only,94.24500274658203,6.504120826721191
cifar10,edgegpu_latency,ga_only,94.24500274658203,6.504120826721191
cifar10,edgegpu_latency,ga_only,94.24500274658203,6.504120826721191
cifar10,edgegpu_latency,ga_only,94.24500274658203,6.504120826721191
cifar10,edgegpu_latency,ga_only,94.24500274658203,6.504120826721191
cifar10,edgegpu_latency,ga_only,94.24500274658203,6.504120826721191
cifar10,edgegpu_latency,ga_only,94.24500274658203,6.504120826721191
cifar10,edgegpu_latency,ga_only,94.24500274658203,6.504120826721191
cifar10,edgegpu_latency,ga_only,94.24500274658203,6.504120826721191
cifar10,edgegpu_latency,ga_only,94.24500274658203,6.504120826721191
cifar10,edgegpu_latency,ga_only,94.24500274658203,6.504120826721191
cifar10,edgegpu_latency,ga_only,94.24500274658203,6.504120826721191
cifar10,edgegpu_latency,ga_only,94.24500274658203,6.504120826721191
cifar10,edgegpu_latency,ga_only,94.24500274658203,6.504120826721191
cifar10,edgegpu_latency,ga_only,94.24500274658203,6.504120826721191
cifar10,edgegpu_latency,ga_only,94.24500274658203,6.504120826721191
cifar10,edgegpu_latency,ga_only,94.24500274658203,6.504120826721191
cifar10,edgegpu_latency,ga_only,94.24500274658203,6.504120826721191
cifar10,edgegpu_latency,ga_only,94.24500274658203,6.504120826721191
cifar10,edgegpu_latency,ga_only,94.24500274658203,6.504120826721191
cifar10,edgegpu_latency,ga_only,94.24500274658203,6.504120826721191
cifar10,edgegpu_latency,ga_only,94.24500274658203,6.504120826721191
cifar10,edgegpu_latency,ga_only,94.24500274658203,6.504120826721191
cifar10,edgegpu_latency,ga_only,94.24500274658203,6.504120826721191
cifar10,edgegpu_latency,ga_only,94.24500274658203,6.504120826721191
cifar10,edgegpu_latency,ga_only,94.24500274658203,6.504120826721191
cifar10,edgegpu_latency,ga_only,94.24500274658203,6.504120826721191
cifar10,edgegpu_latency,ga_only,94.24500274658203,6.504120826721191
cifar10,edgegpu_latency,ga_only,94.24500274658203,6.504120826721191
cifar10,edgegpu_latency,ga_only,94.24500274658203,6.504120826721191
cifar10,edgegpu_latency,ga_only,94.24500274658203,6.504120826721191
cifar10,edgegpu_latency,ga_only,94.24500274658203,6.504120826721191
cifar10,edgegpu_latency,ga_only,94.24500274658203,6.504120826721191
cifar10,edgegpu_latency,ga_only,94.24500274658203,6.504120826721191
cifar10,edgegpu_latency,ga_only,94.24500274658203,6.504120826721191
cifar10,edgegpu_latency,ga_only,94.24500274658203,6.504120826721191
cifar10,edgegpu_latency,ga_only,94.24500274658203,6.504120826721191
cifar10,edgegpu_latency,ga_only,94.24500274658203,6.504120826721191
cifar10,edgegpu_latency,ga_only,94.24500274658203,6.504120826721191
cifar10,edgegpu_latency,ga_only,94.24500274658203,6.504120826721191
cifar10,edgegpu_latency,ga_only,94.24500274658203,6.504120826721191
cifar10,edgegpu_latency,ga_only,94.24500274658203,6.504120826721191
cifar10,edgegpu_latency,ga_only,94.24500274658203,6.504120826721191
cifar10,edgegpu_latency,ga_only,94.24500274658203,6.504120826721191
cifar10,edgegpu_latency,ga_only,94.24500274658203,6.504120826721191
cifar10,edgegpu_latency,ga_only,94.24500274658203,6.504120826721191
cifar10,edgegpu_latency,ga_only,94.24500274658203,6.504120826721191
cifar10,edgegpu_latency,ga_only,94.24500274658203,6.504120826721191
cifar10,edgegpu_latency,ga_only,94.24500274658203,6.504120826721191
cifar10,edgegpu_latency,ga_only,94.24500274658203,6.504120826721191
cifar10,edgegpu_latency,ga_only,94.24500274658203,6.504120826721191
cifar10,edgegpu_latency,ga_only,94.24500274658203,6.504120826721191
cifar10,edgegpu_latency,ga_only,94.24500274658203,6.504120826721191
cifar10,edgegpu_latency,ga_only,94.24500274658203,6.504120826721191
cifar10,edgegpu_latency,ga_only,94.24500274658203,6.504120826721191
cifar10,edgegpu_latency,ga_only,94.24500274658203,6.504120826721191
cifar10,edgegpu_latency,ga_only,94.24500274658203,6.504120826721191
cifar10,edgegpu_latency,ga_only,94.24500274658203,6.504120826721191
cifar10,edgegpu_latency,ga_only,94.24500274658203,6.504120826721191
cifar10,edgegpu_latency,ga_only,94.24500274658203,6.504120826721191
cifar10,edgegpu_latency,ga_only,94.24500274658203,6.504120826721191
cifar10,edgegpu_latency,ga_only,94.24500274658203,6.504120826721191
cifar10,edgegpu_latency,ga_only,94.24500274658203,6.504120826721191
cifar10,edgegpu_latency,ga_only,94.24500274658203,6.504120826721191
cifar10,edgegpu_latency,ga_only,94.24500274658203,6.504120826721191
cifar10,edgegpu_latency,ga_only,94.24500274658203,6.504120826721191
cifar10,edgegpu_latency,ga_only,94.24500274658203,6.504120826721191
cifar10,edgegpu_latency,ga_only,94.24500274658203,6.504120826721191
cifar10,edgegpu_latency,ga_only,94.24500274658203,6.504120826721191
cifar10,edgegpu_latency,ga_only,94.24500274658203,6.504120826721191
cifar10,edgegpu_latency,ga_only,94.24500274658203,6.504120826721191
cifar10,edgegpu_latency,ga_only,94.24500274658203,6.504120826721191
cifar10,edgegpu_latency,ga_only,94.24500274658203,6.504120826721191
cifar10,edgegpu_latency,ga_only,94.24500274658203,6.504120826721191
cifar10,edgegpu_latency,ga_only,94.24500274658203,6.504120826721191
cifar10,edgegpu_latency,ga_only,94.24500274658203,6.504120826721191
cifar10,edgegpu_latency,ga_only,94.24500274658203,6.504120826721191
cifar10,edgegpu_latency,ga_only,94.24500274658203,6.504120826721191
cifar10,edgegpu_latency,ga_only,94.24500274658203,6.504120826721191
cifar10,edgegpu_latency,ga_only,94.24500274658203,6.504120826721191
cifar10,edgegpu_latency,ga_only,94.24500274658203,6.504120826721191
cifar10,edgegpu_latency,ga_only,94.24500274658203,6.504120826721191
cifar10,edgegpu_latency,ga_only,94.24500274658203,6.504120826721191
cifar10,edgegpu_latency,ga_only,94.24500274658203,6.504120826721191
cifar10,edgegpu_latency,ga_only,94.24500274658203,6.504120826721191
cifar10,edgegpu_latency,ga_only,94.24500274658203,6.504120826721191
cifar10,edgegpu_latency,ga_only,94.24500274658203,6.504120826721191
cifar10,edgegpu_latency,ga_only,94.24500274658203,6.504120826721191
cifar10,edgegpu_latency,ga_only,94.24500274658203,6.504120826721191
cifar10,edgegpu_latency,ga_only,94.24500274658203,6.504120826721191
cifar10,edgegpu_latency,ga_only,94.24500274658203,6.504120826721191
cifar10,edgegpu_latency,ga_only,94.24500274658203,6.504120826721191
cifar10,edgegpu_latency,ga_only,94.24500274658203,6.504120826721191
cifar10,edgegpu_latency,ga_only,94.24500274658203,6.504120826721191
cifar10,edgegpu_latency,ga_only,94.24500274658203,6.504120826721191
cifar10,edgegpu_latency,ga_only,94.24500274658203,6.504120826721191
cifar10,edgegpu_latency,ga_only,94.24500274658203,6.504120826721191
cifar10,edgegpu_latency,ga_only,94.24500274658203,6.504120826721191
cifar10,edgegpu_latency,ga_only,94.24500274658203,6.504120826721191
cifar10,edgegpu_latency,ga_only,94.24500274658203,6.504120826721191
cifar10,edgegpu_latency,ga_only,94.24500274658203,6.504120826721191
cifar10,edgegpu_latency,ga_only,94.24500274658203,6.504120826721191
cifar10,edgegpu_latency,ga_only,94.24500274658203,6.504120826721191
cifar10,edgegpu_latency,ga_only,94.24500274658203,6.504120826721191
cifar10,edgegpu_latency,ga_only,94.24500274658203,6.504120826721191
cifar10,edgegpu_latency,ga_only,94.24500274658203,6.504120826721191
cifar10,edgegpu_latency,ga_only,94.24500274658203,6.504120826721191
cifar10,edgegpu_latency,ga_only,94.24500274658203,6.504120826721191
cifar10,edgegpu_latency,ga_only,94.24500274658203,6.504120826721191
cifar10,edgegpu_latency,ga_only,94.24500274658203,6.504120826721191
cifar10,edgegpu_latency,ga_only,94.24500274658203,6.504120826721191
cifar10,edgegpu_latency,ga_only,94.24500274658203,6.504120826721191
cifar10,edgegpu_latency,ga_only,94.24500274658203,6.504120826721191
cifar10,edgegpu_latency,ga_only,94.24500274658203,6.504120826721191
cifar10,edgegpu_latency,ga_only,94.24500274658203,6.504120826721191
cifar10,edgegpu_latency,ga_only,94.24500274658203,6.504120826721191
cifar10,edgegpu_latency,ga_only,94.24500274658203,6.504120826721191
cifar10,edgegpu_latency,ga_only,94.24500274658203,6.504120826721191
cifar10,edgegpu_latency,ga_only,94.24500274658203,6.504120826721191
cifar10,edgegpu_latency,ga_only,94.24500274658203,6.504120826721191
cifar10,edgegpu_latency,ga_only,94.24500274658203,6.504120826721191
cifar10,edgegpu_latency,ga_only,94.24500274658203,6.504120826721191
cifar10,edgegpu_latency,ga_only,94.24500274658203,6.504120826721191
cifar10,edgegpu_latency,ga_only,94.24500274658203,6.504120826721191
cifar10,edgegpu_latency,ga_only,94.24500274658203,6.504120826721191
cifar10,edgegpu_latency,ga_only,94.24500274658203,6.504120826721191
cifar10,edgegpu_latency,ga_only,94.24500274658203,6.504120826721191
cifar10,edgegpu_latency,ga_only,94.24500274658203,6.504120826721191
cifar10,edgegpu_latency,ga_only,94.24500274658203,6.504120826721191
cifar10,edgegpu_latency,ga_only,94.24500274658203,6.504120826721191
cifar10,edgegpu_latency,ga_only,94.24500274658203,6.504120826721191
cifar10,edgegpu_latency,ga_only,94.24500274658203,6.504120826721191
cifar10,edgegpu_latency,ga_only,94.24500274658203,6.504120826721191
cifar10,edgegpu_latency,ga_only,94.24500274658203,6.504120826721191
cifar10,edgegpu_latency,ga_only,94.24500274658203,6.504120826721191
cifar10,edgegpu_latency,ga_only,94.24500274658203,6.504120826721191
cifar10,edgegpu_latency,ga_only,94.24500274658203,6.504120826721191
cifar10,edgegpu_latency,ga_only,94.24500274658203,6.504120826721191
cifar10,edgegpu_latency,ga_only,94.24500274658203,6.504120826721191
cifar10,edgegpu_latency,ga_only,94.24500274658203,6.504120826721191
cifar10,edgegpu_latency,ga_only,94.24500274658203,6.504120826721191
cifar10,edgegpu_latency,ga_only,94.24500274658203,6.504120826721191
cifar10,edgegpu_latency,ga_only,94.24500274658203,6.504120826721191
cifar10,edgegpu_latency,ga_only,94.24500274658203,6.504120826721191
cifar10,edgegpu_latency,ga_only,94.24500274658203,6.504120826721191
cifar10,edgegpu_latency,ga_only,94.24500274658203,6.504120826721191
cifar10,edgegpu_latency,ga_only,94.24500274658203,6.504120826721191
cifar10,edgegpu_latency,ga_only,94.24500274658203,6.504120826721191
cifar10,edgegpu_latency,ga_only,94.24500274658203,6.504120826721191
cifar10,edgegpu_latency,ga_only,94.24500274658203,6.504120826721191
cifar10,edgegpu_latency,ga_only,94.24500274658203,6.504120826721191
cifar10,edgegpu_latency,ga_only,94.24500274658203,6.504120826721191
cifar10,edgegpu_latency,ga_only,94.24500274658203,6.504120826721191
cifar10,edgegpu_latency,ga_only,94.24500274658203,6.504120826721191
cifar10,edgegpu_latency,ga_only,94.24500274658203,6.504120826721191
cifar10,edgegpu_latency,ga_only,94.24500274658203,6.504120826721191
cifar10,edgegpu_latency,ga_only,94.24500274658203,6.504120826721191
cifar10,edgegpu_latency,ga_only,94.24500274658203,6.504120826721191
cifar10,edgegpu_latency,ga_only,94.24500274658203,6.504120826721191
cifar10,edgegpu_latency,ga_only,94.24500274658203,6.504120826721191
cifar10,edgegpu_latency,ga_only,94.24500274658203,6.504120826721191
cifar10,edgegpu_latency,ga_only,94.24500274658203,6.504120826721191
cifar10,edgegpu_latency,ga_only,94.24500274658203,6.504120826721191
cifar10,edgegpu_latency,ga_only,94.24500274658203,6.504120826721191
cifar10,edgegpu_latency,ga_only,94.24500274658203,6.504120826721191
cifar10,edgegpu_latency,ga_only,94.24500274658203,6.504120826721191
cifar10,edgegpu_latency,ga_only,94.24500274658203,6.504120826721191
cifar10,edgegpu_latency,ga_only,94.24500274658203,6.504120826721191
cifar10,edgegpu_latency,ga_only,94.24500274658203,6.504120826721191
cifar10,edgegpu_latency,ga_only,94.24500274658203,6.504120826721191
cifar10,edgegpu_latency,ga_only,94.24500274658203,6.504120826721191
cifar10,edgegpu_latency,ga_only,94.24500274658203,6.504120826721191
cifar10,edgegpu_latency,ga_only,94.24500274658203,6.504120826721191
cifar10,edgegpu_latency,ga_only,94.24500274658203,6.504120826721191
cifar10,edgegpu_latency,ga_only,94.24500274658203,6.504120826721191
cifar10,edgegpu_latency,ga_only,94.24500274658203,6.504120826721191
cifar10,edgegpu_latency,ga_only,94.24500274658203,6.504120826721191
cifar10,edgegpu_latency,ga_only,94.24500274658203,6.504120826721191
cifar10,edgegpu_latency,ga_only,94.24500274658203,6.504120826721191
cifar10,edgegpu_latency,ga_only,94.24500274658203,6.504120826721191
cifar10,edgegpu_latency,ga_only,94.24500274658203,6.504120826721191
cifar10,edgegpu_latency,ga_only,94.24500274658203,6.504120826721191
cifar10,edgegpu_latency,ga_only,94.2933349609375,6.663150787353516
cifar10,edgegpu_latency,ga_only,94.2933349609375,6.663150787353516
cifar10,edgegpu_latency,ga_only,94.2933349609375,6.663150787353516
cifar10,edgegpu_latency,ga_only,94.2933349609375,6.663150787353516
cifar10,edgegpu_latency,ga_only,94.2933349609375,6.663150787353516
cifar10,edgegpu_latency,ga_only,94.2933349609375,6.663150787353516
cifar10,edgegpu_latency,ga_only,94.2933349609375,6.663150787353516
cifar10,edgegpu_latency,ga_only,94.2933349609375,6.663150787353516
cifar10,edgegpu_latency,ga_only,94.2933349609375,6.663150787353516
cifar10,edgegpu_latency,ga_only,94.2933349609375,6.663150787353516
cifar10,edgegpu_latency,ga_only,94.2933349609375,6.663150787353516
cifar10,edgegpu_latency,ga_only,94.2933349609375,6.663150787353516
cifar10,edgegpu_latency,ga_only,94.2933349609375,6.663150787353516
cifar10,edgegpu_latency,ga_only,94.2933349609375,6.663150787353516
cifar10,edgegpu_latency,ga_only,94.2933349609375,6.663150787353516
cifar10,edgegpu_latency,ga_only,94.2933349609375,6.663150787353516
cifar10,edgegpu_latency,ga_only,94.2933349609375,6.663150787353516
cifar10,edgegpu_latency,ga_only,94.2933349609375,6.663150787353516
cifar10,edgegpu_latency,ga_only,94.2933349609375,6.663150787353516
cifar10,edgegpu_latency,ga_only,94.2933349609375,6.663150787353516
cifar10,edgegpu_latency,ga_only,94.2933349609375,6.663150787353516
cifar10,edgegpu_latency,ga_only,94.2933349609375,6.663150787353516
cifar10,edgegpu_latency,ga_only,94.2933349609375,6.663150787353516
cifar10,edgegpu_latency,ga_only,94.2933349609375,6.663150787353516
cifar10,edgegpu_latency,ga_only,94.2933349609375,6.663150787353516
cifar10,edgegpu_latency,ga_only,94.2933349609375,6.663150787353516
cifar10,edgegpu_latency,ga_only,94.2933349609375,6.663150787353516
cifar10,edgegpu_latency,ga_only,94.2933349609375,6.663150787353516
cifar10,edgegpu_latency,ga_only,94.2933349609375,6.663150787353516
cifar10,edgegpu_latency,ga_only,94.30000305175781,6.805200576782227
cifar10,edgegpu_latency,ga_only,94.30000305175781,6.805200576782227
cifar10,edgegpu_latency,ga_only,94.37333679199219,6.810173988342285
cifar10,edgegpu_latency,ga_only,94.37333679199219,6.810173988342285
cifar10,edgegpu_latency,ga_only,94.37333679199219,6.810173988342285
cifar10,edgegpu_latency,ga_only,94.37333679199219,6.810173988342285
cifar10,edgegpu_latency,ga_only,94.37333679199219,6.810173988342285
cifar10,edgegpu_latency,ga_only,94.37333679199219,6.810173988342285
cifar10,edgegpu_latency,ga_only,94.37333679199219,6.810173988342285
cifar10,edgegpu_latency,ga_only,94.37333679199219,6.810173988342285
cifar10,edgegpu_latency,ga_only,94.37333679199219,6.810173988342285
cifar10,edgegpu_latency,ga_only,94.37333679199219,6.810173988342285
cifar10,edgegpu_latency,ga_only,94.37333679199219,6.810173988342285
cifar10,raspi4_latency,ga_only,10.0,0.011283500061836094
cifar10,raspi4_latency,ga_only,86.52999877929688,2.5294529399980092
cifar10,raspi4_latency,ga_only,86.52999877929688,2.5294529399980092
cifar10,raspi4_latency,ga_only,86.52999877929688,2.5294529399980092
cifar10,raspi4_latency,ga_only,86.64666748046875,2.5365493400022388
cifar10,raspi4_latency,ga_only,86.64666748046875,2.5365493400022388
cifar10,raspi4_latency,ga_only,86.64666748046875,2.5365493400022388
cifar10,raspi4_latency,ga_only,86.64666748046875,2.5365493400022388
cifar10,raspi4_latency,ga_only,86.64666748046875,2.5365493400022388
cifar10,raspi4_latency,ga_only,86.64666748046875,2.5365493400022388
cifar10,raspi4_latency,ga_only,86.64666748046875,2.5365493400022388
cifar10,raspi4_latency,ga_only,86.64666748046875,2.5365493400022388
cifar10,raspi4_latency,ga_only,86.64666748046875,2.5365493400022388
cifar10,raspi4_latency,ga_only,86.64666748046875,2.5365493400022388
cifar10,raspi4_latency,ga_only,86.9000015258789,2.544041260043741
cifar10,raspi4_latency,ga_only,86.9000015258789,2.544041260043741
cifar10,raspi4_latency,ga_only,86.91000366210938,2.848239399972954
cifar10,raspi4_latency,ga_only,86.91000366210938,2.848239399972954
cifar10,raspi4_latency,ga_only,86.91000366210938,2.848239399972954
cifar10,raspi4_latency,ga_only,86.94499969482422,2.889201599973603
cifar10,raspi4_latency,ga_only,86.94499969482422,2.889201599973603
cifar10,raspi4_latency,ga_only,86.94499969482422,2.889201599973603
cifar10,raspi4_latency,ga_only,86.94499969482422,2.889201599973603
cifar10,raspi4_latency,ga_only,86.94499969482422,2.889201599973603
cifar10,raspi4_latency,ga_only,86.94499969482422,2.889201599973603
cifar10,raspi4_latency,ga_only,86.94499969482422,2.889201599973603
cifar10,raspi4_latency,ga_only,86.94499969482422,2.889201599973603
cifar10,raspi4_latency,ga_only,86.94499969482422,2.889201599973603
cifar10,raspi4_latency,ga_only,86.94499969482422,2.889201599973603
cifar10,raspi4_latency,ga_only,86.94499969482422,2.889201599973603
cifar10,raspi4_latency,ga_only,86.94499969482422,2.889201599973603
cifar10,raspi4_latency,ga_only,86.94499969482422,2.889201599973603
cifar10,raspi4_latency,ga_only,86.94499969482422,2.889201599973603
cifar10,raspi4_latency,ga_only,86.94499969482422,2.889201599973603
cifar10,raspi4_latency,ga_only,86.94499969482422,2.889201599973603
cifar10,raspi4_latency,ga_only,86.94499969482422,2.889201599973603
cifar10,raspi4_latency,ga_only,86.94499969482422,2.889201599973603
cifar10,raspi4_latency,ga_only,86.94499969482422,2.889201599973603
cifar10,raspi4_latency,ga_only,86.94499969482422,2.889201599973603
cifar10,raspi4_latency,ga_only,86.94499969482422,2.889201599973603
cifar10,raspi4_latency,ga_only,86.94499969482422,2.889201599973603
cifar10,raspi4_latency,ga_only,86.94499969482422,2.889201599973603
cifar10,raspi4_latency,ga_only,86.94499969482422,2.889201599973603
cifar10,raspi4_latency,ga_only,86.94499969482422,2.889201599973603
cifar10,raspi4_latency,ga_only,86.94499969482422,2.889201599973603
cifar10,raspi4_latency,ga_only,86.94499969482422,2.889201599973603
cifar10,raspi4_latency,ga_only,88.88500213623047,4.7811830999853555
cifar10,raspi4_latency,ga_only,88.88500213623047,4.7811830999853555
cifar10,raspi4_latency,ga_only,88.98999786376953,4.7827477200189605
cifar10,raspi4_latency,ga_only,88.98999786376953,4.7827477200189605
cifar10,raspi4_latency,ga_only,88.98999786376953,4.7827477200189605
cifar10,raspi4_latency,ga_only,88.98999786376953,4.7827477200189605
cifar10,raspi4_latency,ga_only,88.98999786376953,4.7827477200189605
cifar10,raspi4_latency,ga_only,88.98999786376953,4.7827477200189605
cifar10,raspi4_latency,ga_only,88.98999786376953,4.7827477200189605
cifar10,raspi4_latency,ga_only,88.98999786376953,4.7827477200189605
cifar10,raspi4_latency,ga_only,88.99500274658203,4.793368079990614
cifar10,raspi4_latency,ga_only,88.99500274658203,4.793368079990614
cifar10,raspi4_latency,ga_only,88.99500274658203,4.793368079990614
cifar10,raspi4_latency,ga_only,88.99500274658203,4.793368079990614
cifar10,raspi4_latency,ga_only,88.99500274658203,4.793368079990614
cifar10,raspi4_latency,ga_only,88.99500274658203,4.793368079990614
cifar10,raspi4_latency,ga_only,88.99500274658203,4.793368079990614
cifar10,raspi4_latency,ga_only,88.99500274658203,4.793368079990614
cifar10,raspi4_latency,ga_only,88.99500274658203,4.793368079990614
cifar10,raspi4_latency,ga_only,88.99500274658203,4.793368079990614
cifar10,raspi4_latency,ga_only,88.99500274658203,4.793368079990614
cifar10,raspi4_latency,ga_only,88.99500274658203,4.793368079990614
cifar10,raspi4_latency,ga_only,88.99500274658203,4.793368079990614
cifar10,raspi4_latency,ga_only,88.99500274658203,4.793368079990614
cifar10,raspi4_latency,ga_only,88.99500274658203,4.793368079990614
cifar10,raspi4_latency,ga_only,89.09500122070312,4.81332379997184
cifar10,raspi4_latency,ga_only,89.11499786376953,4.830311399855418
cifar10,raspi4_latency,ga_only,89.11499786376953,4.830311399855418
cifar10,raspi4_latency,ga_only,89.11499786376953,4.830311399855418
cifar10,raspi4_latency,ga_only,89.33499908447266,4.875613120093476
cifar10,raspi4_latency,ga_only,89.33499908447266,4.875613120093476
cifar10,raspi4_latency,ga_only,89.33499908447266,4.875613120093476
cifar10,raspi4_latency,ga_only,89.33499908447266,4.875613120093476
cifar10,raspi4_latency,ga_only,89.33499908447266,4.875613120093476
cifar10,raspi4_latency,ga_only,89.33499908447266,4.875613120093476
cifar10,raspi4_latency,ga_only,89.66999816894531,4.984098999993876
cifar10,raspi4_latency,ga_only,89.66999816894531,4.984098999993876
cifar10,raspi4_latency,ga_only,89.84500122070312,4.995645960007096
cifar10,raspi4_latency,ga_only,89.84500122070312,4.995645960007096
cifar10,raspi4_latency,ga_only,89.84500122070312,4.995645960007096
cifar10,raspi4_latency,ga_only,89.84500122070312,4.995645960007096
cifar10,raspi4_latency,ga_only,89.84500122070312,4.995645960007096
cifar10,raspi4_latency,ga_only,89.88333129882812,5.961800479999511
cifar10,raspi4_latency,ga_only,89.88333129882812,5.961800479999511
cifar10,raspi4_latency,ga_only,89.88333129882812,5.961800479999511
cifar10,raspi4_latency,ga_only,89.88333129882812,5.961800479999511
cifar10,raspi4_latency,ga_only,89.88333129882812,5.961800479999511
cifar10,raspi4_latency,ga_only,89.88333129882812,5.961800479999511
cifar10,raspi4_latency,ga_only,89.88333129882812,5.961800479999511
cifar10,raspi4_latency,ga_only,89.88333129882812,5.961800479999511
cifar10,raspi4_latency,ga_only,89.88333129882812,5.961800479999511
cifar10,raspi4_latency,ga_only,89.88333129882812,5.961800479999511
cifar10,raspi4_latency,ga_only,89.88333129882812,5.961800479999511
cifar10,raspi4_latency,ga_only,89.88333129882812,5.961800479999511
cifar10,raspi4_latency,ga_only,89.88333129882812,5.961800479999511
cifar10,raspi4_latency,ga_only,89.88333129882812,5.961800479999511
cifar10,raspi4_latency,ga_only,89.88333129882812,5.961800479999511
cifar10,raspi4_latency,ga_only,89.88333129882812,5.961800479999511
cifar10,raspi4_latency,ga_only,89.88333129882812,5.961800479999511
cifar10,raspi4_latency,ga_only,89.88333129882812,5.961800479999511
cifar10,raspi4_latency,ga_only,89.88333129882812,5.961800479999511
cifar10,raspi4_latency,ga_only,89.88333129882812,5.961800479999511
cifar10,raspi4_latency,ga_only,89.88333129882812,5.961800479999511
cifar10,raspi4_latency,ga_only,89.88333129882812,5.961800479999511
cifar10,raspi4_latency,ga_only,89.88333129882812,5.961800479999511
cifar10,raspi4_latency,ga_only,89.88333129882812,5.961800479999511
cifar10,raspi4_latency,ga_only,89.88333129882812,5.961800479999511
cifar10,raspi4_latency,ga_only,89.88333129882812,5.961800479999511
cifar10,raspi4_latency,ga_only,89.88333129882812,5.961800479999511
cifar10,raspi4_latency,ga_only,89.88333129882812,5.961800479999511
cifar10,raspi4_latency,ga_only,89.88333129882812,5.961800479999511
cifar10,raspi4_latency,ga_only,89.88333129882812,5.961800479999511
cifar10,raspi4_latency,ga_only,89.88333129882812,5.961800479999511
cifar10,raspi4_latency,ga_only,89.88333129882812,5.961800479999511
cifar10,raspi4_latency,ga_only,89.88333129882812,5.961800479999511
cifar10,raspi4_latency,ga_only,89.88333129882812,5.961800479999511
cifar10,raspi4_latency,ga_only,89.88333129882812,5.961800479999511
cifar10,raspi4_latency,ga_only,89.88333129882812,5.961800479999511
cifar10,raspi4_latency,ga_only,89.88333129882812,5.961800479999511
cifar10,raspi4_latency,ga_only,89.88333129882812,5.961800479999511
cifar10,raspi4_latency,ga_only,89.88333129882812,5.961800479999511
cifar10,raspi4_latency,ga_only,89.88333129882812,5.961800479999511
cifar10,raspi4_latency,ga_only,89.88333129882812,5.961800479999511
cifar10,raspi4_latency,ga_only,89.88333129882812,5.961800479999511
cifar10,raspi4_latency,ga_only,89.88333129882812,5.961800479999511
cifar10,raspi4_latency,ga_only,89.88333129882812,5.961800479999511
cifar10,raspi4_latency,ga_only,89.88333129882812,5.961800479999511
cifar10,raspi4_latency,ga_only,89.88333129882812,5.961800479999511
cifar10,raspi4_latency,ga_only,89.88333129882812,5.961800479999511
cifar10,raspi4_latency,ga_only,89.88333129882812,5.961800479999511
cifar10,raspi4_latency,ga_only,89.88333129882812,5.961800479999511
cifar10,raspi4_latency,ga_only,89.88333129882812,5.961800479999511
cifar10,raspi4_latency,ga_only,89.88333129882812,5.961800479999511
cifar10,raspi4_latency,ga_only,89.88333129882812,5.961800479999511
cifar10,raspi4_latency,ga_only,89.88333129882812,5.961800479999511
cifar10,raspi4_latency,ga_only,89.88333129882812,5.961800479999511
cifar10,raspi4_latency,ga_only,89.88333129882812,5.961800479999511
cifar10,raspi4_latency,ga_only,89.88333129882812,5.961800479999511
cifar10,raspi4_latency,ga_only,89.88333129882812,5.961800479999511
cifar10,raspi4_latency,ga_only,89.88333129882812,5.961800479999511
cifar10,raspi4_latency,ga_only,89.88333129882812,5.961800479999511
cifar10,raspi4_latency,ga_only,89.88333129882812,5.961800479999511
cifar10,raspi4_latency,ga_only,89.88333129882812,5.961800479999511
cifar10,raspi4_latency,ga_only,89.88333129882812,5.961800479999511
cifar10,raspi4_latency,ga_only,89.88333129882812,5.961800479999511
cifar10,raspi4_latency,ga_only,89.88333129882812,5.961800479999511
cifar10,raspi4_latency,ga_only,89.88333129882812,5.961800479999511
cifar10,raspi4_latency,ga_only,89.88333129882812,5.961800479999511
cifar10,raspi4_latency,ga_only,89.88333129882812,5.961800479999511
cifar10,raspi4_latency,ga_only,89.88333129882812,5.961800479999511
cifar10,raspi4_latency,ga_only,89.88333129882812,5.961800479999511
cifar10,raspi4_latency,ga_only,89.88333129882812,5.961800479999511
cifar10,raspi4_latency,ga_only,89.88333129882812,5.961800479999511
cifar10,raspi4_latency,ga_only,89.88333129882812,5.961800479999511
cifar10,raspi4_latency,ga_only,89.88333129882812,5.961800479999511
cifar10,raspi4_latency,ga_only,89.88333129882812,5.961800479999511
cifar10,raspi4_latency,ga_only,89.88333129882812,5.961800479999511
cifar10,raspi4_latency,ga_only,89.88333129882812,5.961800479999511
cifar10,raspi4_latency,ga_only,89.88333129882812,5.961800479999511
cifar10,raspi4_latency,ga_only,89.88333129882812,5.961800479999511
cifar10,raspi4_latency,ga_only,89.88333129882812,5.961800479999511
cifar10,raspi4_latency,ga_only,89.88333129882812,5.961800479999511
cifar10,raspi4_latency,ga_only,89.88333129882812,5.961800479999511
cifar10,raspi4_latency,ga_only,89.88333129882812,5.961800479999511
cifar10,raspi4_latency,ga_only,89.88333129882812,5.961800479999511
cifar10,raspi4_latency,ga_only,89.88333129882812,5.961800479999511
cifar10,raspi4_latency,ga_only,89.88333129882812,5.961800479999511
cifar10,raspi4_latency,ga_only,89.88333129882812,5.961800479999511
cifar10,raspi4_latency,ga_only,89.88333129882812,5.961800479999511
cifar10,raspi4_latency,ga_only,89.88333129882812,5.961800479999511
cifar10,raspi4_latency,ga_only,89.88333129882812,5.961800479999511
cifar10,raspi4_latency,ga_only,89.88333129882812,5.961800479999511
cifar10,raspi4_latency,ga_only,89.88333129882812,5.961800479999511
cifar10,raspi4_latency,ga_only,89.88333129882812,5.961800479999511
cifar10,raspi4_latency,ga_only,89.88333129882812,5.961800479999511
cifar10,raspi4_latency,ga_only,89.88333129882812,5.961800479999511
cifar10,raspi4_latency,ga_only,89.88333129882812,5.961800479999511
cifar10,raspi4_latency,ga_only,89.88333129882812,5.961800479999511
cifar10,raspi4_latency,ga_only,89.88333129882812,5.961800479999511
cifar10,raspi4_latency,ga_only,89.88333129882812,5.961800479999511
cifar10,raspi4_latency,ga_only,89.88333129882812,5.961800479999511
cifar10,raspi4_latency,ga_only,89.88333129882812,5.961800479999511
cifar10,raspi4_latency,ga_only,89.88333129882812,5.961800479999511
cifar10,raspi4_latency,ga_only,89.88333129882812,5.961800479999511
cifar10,raspi4_latency,ga_only,90.72000122070312,7.176163040057872
cifar10,raspi4_latency,ga_only,90.72000122070312,7.176163040057872
cifar10,raspi4_latency,ga_only,90.72000122070312,7.176163040057872
cifar10,raspi4_latency,ga_only,90.72000122070312,7.176163040057872
cifar10,raspi4_latency,ga_only,90.72000122070312,7.176163040057872
cifar10,raspi4_latency,ga_only,90.72000122070312,7.176163040057872
cifar10,raspi4_latency,ga_only,90.72000122070312,7.176163040057872
cifar10,raspi4_latency,ga_only,90.72000122070312,7.176163040057872
cifar10,raspi4_latency,ga_only,90.72000122070312,7.176163040057872
cifar10,raspi4_latency,ga_only,90.72000122070312,7.176163040057872
cifar10,raspi4_latency,ga_only,90.72000122070312,7.176163040057872
cifar10,raspi4_latency,ga_only,90.72000122070312,7.176163040057872
cifar10,raspi4_latency,ga_only,90.72000122070312,7.176163040057872
cifar10,raspi4_latency,ga_only,90.72000122070312,7.176163040057872
cifar10,raspi4_latency,ga_only,90.72000122070312,7.176163040057872
cifar10,raspi4_latency,ga_only,90.72000122070312,7.176163040057872
cifar10,raspi4_latency,ga_only,90.72000122070312,7.176163040057872
cifar10,raspi4_latency,ga_only,90.72000122070312,7.176163040057872
cifar10,raspi4_latency,ga_only,90.72000122070312,7.176163040057872
cifar10,raspi4_latency,ga_only,90.72000122070312,7.176163040057872
cifar10,raspi4_latency,ga_only,90.72000122070312,7.176163040057872
cifar10,raspi4_latency,ga_only,90.72000122070312,7.176163040057872
cifar10,raspi4_latency,ga_only,90.72000122070312,7.176163040057872
cifar10,raspi4_latency,ga_only,90.72000122070312,7.176163040057872
cifar10,raspi4_latency,ga_only,90.72000122070312,7.176163040057872
cifar10,raspi4_latency,ga_only,90.72000122070312,7.176163040057872
cifar10,raspi4_latency,ga_only,90.72000122070312,7.176163040057872
cifar10,raspi4_latency,ga_only,90.72000122070312,7.176163040057872
cifar10,raspi4_latency,ga_only,90.72000122070312,7.176163040057872
cifar10,raspi4_latency,ga_only,90.72000122070312,7.176163040057872
cifar10,raspi4_latency,ga_only,90.72000122070312,7.176163040057872
cifar10,raspi4_latency,ga_only,90.72000122070312,7.176163040057872
cifar10,raspi4_latency,ga_only,90.72000122070312,7.176163040057872
cifar10,raspi4_latency,ga_only,90.72000122070312,7.176163040057872
cifar10,raspi4_latency,ga_only,90.72000122070312,7.176163040057872
cifar10,raspi4_latency,ga_only,90.72000122070312,7.176163040057872
cifar10,raspi4_latency,ga_only,90.72000122070312,7.176163040057872
cifar10,raspi4_latency,ga_only,90.72000122070312,7.176163040057872
cifar10,raspi4_latency,ga_only,90.72000122070312,7.176163040057872
cifar10,raspi4_latency,ga_only,90.72000122070312,7.176163040057872
cifar10,raspi4_latency,ga_only,90.72000122070312,7.176163040057872
cifar10,raspi4_latency,ga_only,90.72000122070312,7.176163040057872
cifar10,raspi4_latency,ga_only,90.72000122070312,7.176163040057872
cifar10,raspi4_latency,ga_only,90.72000122070312,7.176163040057872
cifar10,raspi4_latency,ga_only,90.72000122070312,7.176163040057872
cifar10,raspi4_latency,ga_only,90.72000122070312,7.176163040057872
cifar10,raspi4_latency,ga_only,90.72000122070312,7.176163040057872
cifar10,raspi4_latency,ga_only,90.72000122070312,7.176163040057872
cifar10,raspi4_latency,ga_only,90.72000122070312,7.176163040057872
cifar10,raspi4_latency,ga_only,90.72000122070312,7.176163040057872
cifar10,raspi4_latency,ga_only,90.72000122070312,7.176163040057872
cifar10,raspi4_latency,ga_only,90.72000122070312,7.176163040057872
cifar10,raspi4_latency,ga_only,90.72000122070312,7.176163040057872
cifar10,raspi4_latency,ga_only,90.72000122070312,7.176163040057872
cifar10,raspi4_latency,ga_only,90.72000122070312,7.176163040057872
cifar10,raspi4_latency,ga_only,90.72000122070312,7.176163040057872
cifar10,raspi4_latency,ga_only,90.72000122070312,7.176163040057872
cifar10,raspi4_latency,ga_only,90.72000122070312,7.176163040057872
cifar10,raspi4_latency,ga_only,90.72000122070312,7.176163040057872
cifar10,raspi4_latency,ga_only,90.72000122070312,7.176163040057872
cifar10,raspi4_latency,ga_only,90.72000122070312,7.176163040057872
cifar10,raspi4_latency,ga_only,90.72000122070312,7.176163040057872
cifar10,raspi4_latency,ga_only,90.72000122070312,7.176163040057872
cifar10,raspi4_latency,ga_only,90.72000122070312,7.176163040057872
cifar10,raspi4_latency,ga_only,90.72000122070312,7.176163040057872
cifar10,raspi4_latency,ga_only,90.72000122070312,7.176163040057872
cifar10,raspi4_latency,ga_only,90.72000122070312,7.176163040057872
cifar10,raspi4_latency,ga_only,90.72000122070312,7.176163040057872
cifar10,raspi4_latency,ga_only,90.72000122070312,7.176163040057872
cifar10,raspi4_latency,ga_only,90.72000122070312,7.176163040057872
cifar10,raspi4_latency,ga_only,90.72000122070312,7.176163040057872
cifar10,raspi4_latency,ga_only,90.72000122070312,7.176163040057872
cifar10,raspi4_latency,ga_only,90.72000122070312,7.176163040057872
cifar10,raspi4_latency,ga_only,90.72000122070312,7.176163040057872
cifar10,raspi4_latency,ga_only,90.72000122070312,7.176163040057872
cifar10,raspi4_latency,ga_only,90.72000122070312,7.176163040057872
cifar10,raspi4_latency,ga_only,90.72000122070312,7.176163040057872
cifar10,raspi4_latency,ga_only,90.72000122070312,7.176163040057872
cifar10,raspi4_latency,ga_only,90.72000122070312,7.176163040057872
cifar10,raspi4_latency,ga_only,90.72000122070312,7.176163040057872
cifar10,raspi4_latency,ga_only,90.72000122070312,7.176163040057872
cifar10,raspi4_latency,ga_only,90.72000122070312,7.176163040057872
cifar10,raspi4_latency,ga_only,90.72000122070312,7.176163040057872
cifar10,raspi4_latency,ga_only,90.72000122070312,7.176163040057872
cifar10,raspi4_latency,ga_only,90.72000122070312,7.176163040057872
cifar10,raspi4_latency,ga_only,90.72000122070312,7.176163040057872
cifar10,raspi4_latency,ga_only,90.72000122070312,7.176163040057872
cifar10,raspi4_latency,ga_only,90.72000122070312,7.176163040057872
cifar10,raspi4_latency,ga_only,90.72000122070312,7.176163040057872
cifar10,raspi4_latency,ga_only,90.72000122070312,7.176163040057872
cifar10,raspi4_latency,ga_only,90.72000122070312,7.176163040057872
cifar10,raspi4_latency,ga_only,90.72000122070312,7.176163040057872
cifar10,raspi4_latency,ga_only,90.72000122070312,7.176163040057872
cifar10,raspi4_latency,ga_only,90.72000122070312,7.176163040057872
cifar10,raspi4_latency,ga_only,90.72000122070312,7.176163040057872
cifar10,raspi4_latency,ga_only,90.72000122070312,7.176163040057872
cifar10,raspi4_latency,ga_only,90.72000122070312,7.176163040057872
cifar10,raspi4_latency,ga_only,90.72000122070312,7.176163040057872
cifar10,raspi4_latency,ga_only,90.72000122070312,7.176163040057872
cifar10,raspi4_latency,ga_only,90.72000122070312,7.176163040057872
cifar10,raspi4_latency,ga_only,90.72000122070312,7.176163040057872
cifar10,raspi4_latency,ga_only,90.72000122070312,7.176163040057872
cifar10,raspi4_latency,ga_only,90.72000122070312,7.176163040057872
cifar10,raspi4_latency,ga_only,90.72000122070312,7.176163040057872
cifar10,raspi4_latency,ga_only,90.72000122070312,7.176163040057872
cifar10,raspi4_latency,ga_only,90.72000122070312,7.176163040057872
cifar10,raspi4_latency,ga_only,90.72000122070312,7.176163040057872
cifar10,raspi4_latency,ga_only,90.72000122070312,7.176163040057872
cifar10,raspi4_latency,ga_only,90.72000122070312,7.176163040057872
cifar10,raspi4_latency,ga_only,90.72000122070312,7.176163040057872
cifar10,raspi4_latency,ga_only,90.72000122070312,7.176163040057872
cifar10,raspi4_latency,ga_only,90.72000122070312,7.176163040057872
cifar10,raspi4_latency,ga_only,90.72000122070312,7.176163040057872
cifar10,raspi4_latency,ga_only,90.72000122070312,7.176163040057872
cifar10,raspi4_latency,ga_only,90.72000122070312,7.176163040057872
cifar10,raspi4_latency,ga_only,90.72000122070312,7.176163040057872
cifar10,raspi4_latency,ga_only,90.72000122070312,7.176163040057872
cifar10,raspi4_latency,ga_only,90.72000122070312,7.176163040057872
cifar10,raspi4_latency,ga_only,90.72000122070312,7.176163040057872
cifar10,raspi4_latency,ga_only,90.72000122070312,7.176163040057872
cifar10,raspi4_latency,ga_only,90.72000122070312,7.176163040057872
cifar10,raspi4_latency,ga_only,90.72000122070312,7.176163040057872
cifar10,raspi4_latency,ga_only,90.81500244140625,7.364041699984227
cifar10,raspi4_latency,ga_only,90.81500244140625,7.364041699984227
cifar10,raspi4_latency,ga_only,90.81500244140625,7.364041699984227
cifar10,raspi4_latency,ga_only,90.81500244140625,7.364041699984227
cifar10,raspi4_latency,ga_only,90.81500244140625,7.364041699984227
cifar10,raspi4_latency,ga_only,90.81500244140625,7.364041699984227
cifar10,raspi4_latency,ga_only,90.81500244140625,7.364041699984227
cifar10,raspi4_latency,ga_only,90.81500244140625,7.364041699984227
cifar10,raspi4_latency,ga_only,90.81500244140625,7.364041699984227
cifar10,raspi4_latency,ga_only,90.81500244140625,7.364041699984227
cifar10,raspi4_latency,ga_only,90.81500244140625,7.364041699984227
cifar10,raspi4_latency,ga_only,90.81500244140625,7.364041699984227
cifar10,raspi4_latency,ga_only,90.81500244140625,7.364041699984227
cifar10,raspi4_latency,ga_only,90.81500244140625,7.364041699984227
cifar10,raspi4_latency,ga_only,90.81500244140625,7.364041699984227
cifar10,raspi4_latency,ga_only,90.81500244140625,7.364041699984227
cifar10,raspi4_latency,ga_only,90.81500244140625,7.364041699984227
cifar10,raspi4_latency,ga_only,90.81500244140625,7.364041699984227
cifar10,raspi4_latency,ga_only,90.81500244140625,7.364041699984227
cifar10,raspi4_latency,ga_only,90.81500244140625,7.364041699984227
cifar10,raspi4_latency,ga_only,90.81500244140625,7.364041699984227
cifar10,raspi4_latency,ga_only,90.81500244140625,7.364041699984227
cifar10,raspi4_latency,ga_only,90.81500244140625,7.364041699984227
cifar10,raspi4_latency,ga_only,90.81500244140625,7.364041699984227
cifar10,raspi4_latency,ga_only,90.81500244140625,7.364041699984227
cifar10,raspi4_latency,ga_only,90.81500244140625,7.364041699984227
cifar10,raspi4_latency,ga_only,90.81500244140625,7.364041699984227
cifar10,raspi4_latency,ga_only,90.81500244140625,7.364041699984227
cifar10,raspi4_latency,ga_only,90.81500244140625,7.364041699984227
cifar10,raspi4_latency,ga_only,90.81500244140625,7.364041699984227
cifar10,raspi4_latency,ga_only,90.81500244140625,7.364041699984227
cifar10,raspi4_latency,ga_only,90.81500244140625,7.364041699984227
cifar10,raspi4_latency,ga_only,90.81500244140625,7.364041699984227
cifar10,raspi4_latency,ga_only,90.81500244140625,7.364041699984227
cifar10,raspi4_latency,ga_only,90.81500244140625,7.364041699984227
cifar10,raspi4_latency,ga_only,90.81500244140625,7.364041699984227
cifar10,raspi4_latency,ga_only,90.81500244140625,7.364041699984227
cifar10,raspi4_latency,ga_only,90.81500244140625,7.364041699984227
cifar10,raspi4_latency,ga_only,90.81500244140625,7.364041699984227
cifar10,raspi4_latency,ga_only,90.81500244140625,7.364041699984227
cifar10,raspi4_latency,ga_only,90.81500244140625,7.364041699984227
cifar10,raspi4_latency,ga_only,90.81500244140625,7.364041699984227
cifar10,raspi4_latency,ga_only,90.81500244140625,7.364041699984227
cifar10,raspi4_latency,ga_only,90.81500244140625,7.364041699984227
cifar10,raspi4_latency,ga_only,90.81500244140625,7.364041699984227
cifar10,raspi4_latency,ga_only,90.81500244140625,7.364041699984227
cifar10,raspi4_latency,ga_only,90.81500244140625,7.364041699984227
cifar10,raspi4_latency,ga_only,90.81500244140625,7.364041699984227
cifar10,raspi4_latency,ga_only,90.81500244140625,7.364041699984227
cifar10,raspi4_latency,ga_only,90.81500244140625,7.364041699984227
cifar10,raspi4_latency,ga_only,90.81500244140625,7.364041699984227
cifar10,raspi4_latency,ga_only,90.81500244140625,7.364041699984227
cifar10,raspi4_latency,ga_only,90.81500244140625,7.364041699984227
cifar10,raspi4_latency,ga_only,90.81500244140625,7.364041699984227
cifar10,raspi4_latency,ga_only,90.81500244140625,7.364041699984227
cifar10,raspi4_latency,ga_only,90.81500244140625,7.364041699984227
cifar10,raspi4_latency,ga_only,90.81500244140625,7.364041699984227
cifar10,raspi4_latency,ga_only,90.81500244140625,7.364041699984227
cifar10,raspi4_latency,ga_only,90.81500244140625,7.364041699984227
cifar10,raspi4_latency,ga_only,90.81500244140625,7.364041699984227
cifar10,raspi4_latency,ga_only,90.81500244140625,7.364041699984227
cifar10,raspi4_latency,ga_only,90.81500244140625,7.364041699984227
cifar10,raspi4_latency,ga_only,90.81500244140625,7.364041699984227
cifar10,raspi4_latency,ga_only,90.81500244140625,7.364041699984227
cifar10,raspi4_latency,ga_only,90.81500244140625,7.364041699984227
cifar10,raspi4_latency,ga_only,90.81500244140625,7.364041699984227
cifar10,raspi4_latency,ga_only,90.81500244140625,7.364041699984227
cifar10,raspi4_latency,ga_only,90.81500244140625,7.364041699984227
cifar10,raspi4_latency,ga_only,90.81500244140625,7.364041699984227
cifar10,raspi4_latency,ga_only,90.81500244140625,7.364041699984227
cifar10,raspi4_latency,ga_only,90.81500244140625,7.364041699984227
cifar10,raspi4_latency,ga_only,90.81500244140625,7.364041699984227
cifar10,raspi4_latency,ga_only,90.81500244140625,7.364041699984227
cifar10,raspi4_latency,ga_only,90.81500244140625,7.364041699984227
cifar10,raspi4_latency,ga_only,90.81500244140625,7.364041699984227
cifar10,raspi4_latency,ga_only,90.81500244140625,7.364041699984227
cifar10,raspi4_latency,ga_only,90.81500244140625,7.364041699984227
cifar10,raspi4_latency,ga_only,90.81500244140625,7.364041699984227
cifar10,raspi4_latency,ga_only,90.81500244140625,7.364041699984227
cifar10,raspi4_latency,ga_only,90.81500244140625,7.364041699984227
cifar10,raspi4_latency,ga_only,90.81500244140625,7.364041699984227
cifar10,raspi4_latency,ga_only,90.81500244140625,7.364041699984227
cifar10,raspi4_latency,ga_only,90.81500244140625,7.364041699984227
cifar10,raspi4_latency,ga_only,90.81500244140625,7.364041699984227
cifar10,raspi4_latency,ga_only,90.81500244140625,7.364041699984227
cifar10,raspi4_latency,ga_only,90.81500244140625,7.364041699984227
cifar10,raspi4_latency,ga_only,90.81500244140625,7.364041699984227
cifar10,raspi4_latency,ga_only,90.81500244140625,7.364041699984227
cifar10,raspi4_latency,ga_only,90.81500244140625,7.364041699984227
cifar10,raspi4_latency,ga_only,90.81500244140625,7.364041699984227
cifar10,raspi4_latency,ga_only,90.81500244140625,7.364041699984227
cifar10,raspi4_latency,ga_only,90.81500244140625,7.364041699984227
cifar10,raspi4_latency,ga_only,90.81500244140625,7.364041699984227
cifar10,raspi4_latency,ga_only,90.81500244140625,7.364041699984227
cifar10,raspi4_latency,ga_only,90.81500244140625,7.364041699984227
cifar10,raspi4_latency,ga_only,90.81500244140625,7.364041699984227
cifar10,raspi4_latency,ga_only,90.81500244140625,7.364041699984227
cifar10,raspi4_latency,ga_only,90.81500244140625,7.364041699984227
cifar10,raspi4_latency,ga_only,90.81500244140625,7.364041699984227
cifar10,raspi4_latency,ga_only,90.81500244140625,7.364041699984227
cifar10,raspi4_latency,ga_only,90.81500244140625,7.364041699984227
cifar10,raspi4_latency,ga_only,90.81500244140625,7.364041699984227
cifar10,raspi4_latency,ga_only,90.81500244140625,7.364041699984227
cifar10,raspi4_latency,ga_only,90.81500244140625,7.364041699984227
cifar10,raspi4_latency,ga_only,90.81500244140625,7.364041699984227
cifar10,raspi4_latency,ga_only,90.81500244140625,7.364041699984227
cifar10,raspi4_latency,ga_only,90.81500244140625,7.364041699984227
cifar10,raspi4_latency,ga_only,90.81500244140625,7.364041699984227
cifar10,raspi4_latency,ga_only,90.81500244140625,7.364041699984227
cifar10,raspi4_latency,ga_only,90.81500244140625,7.364041699984227
cifar10,raspi4_latency,ga_only,90.81500244140625,7.364041699984227
cifar10,raspi4_latency,ga_only,90.81500244140625,7.364041699984227
cifar10,raspi4_latency,ga_only,90.81500244140625,7.364041699984227
cifar10,raspi4_latency,ga_only,90.81500244140625,7.364041699984227
cifar10,raspi4_latency,ga_only,90.81500244140625,7.364041699984227
cifar10,raspi4_latency,ga_only,90.81500244140625,7.364041699984227
cifar10,raspi4_latency,ga_only,90.81500244140625,7.364041699984227
cifar10,raspi4_latency,ga_only,90.81500244140625,7.364041699984227
cifar10,raspi4_latency,ga_only,90.81500244140625,7.364041699984227
cifar10,raspi4_latency,ga_only,90.81500244140625,7.364041699984227
cifar10,raspi4_latency,ga_only,90.81500244140625,7.364041699984227
cifar10,raspi4_latency,ga_only,90.81500244140625,7.364041699984227
cifar10,raspi4_latency,ga_only,90.81500244140625,7.364041699984227
cifar10,raspi4_latency,ga_only,90.81500244140625,7.364041699984227
cifar10,raspi4_latency,ga_only,90.81500244140625,7.364041699984227
cifar10,raspi4_latency,ga_only,90.81500244140625,7.364041699984227
cifar10,raspi4_latency,ga_only,90.81500244140625,7.364041699984227
cifar10,raspi4_latency,ga_only,90.81500244140625,7.364041699984227
cifar10,raspi4_latency,ga_only,90.81500244140625,7.364041699984227
cifar10,raspi4_latency,ga_only,90.81500244140625,7.364041699984227
cifar10,raspi4_latency,ga_only,90.81500244140625,7.364041699984227
cifar10,raspi4_latency,ga_only,90.81500244140625,7.364041699984227
cifar10,raspi4_latency,ga_only,90.81500244140625,7.364041699984227
cifar10,raspi4_latency,ga_only,90.81500244140625,7.364041699984227
cifar10,raspi4_latency,ga_only,90.81500244140625,7.364041699984227
cifar10,raspi4_latency,ga_only,90.81500244140625,7.364041699984227
cifar10,raspi4_latency,ga_only,90.81500244140625,7.364041699984227
cifar10,raspi4_latency,ga_only,90.81500244140625,7.364041699984227
cifar10,raspi4_latency,ga_only,90.81500244140625,7.364041699984227
cifar10,raspi4_latency,ga_only,90.81500244140625,7.364041699984227
cifar10,raspi4_latency,ga_only,90.81500244140625,7.364041699984227
cifar10,raspi4_latency,ga_only,90.81500244140625,7.364041699984227
cifar10,raspi4_latency,ga_only,90.81500244140625,7.364041699984227
cifar10,raspi4_latency,ga_only,90.81500244140625,7.364041699984227
cifar10,raspi4_latency,ga_only,90.81500244140625,7.364041699984227
cifar10,raspi4_latency,ga_only,90.81500244140625,7.364041699984227
cifar10,raspi4_latency,ga_only,90.81500244140625,7.364041699984227
cifar10,raspi4_latency,ga_only,90.81500244140625,7.364041699984227
cifar10,raspi4_latency,ga_only,90.81500244140625,7.364041699984227
cifar10,raspi4_latency,ga_only,90.81500244140625,7.364041699984227
cifar10,raspi4_latency,ga_only,90.81500244140625,7.364041699984227
cifar10,raspi4_latency,ga_only,90.81500244140625,7.364041699984227
cifar10,raspi4_latency,ga_only,90.81500244140625,7.364041699984227
cifar10,raspi4_latency,ga_only,90.81500244140625,7.364041699984227
cifar10,raspi4_latency,ga_only,90.81500244140625,7.364041699984227
cifar10,raspi4_latency,ga_only,90.81500244140625,7.364041699984227
cifar10,raspi4_latency,ga_only,90.81500244140625,7.364041699984227
cifar10,raspi4_latency,ga_only,90.81500244140625,7.364041699984227
cifar10,raspi4_latency,ga_only,90.81500244140625,7.364041699984227
cifar10,raspi4_latency,ga_only,90.81500244140625,7.364041699984227
cifar10,raspi4_latency,ga_only,90.81500244140625,7.364041699984227
cifar10,raspi4_latency,ga_only,90.81500244140625,7.364041699984227
cifar10,raspi4_latency,ga_only,90.81500244140625,7.364041699984227
cifar10,raspi4_latency,ga_only,90.81500244140625,7.364041699984227
cifar10,raspi4_latency,ga_only,90.81500244140625,7.364041699984227
cifar10,raspi4_latency,ga_only,90.81500244140625,7.364041699984227
cifar10,raspi4_latency,ga_only,90.81500244140625,7.364041699984227
cifar10,raspi4_latency,ga_only,90.81500244140625,7.364041699984227
cifar10,raspi4_latency,ga_only,90.81500244140625,7.364041699984227
cifar10,raspi4_latency,ga_only,90.81500244140625,7.364041699984227
cifar10,raspi4_latency,ga_only,90.81500244140625,7.364041699984227
cifar10,raspi4_latency,ga_only,90.81500244140625,7.364041699984227
cifar10,raspi4_latency,ga_only,90.81500244140625,7.364041699984227
cifar10,raspi4_latency,ga_only,90.81500244140625,7.364041699984227
cifar10,raspi4_latency,ga_only,90.81500244140625,7.364041699984227
cifar10,raspi4_latency,ga_only,90.81500244140625,7.364041699984227
cifar10,raspi4_latency,ga_only,90.81500244140625,7.364041699984227
cifar10,raspi4_latency,ga_only,90.81500244140625,7.364041699984227
cifar10,raspi4_latency,ga_only,90.81500244140625,7.364041699984227
cifar10,raspi4_latency,ga_only,90.81500244140625,7.364041699984227
cifar10,raspi4_latency,ga_only,90.81500244140625,7.364041699984227
cifar10,raspi4_latency,ga_only,90.81500244140625,7.364041699984227
cifar10,raspi4_latency,ga_only,90.81500244140625,7.364041699984227
cifar10,raspi4_latency,ga_only,90.81500244140625,7.364041699984227
cifar10,raspi4_latency,ga_only,90.81500244140625,7.364041699984227
cifar10,raspi4_latency,ga_only,90.81500244140625,7.364041699984227
cifar10,raspi4_latency,ga_only,90.81500244140625,7.364041699984227
cifar10,raspi4_latency,ga_only,90.81500244140625,7.364041699984227
cifar10,raspi4_latency,ga_only,90.81500244140625,7.364041699984227
cifar10,raspi4_latency,ga_only,90.81500244140625,7.364041699984227
cifar10,raspi4_latency,ga_only,90.81500244140625,7.364041699984227
cifar10,raspi4_latency,ga_only,90.81500244140625,7.364041699984227
cifar10,raspi4_latency,ga_only,90.81500244140625,7.364041699984227
cifar10,raspi4_latency,ga_only,90.81500244140625,7.364041699984227
cifar10,raspi4_latency,ga_only,90.81500244140625,7.364041699984227
cifar10,raspi4_latency,ga_only,90.81500244140625,7.364041699984227
cifar10,raspi4_latency,ga_only,90.81500244140625,7.364041699984227
cifar10,raspi4_latency,ga_only,90.81500244140625,7.364041699984227
cifar10,raspi4_latency,ga_only,90.81500244140625,7.364041699984227
cifar10,raspi4_latency,ga_only,90.81500244140625,7.364041699984227
cifar10,raspi4_latency,ga_only,90.81500244140625,7.364041699984227
cifar10,raspi4_latency,ga_only,90.81500244140625,7.364041699984227
cifar10,raspi4_latency,ga_only,90.81500244140625,7.364041699984227
cifar10,raspi4_latency,ga_only,90.81500244140625,7.364041699984227
cifar10,raspi4_latency,ga_only,90.81500244140625,7.364041699984227
cifar10,raspi4_latency,ga_only,90.81500244140625,7.364041699984227
cifar10,raspi4_latency,ga_only,90.81500244140625,7.364041699984227
cifar10,raspi4_latency,ga_only,90.81500244140625,7.364041699984227
cifar10,raspi4_latency,ga_only,90.81500244140625,7.364041699984227
cifar10,raspi4_latency,ga_only,90.81500244140625,7.364041699984227
cifar10,raspi4_latency,ga_only,90.81500244140625,7.364041699984227
cifar10,raspi4_latency,ga_only,90.81500244140625,7.364041699984227
cifar10,raspi4_latency,ga_only,90.81500244140625,7.364041699984227
cifar10,raspi4_latency,ga_only,90.81500244140625,7.364041699984227
cifar10,raspi4_latency,ga_only,90.81500244140625,7.364041699984227
cifar10,raspi4_latency,ga_only,90.81500244140625,7.364041699984227
cifar10,raspi4_latency,ga_only,90.81500244140625,7.364041699984227
cifar10,raspi4_latency,ga_only,90.81500244140625,7.364041699984227
cifar10,raspi4_latency,ga_only,90.81500244140625,7.364041699984227
cifar10,raspi4_latency,ga_only,90.81500244140625,7.364041699984227
cifar10,raspi4_latency,ga_only,90.81500244140625,7.364041699984227
cifar10,raspi4_latency,ga_only,90.81500244140625,7.364041699984227
cifar10,raspi4_latency,ga_only,90.81500244140625,7.364041699984227
cifar10,raspi4_latency,ga_only,90.81500244140625,7.364041699984227
cifar10,raspi4_latency,ga_only,90.81500244140625,7.364041699984227
cifar10,raspi4_latency,ga_only,90.81500244140625,7.364041699984227
cifar10,raspi4_latency,ga_only,90.81500244140625,7.364041699984227
cifar10,raspi4_latency,ga_only,90.81500244140625,7.364041699984227
cifar10,raspi4_latency,ga_only,90.81500244140625,7.364041699984227
cifar10,raspi4_latency,ga_only,90.81500244140625,7.364041699984227
cifar10,raspi4_latency,ga_only,90.81500244140625,7.364041699984227
cifar10,raspi4_latency,ga_only,90.81500244140625,7.364041699984227
cifar10,raspi4_latency,ga_only,90.81500244140625,7.364041699984227
cifar10,raspi4_latency,ga_only,90.81500244140625,7.364041699984227
cifar10,raspi4_latency,ga_only,90.81500244140625,7.364041699984227
cifar10,raspi4_latency,ga_only,90.81500244140625,7.364041699984227
cifar10,raspi4_latency,ga_only,90.81500244140625,7.364041699984227
cifar10,raspi4_latency,ga_only,90.81500244140625,7.364041699984227
cifar10,raspi4_latency,ga_only,90.81500244140625,7.364041699984227
cifar10,raspi4_latency,ga_only,90.81500244140625,7.364041699984227
cifar10,raspi4_latency,ga_only,90.81500244140625,7.364041699984227
cifar10,raspi4_latency,ga_only,90.81500244140625,7.364041699984227
cifar10,raspi4_latency,ga_only,90.81500244140625,7.364041699984227
cifar10,raspi4_latency,ga_only,90.81500244140625,7.364041699984227
cifar10,raspi4_latency,ga_only,90.81500244140625,7.364041699984227
cifar10,raspi4_latency,ga_only,90.81500244140625,7.364041699984227
cifar10,raspi4_latency,ga_only,90.83000183105469,7.433145920003881
cifar10,raspi4_latency,ga_only,90.83000183105469,7.433145920003881
cifar10,raspi4_latency,ga_only,90.83000183105469,7.433145920003881
cifar10,raspi4_latency,ga_only,90.83000183105469,7.433145920003881
cifar10,raspi4_latency,ga_only,90.83000183105469,7.433145920003881
cifar10,raspi4_latency,ga_only,90.83000183105469,7.433145920003881
cifar10,raspi4_latency,ga_only,90.83000183105469,7.433145920003881
cifar10,raspi4_latency,ga_only,90.83000183105469,7.433145920003881
cifar10,raspi4_latency,ga_only,90.83000183105469,7.433145920003881
cifar10,raspi4_latency,ga_only,90.83000183105469,7.433145920003881
cifar10,raspi4_latency,ga_only,90.83000183105469,7.433145920003881
cifar10,raspi4_latency,ga_only,90.98999786376953,11.904152159986552
cifar10,raspi4_latency,ga_only,90.98999786376953,11.904152159986552
cifar10,raspi4_latency,ga_only,91.31500244140625,12.403557319994434
cifar10,raspi4_latency,ga_only,92.04000091552734,16.4694648799923
cifar10,raspi4_latency,ga_only,92.12999725341797,16.890612699935446
cifar10,raspi4_latency,ga_only,92.14666748046875,17.893960000001243
cifar10,raspi4_latency,ga_only,92.14666748046875,17.893960000001243
cifar10,raspi4_latency,ga_only,92.14666748046875,17.893960000001243
cifar10,raspi4_latency,ga_only,92.14666748046875,17.893960000001243
cifar10,raspi4_latency,ga_only,92.14666748046875,17.893960000001243
cifar10,raspi4_latency,ga_only,92.14666748046875,17.893960000001243
cifar10,raspi4_latency,ga_only,92.1866683959961,17.97979146002035
cifar10,raspi4_latency,ga_only,92.1866683959961,17.97979146002035
cifar10,raspi4_latency,ga_only,92.1866683959961,17.97979146002035
cifar10,raspi4_latency,ga_only,92.1866683959961,17.97979146002035
cifar10,raspi4_latency,ga_only,92.1866683959961,17.97979146002035
cifar10,raspi4_latency,ga_only,92.1866683959961,17.97979146002035
cifar10,raspi4_latency,ga_only,92.1866683959961,17.97979146002035
cifar10,raspi4_latency,ga_only,92.1866683959961,17.97979146002035
cifar10,raspi4_latency,ga_only,92.20999908447266,18.038305660011247
cifar10,raspi4_latency,ga_only,92.2750015258789,18.52330294001149
cifar10,raspi4_latency,ga_only,92.2750015258789,18.52330294001149
cifar10,raspi4_latency,ga_only,92.2750015258789,18.52330294001149
cifar10,raspi4_latency,ga_only,92.31500244140625,19.099901840017992
cifar10,raspi4_latency,ga_only,92.31500244140625,19.099901840017992
cifar10,raspi4_latency,ga_only,92.31500244140625,19.099901840017992
cifar10,raspi4_latency,ga_only,92.31500244140625,19.099901840017992
cifar10,raspi4_latency,ga_only,93.2699966430664,19.48483562002366
cifar10,raspi4_latency,ga_only,93.2699966430664,19.48483562002366
cifar10,raspi4_latency,ga_only,93.2699966430664,19.48483562002366
cifar10,raspi4_latency,ga_only,93.2699966430664,19.48483562002366
cifar10,raspi4_latency,ga_only,93.2699966430664,19.48483562002366
cifar10,raspi4_latency,ga_only,93.2699966430664,19.48483562002366
cifar10,raspi4_latency,ga_only,93.2699966430664,19.48483562002366
cifar10,raspi4_latency,ga_only,93.2699966430664,19.48483562002366
cifar10,raspi4_latency,ga_only,93.2699966430664,19.48483562002366
cifar10,raspi4_latency,ga_only,93.2699966430664,19.48483562002366
cifar10,raspi4_latency,ga_only,93.2699966430664,19.48483562002366
cifar10,raspi4_latency,ga_only,93.2699966430664,19.48483562002366
cifar10,raspi4_latency,ga_only,93.2699966430664,19.48483562002366
cifar10,raspi4_latency,ga_only,93.2699966430664,19.48483562002366
cifar10,raspi4_latency,ga_only,93.2699966430664,19.48483562002366
cifar10,raspi4_latency,ga_only,93.2699966430664,19.48483562002366
cifar10,raspi4_latency,ga_only,93.2699966430664,19.48483562002366
cifar10,raspi4_latency,ga_only,93.2699966430664,19.48483562002366
cifar10,raspi4_latency,ga_only,93.2699966430664,19.48483562002366
cifar10,raspi4_latency,ga_only,93.2699966430664,19.48483562002366
cifar10,raspi4_latency,ga_only,93.2699966430664,19.48483562002366
cifar10,raspi4_latency,ga_only,93.2699966430664,19.48483562002366
cifar10,raspi4_latency,ga_only,93.2699966430664,19.48483562002366
cifar10,raspi4_latency,ga_only,93.2699966430664,19.48483562002366
cifar10,raspi4_latency,ga_only,93.2699966430664,19.48483562002366
cifar10,raspi4_latency,ga_only,93.2699966430664,19.48483562002366
cifar10,raspi4_latency,ga_only,93.2699966430664,19.48483562002366
cifar10,raspi4_latency,ga_only,93.2699966430664,19.48483562002366
cifar10,raspi4_latency,ga_only,93.2699966430664,19.48483562002366
cifar10,raspi4_latency,ga_only,93.2699966430664,19.48483562002366
cifar10,raspi4_latency,ga_only,93.2699966430664,19.48483562002366
cifar10,raspi4_latency,ga_only,93.2699966430664,19.48483562002366
cifar10,raspi4_latency,ga_only,93.2699966430664,19.48483562002366
cifar10,raspi4_latency,ga_only,93.2699966430664,19.48483562002366
cifar10,raspi4_latency,ga_only,93.2699966430664,19.48483562002366
cifar10,raspi4_latency,ga_only,93.2699966430664,19.48483562002366
cifar10,raspi4_latency,ga_only,93.2699966430664,19.48483562002366
cifar10,raspi4_latency,ga_only,93.2699966430664,19.48483562002366
cifar10,raspi4_latency,ga_only,93.2699966430664,19.48483562002366
cifar10,raspi4_latency,ga_only,93.2699966430664,19.48483562002366
cifar10,raspi4_latency,ga_only,93.2699966430664,19.48483562002366
cifar10,raspi4_latency,ga_only,93.2699966430664,19.48483562002366
cifar10,raspi4_latency,ga_only,93.2699966430664,19.48483562002366
cifar10,raspi4_latency,ga_only,93.2699966430664,19.48483562002366
cifar10,raspi4_latency,ga_only,93.2699966430664,19.48483562002366
cifar10,raspi4_latency,ga_only,93.2699966430664,19.48483562002366
cifar10,raspi4_latency,ga_only,93.2699966430664,19.48483562002366
cifar10,raspi4_latency,ga_only,93.2699966430664,19.48483562002366
cifar10,raspi4_latency,ga_only,93.2699966430664,19.48483562002366
cifar10,raspi4_latency,ga_only,93.2699966430664,19.48483562002366
cifar10,raspi4_latency,ga_only,93.2699966430664,19.48483562002366
cifar10,raspi4_latency,ga_only,93.2699966430664,19.48483562002366
cifar10,raspi4_latency,ga_only,93.2699966430664,19.48483562002366
cifar10,raspi4_latency,ga_only,93.2699966430664,19.48483562002366
cifar10,raspi4_latency,ga_only,93.2699966430664,19.48483562002366
cifar10,raspi4_latency,ga_only,93.2699966430664,19.48483562002366
cifar10,raspi4_latency,ga_only,93.2699966430664,19.48483562002366
cifar10,raspi4_latency,ga_only,93.2699966430664,19.48483562002366
cifar10,raspi4_latency,ga_only,93.2699966430664,19.48483562002366
cifar10,raspi4_latency,ga_only,93.2699966430664,19.48483562002366
cifar10,raspi4_latency,ga_only,93.2699966430664,19.48483562002366
cifar10,raspi4_latency,ga_only,93.2699966430664,19.48483562002366
cifar10,raspi4_latency,ga_only,93.2699966430664,19.48483562002366
cifar10,raspi4_latency,ga_only,93.2699966430664,19.48483562002366
cifar10,raspi4_latency,ga_only,93.2699966430664,19.48483562002366
cifar10,raspi4_latency,ga_only,93.2699966430664,19.48483562002366
cifar10,raspi4_latency,ga_only,93.2699966430664,19.48483562002366
cifar10,raspi4_latency,ga_only,93.2699966430664,19.48483562002366
cifar10,raspi4_latency,ga_only,93.2699966430664,19.48483562002366
cifar10,raspi4_latency,ga_only,93.2699966430664,19.48483562002366
cifar10,raspi4_latency,ga_only,93.2699966430664,19.48483562002366
cifar10,raspi4_latency,ga_only,93.2699966430664,19.48483562002366
cifar10,raspi4_latency,ga_only,93.2699966430664,19.48483562002366
cifar10,raspi4_latency,ga_only,93.2699966430664,19.48483562002366
cifar10,raspi4_latency,ga_only,93.2699966430664,19.48483562002366
cifar10,raspi4_latency,ga_only,93.2699966430664,19.48483562002366
cifar10,raspi4_latency,ga_only,93.2699966430664,19.48483562002366
cifar10,raspi4_latency,ga_only,93.2699966430664,19.48483562002366
cifar10,raspi4_latency,ga_only,93.2699966430664,19.48483562002366
cifar10,raspi4_latency,ga_only,93.2699966430664,19.48483562002366
cifar10,raspi4_latency,ga_only,93.2699966430664,19.48483562002366
cifar10,raspi4_latency,ga_only,93.2699966430664,19.48483562002366
cifar10,raspi4_latency,ga_only,93.2699966430664,19.48483562002366
cifar10,raspi4_latency,ga_only,93.2699966430664,19.48483562002366
cifar10,raspi4_latency,ga_only,93.2699966430664,19.48483562002366
cifar10,raspi4_latency,ga_only,93.2699966430664,19.48483562002366
cifar10,raspi4_latency,ga_only,93.2699966430664,19.48483562002366
cifar10,raspi4_latency,ga_only,93.2699966430664,19.48483562002366
cifar10,raspi4_latency,ga_only,93.2699966430664,19.48483562002366
cifar10,raspi4_latency,ga_only,93.2699966430664,19.48483562002366
cifar10,raspi4_latency,ga_only,93.2699966430664,19.48483562002366
cifar10,raspi4_latency,ga_only,93.2699966430664,19.48483562002366
cifar10,raspi4_latency,ga_only,93.2699966430664,19.48483562002366
cifar10,raspi4_latency,ga_only,93.2699966430664,19.48483562002366
cifar10,raspi4_latency,ga_only,93.2699966430664,19.48483562002366
cifar10,raspi4_latency,ga_only,93.2699966430664,19.48483562002366
cifar10,raspi4_latency,ga_only,93.2699966430664,19.48483562002366
cifar10,raspi4_latency,ga_only,93.2699966430664,19.48483562002366
cifar10,raspi4_latency,ga_only,93.2699966430664,19.48483562002366
cifar10,raspi4_latency,ga_only,93.2699966430664,19.48483562002366
cifar10,raspi4_latency,ga_only,93.2699966430664,19.48483562002366
cifar10,raspi4_latency,ga_only,93.2699966430664,19.48483562002366
cifar10,raspi4_latency,ga_only,93.27999877929688,20.628488280053716
cifar10,raspi4_latency,ga_only,93.27999877929688,20.628488280053716
cifar10,raspi4_latency,ga_only,93.27999877929688,20.628488280053716
cifar10,raspi4_latency,ga_only,93.27999877929688,20.628488280053716
cifar10,raspi4_latency,ga_only,93.27999877929688,20.628488280053716
cifar10,raspi4_latency,ga_only,93.27999877929688,20.628488280053716
cifar10,raspi4_latency,ga_only,93.27999877929688,20.628488280053716
cifar10,raspi4_latency,ga_only,93.27999877929688,20.628488280053716
cifar10,raspi4_latency,ga_only,93.27999877929688,20.628488280053716
cifar10,raspi4_latency,ga_only,93.27999877929688,20.628488280053716
cifar10,raspi4_latency,ga_only,93.27999877929688,20.628488280053716
cifar10,raspi4_latency,ga_only,93.27999877929688,20.628488280053716
cifar10,raspi4_latency,ga_only,93.27999877929688,20.628488280053716
cifar10,raspi4_latency,ga_only,93.27999877929688,20.628488280053716
cifar10,raspi4_latency,ga_only,93.27999877929688,20.628488280053716
cifar10,raspi4_latency,ga_only,93.27999877929688,20.628488280053716
cifar10,raspi4_latency,ga_only,93.37666320800781,21.46116534000612
cifar10,raspi4_latency,ga_only,93.37666320800781,21.46116534000612
cifar10,raspi4_latency,ga_only,93.37666320800781,21.46116534000612
cifar10,raspi4_latency,ga_only,93.37666320800781,21.46116534000612
cifar10,raspi4_latency,ga_only,93.37666320800781,21.46116534000612
cifar10,raspi4_latency,ga_only,93.37666320800781,21.46116534000612
cifar10,raspi4_latency,ga_only,93.37666320800781,21.46116534000612
cifar10,raspi4_latency,ga_only,93.37666320800781,21.46116534000612
cifar10,raspi4_latency,ga_only,93.37666320800781,21.46116534000612
cifar10,raspi4_latency,ga_only,93.37666320800781,21.46116534000612
cifar10,raspi4_latency,ga_only,93.37666320800781,21.46116534000612
cifar10,raspi4_latency,ga_only,93.37666320800781,21.46116534000612
cifar10,raspi4_latency,ga_only,93.39666748046875,22.24938146013301
cifar10,raspi4_latency,ga_only,93.39666748046875,22.24938146013301
cifar10,raspi4_latency,ga_only,93.39666748046875,22.24938146013301
cifar10,raspi4_latency,ga_only,93.39666748046875,22.24938146013301
cifar10,raspi4_latency,ga_only,93.39666748046875,22.24938146013301
cifar10,raspi4_latency,ga_only,93.39666748046875,22.24938146013301
cifar10,raspi4_latency,ga_only,93.39666748046875,22.24938146013301
cifar10,raspi4_latency,ga_only,93.39666748046875,22.24938146013301
cifar10,raspi4_latency,ga_only,93.39666748046875,22.24938146013301
cifar10,raspi4_latency,ga_only,93.39666748046875,22.24938146013301
cifar10,raspi4_latency,ga_only,93.39666748046875,22.24938146013301
cifar10,raspi4_latency,ga_only,93.39666748046875,22.24938146013301
cifar10,raspi4_latency,ga_only,93.39666748046875,22.24938146013301
cifar10,raspi4_latency,ga_only,93.39666748046875,22.24938146013301
cifar10,raspi4_latency,ga_only,93.39666748046875,22.24938146013301
cifar10,raspi4_latency,ga_only,93.39666748046875,22.24938146013301
cifar10,raspi4_latency,ga_only,93.39666748046875,22.24938146013301
cifar10,raspi4_latency,ga_only,93.39666748046875,22.24938146013301
cifar10,raspi4_latency,ga_only,93.39666748046875,22.24938146013301
cifar10,raspi4_latency,ga_only,93.39666748046875,22.24938146013301
cifar10,raspi4_latency,ga_only,93.39666748046875,22.24938146013301
cifar10,raspi4_latency,ga_only,93.39666748046875,22.24938146013301
cifar10,raspi4_latency,ga_only,93.39666748046875,22.24938146013301
cifar10,raspi4_latency,ga_only,93.39666748046875,22.24938146013301
cifar10,raspi4_latency,ga_only,93.39666748046875,22.24938146013301
cifar10,raspi4_latency,ga_only,93.39666748046875,22.24938146013301
cifar10,raspi4_latency,ga_only,93.39666748046875,22.24938146013301
cifar10,raspi4_latency,ga_only,93.39666748046875,22.24938146013301
cifar10,raspi4_latency,ga_only,93.39666748046875,22.24938146013301
cifar10,raspi4_latency,ga_only,93.39666748046875,22.24938146013301
cifar10,raspi4_latency,ga_only,93.39666748046875,22.24938146013301
cifar10,raspi4_latency,ga_only,93.39666748046875,22.24938146013301
cifar10,raspi4_latency,ga_only,93.39666748046875,22.24938146013301
cifar10,raspi4_latency,ga_only,93.39666748046875,22.24938146013301
cifar10,raspi4_latency,ga_only,93.39666748046875,22.24938146013301
cifar10,raspi4_latency,ga_only,93.39666748046875,22.24938146013301
cifar10,raspi4_latency,ga_only,93.39666748046875,22.24938146013301
cifar10,raspi4_latency,ga_only,93.39666748046875,22.24938146013301
cifar10,raspi4_latency,ga_only,93.39666748046875,22.24938146013301
cifar10,raspi4_latency,ga_only,93.39666748046875,22.24938146013301
cifar10,raspi4_latency,ga_only,93.39666748046875,22.24938146013301
cifar10,raspi4_latency,ga_only,93.39666748046875,22.24938146013301
cifar10,raspi4_latency,ga_only,93.39666748046875,22.24938146013301
cifar10,raspi4_latency,ga_only,93.39666748046875,22.24938146013301
cifar10,raspi4_latency,ga_only,93.39666748046875,22.24938146013301
cifar10,raspi4_latency,ga_only,93.39666748046875,22.24938146013301
cifar10,raspi4_latency,ga_only,93.39666748046875,22.24938146013301
cifar10,raspi4_latency,ga_only,93.39666748046875,22.24938146013301
cifar10,raspi4_latency,ga_only,93.39666748046875,22.24938146013301
cifar10,raspi4_latency,ga_only,93.39666748046875,22.24938146013301
cifar10,raspi4_latency,ga_only,93.39666748046875,22.24938146013301
cifar10,raspi4_latency,ga_only,93.39666748046875,22.24938146013301
cifar10,raspi4_latency,ga_only,93.39666748046875,22.24938146013301
cifar10,raspi4_latency,ga_only,93.39666748046875,22.24938146013301
cifar10,raspi4_latency,ga_only,93.39666748046875,22.24938146013301
cifar10,raspi4_latency,ga_only,93.39666748046875,22.24938146013301
cifar10,raspi4_latency,ga_only,93.39666748046875,22.24938146013301
cifar10,raspi4_latency,ga_only,93.39666748046875,22.24938146013301
cifar10,raspi4_latency,ga_only,93.39666748046875,22.24938146013301
cifar10,raspi4_latency,ga_only,93.39666748046875,22.24938146013301
cifar10,raspi4_latency,ga_only,93.39666748046875,22.24938146013301
cifar10,raspi4_latency,ga_only,93.39666748046875,22.24938146013301
cifar10,raspi4_latency,ga_only,93.39666748046875,22.24938146013301
cifar10,raspi4_latency,ga_only,93.39666748046875,22.24938146013301
cifar10,raspi4_latency,ga_only,93.39666748046875,22.24938146013301
cifar10,raspi4_latency,ga_only,93.39666748046875,22.24938146013301
cifar10,raspi4_latency,ga_only,93.39666748046875,22.24938146013301
cifar10,raspi4_latency,ga_only,93.39666748046875,22.24938146013301
cifar10,raspi4_latency,ga_only,93.39666748046875,22.24938146013301
cifar10,raspi4_latency,ga_only,93.39666748046875,22.24938146013301
cifar10,raspi4_latency,ga_only,93.39666748046875,22.24938146013301
cifar10,raspi4_latency,ga_only,93.39666748046875,22.24938146013301
cifar10,raspi4_latency,ga_only,93.39666748046875,22.24938146013301
cifar10,raspi4_latency,ga_only,93.39666748046875,22.24938146013301
cifar10,raspi4_latency,ga_only,93.39666748046875,22.24938146013301
cifar10,raspi4_latency,ga_only,93.39666748046875,22.24938146013301
cifar10,raspi4_latency,ga_only,93.39666748046875,22.24938146013301
cifar10,raspi4_latency,ga_only,93.39666748046875,22.24938146013301
cifar10,raspi4_latency,ga_only,93.39666748046875,22.24938146013301
cifar10,raspi4_latency,ga_only,93.39666748046875,22.24938146013301
cifar10,raspi4_latency,ga_only,93.39666748046875,22.24938146013301
cifar10,raspi4_latency,ga_only,93.39666748046875,22.24938146013301
cifar10,raspi4_latency,ga_only,93.39666748046875,22.24938146013301
cifar10,raspi4_latency,ga_only,93.39666748046875,22.24938146013301
cifar10,raspi4_latency,ga_only,93.39666748046875,22.24938146013301
cifar10,raspi4_latency,ga_only,93.39666748046875,22.24938146013301
cifar10,raspi4_latency,ga_only,93.39666748046875,22.24938146013301
cifar10,raspi4_latency,ga_only,93.39666748046875,22.24938146013301
cifar10,raspi4_latency,ga_only,93.39666748046875,22.24938146013301
cifar10,raspi4_latency,ga_only,93.39666748046875,22.24938146013301
cifar10,raspi4_latency,ga_only,93.39666748046875,22.24938146013301
cifar10,raspi4_latency,ga_only,93.39666748046875,22.24938146013301
cifar10,raspi4_latency,ga_only,93.39666748046875,22.24938146013301
cifar10,raspi4_latency,ga_only,93.39666748046875,22.24938146013301
cifar10,raspi4_latency,ga_only,93.39666748046875,22.24938146013301
cifar10,raspi4_latency,ga_only,93.39666748046875,22.24938146013301
cifar10,raspi4_latency,ga_only,93.39666748046875,22.24938146013301
cifar10,raspi4_latency,ga_only,93.39666748046875,22.24938146013301
cifar10,raspi4_latency,ga_only,93.39666748046875,22.24938146013301
cifar10,raspi4_latency,ga_only,93.39666748046875,22.24938146013301
cifar10,raspi4_latency,ga_only,93.39666748046875,22.24938146013301
cifar10,raspi4_latency,ga_only,93.39666748046875,22.24938146013301
cifar10,raspi4_latency,ga_only,93.39666748046875,22.24938146013301
cifar10,raspi4_latency,ga_only,93.39666748046875,22.24938146013301
cifar10,raspi4_latency,ga_only,93.39666748046875,22.24938146013301
cifar10,raspi4_latency,ga_only,93.39666748046875,22.24938146013301
cifar10,raspi4_latency,ga_only,93.39666748046875,22.24938146013301
cifar10,raspi4_latency,ga_only,93.39666748046875,22.24938146013301
cifar10,raspi4_latency,ga_only,93.39666748046875,22.24938146013301
cifar10,raspi4_latency,ga_only,93.39666748046875,22.24938146013301
cifar10,raspi4_latency,ga_only,93.39666748046875,22.24938146013301
cifar10,raspi4_latency,ga_only,93.39666748046875,22.24938146013301
cifar10,raspi4_latency,ga_only,93.39666748046875,22.24938146013301
cifar10,raspi4_latency,ga_only,93.39666748046875,22.24938146013301
cifar10,raspi4_latency,ga_only,93.39666748046875,22.24938146013301
cifar10,raspi4_latency,ga_only,93.39666748046875,22.24938146013301
cifar10,raspi4_latency,ga_only,93.39666748046875,22.24938146013301
cifar10,raspi4_latency,ga_only,93.39666748046875,22.24938146013301
cifar10,raspi4_latency,ga_only,93.39666748046875,22.24938146013301
cifar10,raspi4_latency,ga_only,93.39666748046875,22.24938146013301
cifar10,raspi4_latency,ga_only,93.39666748046875,22.24938146013301
cifar10,raspi4_latency,ga_only,93.39666748046875,22.24938146013301
cifar10,raspi4_latency,ga_only,93.39666748046875,22.24938146013301
cifar10,raspi4_latency,ga_only,93.39666748046875,22.24938146013301
cifar10,raspi4_latency,ga_only,93.39666748046875,22.24938146013301
cifar10,raspi4_latency,ga_only,93.39666748046875,22.24938146013301
cifar10,raspi4_latency,ga_only,93.39666748046875,22.24938146013301
cifar10,raspi4_latency,ga_only,93.39666748046875,22.24938146013301
cifar10,raspi4_latency,ga_only,93.39666748046875,22.24938146013301
cifar10,raspi4_latency,ga_only,93.39666748046875,22.24938146013301
cifar10,raspi4_latency,ga_only,93.39666748046875,22.24938146013301
cifar10,raspi4_latency,ga_only,93.39666748046875,22.24938146013301
cifar10,raspi4_latency,ga_only,93.39666748046875,22.24938146013301
cifar10,raspi4_latency,ga_only,93.39666748046875,22.24938146013301
cifar10,raspi4_latency,ga_only,93.39666748046875,22.24938146013301
cifar10,raspi4_latency,ga_only,93.39666748046875,22.24938146013301
cifar10,raspi4_latency,ga_only,93.39666748046875,22.24938146013301
cifar10,raspi4_latency,ga_only,93.39666748046875,22.24938146013301
cifar10,raspi4_latency,ga_only,93.39666748046875,22.24938146013301
cifar10,raspi4_latency,ga_only,93.39666748046875,22.24938146013301
cifar10,raspi4_latency,ga_only,93.39666748046875,22.24938146013301
cifar10,raspi4_latency,ga_only,93.39666748046875,22.24938146013301
cifar10,raspi4_latency,ga_only,93.39666748046875,22.24938146013301
cifar10,raspi4_latency,ga_only,93.39666748046875,22.24938146013301
cifar10,raspi4_latency,ga_only,93.39666748046875,22.24938146013301
cifar10,raspi4_latency,ga_only,93.39666748046875,22.24938146013301
cifar10,raspi4_latency,ga_only,93.39666748046875,22.24938146013301
cifar10,raspi4_latency,ga_only,93.39666748046875,22.24938146013301
cifar10,raspi4_latency,ga_only,93.39666748046875,22.24938146013301
cifar10,raspi4_latency,ga_only,93.39666748046875,22.24938146013301
cifar10,raspi4_latency,ga_only,93.39666748046875,22.24938146013301
cifar10,raspi4_latency,ga_only,93.39666748046875,22.24938146013301
cifar10,raspi4_latency,ga_only,93.39666748046875,22.24938146013301
cifar10,raspi4_latency,ga_only,93.39666748046875,22.24938146013301
cifar10,raspi4_latency,ga_only,93.39666748046875,22.24938146013301
cifar10,raspi4_latency,ga_only,93.39666748046875,22.24938146013301
cifar10,raspi4_latency,ga_only,93.39666748046875,22.24938146013301
cifar10,raspi4_latency,ga_only,93.39666748046875,22.24938146013301
cifar10,raspi4_latency,ga_only,93.39666748046875,22.24938146013301
cifar10,raspi4_latency,ga_only,93.39666748046875,22.24938146013301
cifar10,raspi4_latency,ga_only,93.39666748046875,22.24938146013301
cifar10,raspi4_latency,ga_only,93.39666748046875,22.24938146013301
cifar10,raspi4_latency,ga_only,93.39666748046875,22.24938146013301
cifar10,raspi4_latency,ga_only,93.39666748046875,22.24938146013301
cifar10,raspi4_latency,ga_only,93.39666748046875,22.24938146013301
cifar10,raspi4_latency,ga_only,93.39666748046875,22.24938146013301
cifar10,raspi4_latency,ga_only,93.39666748046875,22.24938146013301
cifar10,raspi4_latency,ga_only,93.39666748046875,22.24938146013301
cifar10,raspi4_latency,ga_only,93.39666748046875,22.24938146013301
cifar10,raspi4_latency,ga_only,93.39666748046875,22.24938146013301
cifar10,raspi4_latency,ga_only,93.39666748046875,22.24938146013301
cifar10,raspi4_latency,ga_only,93.39666748046875,22.24938146013301
cifar10,raspi4_latency,ga_only,93.39666748046875,22.24938146013301
cifar10,raspi4_latency,ga_only,93.39666748046875,22.24938146013301
cifar10,raspi4_latency,ga_only,93.39666748046875,22.24938146013301
cifar10,raspi4_latency,ga_only,93.39666748046875,22.24938146013301
cifar10,raspi4_latency,ga_only,93.39666748046875,22.24938146013301
cifar10,raspi4_latency,ga_only,93.39666748046875,22.24938146013301
cifar10,raspi4_latency,ga_only,93.39666748046875,22.24938146013301
cifar10,raspi4_latency,ga_only,93.39666748046875,22.24938146013301
cifar10,raspi4_latency,ga_only,93.39666748046875,22.24938146013301
cifar10,raspi4_latency,ga_only,93.39666748046875,22.24938146013301
cifar10,raspi4_latency,ga_only,93.39666748046875,22.24938146013301
cifar10,raspi4_latency,ga_only,93.39666748046875,22.24938146013301
cifar10,raspi4_latency,ga_only,93.39666748046875,22.24938146013301
cifar10,raspi4_latency,ga_only,93.39666748046875,22.24938146013301
cifar10,raspi4_latency,ga_only,93.39666748046875,22.24938146013301
cifar10,raspi4_latency,ga_only,93.39666748046875,22.24938146013301
cifar10,raspi4_latency,ga_only,93.39666748046875,22.24938146013301
cifar10,raspi4_latency,ga_only,93.39666748046875,22.24938146013301
cifar10,raspi4_latency,ga_only,93.39666748046875,22.24938146013301
cifar10,raspi4_latency,ga_only,93.39666748046875,22.24938146013301
cifar10,raspi4_latency,ga_only,93.39666748046875,22.24938146013301
cifar10,raspi4_latency,ga_only,93.39666748046875,22.24938146013301
cifar10,raspi4_latency,ga_only,93.50499725341797,24.10453887998301
cifar10,raspi4_latency,ga_only,93.50499725341797,24.10453887998301
cifar10,raspi4_latency,ga_only,93.50499725341797,24.10453887998301
cifar10,raspi4_latency,ga_only,93.50499725341797,24.10453887998301
cifar10,raspi4_latency,ga_only,93.50499725341797,24.10453887998301
cifar10,raspi4_latency,ga_only,93.50499725341797,24.10453887998301
cifar10,raspi4_latency,ga_only,93.50499725341797,24.10453887998301
cifar10,raspi4_latency,ga_only,93.50499725341797,24.10453887998301
cifar10,raspi4_latency,ga_only,93.50499725341797,24.10453887998301
cifar10,raspi4_latency,ga_only,93.50499725341797,24.10453887998301
cifar10,raspi4_latency,ga_only,93.50499725341797,24.10453887998301
cifar10,raspi4_latency,ga_only,93.50499725341797,24.10453887998301
cifar10,raspi4_latency,ga_only,93.50499725341797,24.10453887998301
cifar10,raspi4_latency,ga_only,93.51000213623047,24.816571359988302
cifar10,raspi4_latency,ga_only,93.51000213623047,24.816571359988302
cifar10,raspi4_latency,ga_only,93.75,25.47700935989269
cifar10,raspi4_latency,ga_only,93.75,25.47700935989269
cifar10,raspi4_latency,ga_only,93.7750015258789,31.394427499981248
cifar10,raspi4_latency,ga_only,93.84500122070312,33.86036249998142
cifar10,raspi4_latency,ga_only,93.84500122070312,33.86036249998142
cifar10,raspi4_latency,ga_only,93.84500122070312,33.86036249998142
cifar10,raspi4_latency,ga_only,93.84500122070312,33.86036249998142
cifar10,raspi4_latency,ga_only,93.84500122070312,33.86036249998142
cifar10,raspi4_latency,ga_only,93.84500122070312,33.86036249998142
cifar10,raspi4_latency,ga_only,93.86499786376953,34.73567703993467
cifar10,raspi4_latency,ga_only,93.86499786376953,34.73567703993467
cifar10,raspi4_latency,ga_only,93.86499786376953,34.73567703993467
cifar10,raspi4_latency,ga_only,93.87999725341797,34.92846414002997
cifar10,raspi4_latency,ga_only,93.87999725341797,34.92846414002997
cifar10,raspi4_latency,ga_only,93.91000366210938,34.95893569997861
cifar10,raspi4_latency,ga_only,94.01499938964844,37.583631460001925
cifar10,raspi4_latency,ga_only,94.01499938964844,37.583631460001925
cifar10,raspi4_latency,ga_only,94.01499938964844,37.583631460001925
cifar10,raspi4_latency,ga_only,94.02999877929688,38.02057313994737
cifar10,raspi4_latency,ga_only,94.04499816894531,43.79128970002057
cifar10,raspi4_latency,ga_only,94.08499908447266,44.70215039997129
cifar10,raspi4_latency,ga_only,94.08499908447266,44.70215039997129
cifar10,raspi4_latency,ga_only,94.18000030517578,54.51708168002369
cifar10,raspi4_latency,ga_only,94.18000030517578,54.51708168002369
cifar10,eyeriss_latency,ga_only,86.79666900634766,1.6795400000000003
cifar10,eyeriss_latency,ga_only,86.79666900634766,1.6795400000000003
cifar10,eyeriss_latency,ga_only,86.79666900634766,1.6795400000000003
cifar10,eyeriss_latency,ga_only,86.79666900634766,1.6795400000000003
cifar10,eyeriss_latency,ga_only,86.79666900634766,1.6795400000000003
cifar10,eyeriss_latency,ga_only,86.79666900634766,1.6795400000000003
cifar10,eyeriss_latency,ga_only,86.79666900634766,1.6795400000000003
cifar10,eyeriss_latency,ga_only,86.79666900634766,1.6795400000000003
cifar10,eyeriss_latency,ga_only,86.79666900634766,1.6795400000000003
cifar10,eyeriss_latency,ga_only,86.79666900634766,1.6795400000000003
cifar10,eyeriss_latency,ga_only,86.79666900634766,1.6795400000000003
cifar10,eyeriss_latency,ga_only,86.79666900634766,1.6795400000000003
cifar10,eyeriss_latency,ga_only,86.79666900634766,1.6795400000000003
cifar10,eyeriss_latency,ga_only,86.79666900634766,1.6795400000000003
cifar10,eyeriss_latency,ga_only,86.79666900634766,1.6795400000000003
cifar10,eyeriss_latency,ga_only,89.875,1.9253
cifar10,eyeriss_latency,ga_only,89.875,1.9253
cifar10,eyeriss_latency,ga_only,89.875,1.9253
cifar10,eyeriss_latency,ga_only,89.875,1.9253
cifar10,eyeriss_latency,ga_only,89.875,1.9253
cifar10,eyeriss_latency,ga_only,89.875,1.9253
cifar10,eyeriss_latency,ga_only,89.875,1.9253
cifar10,eyeriss_latency,ga_only,89.875,1.9253
cifar10,eyeriss_latency,ga_only,89.875,1.9253
cifar10,eyeriss_latency,ga_only,89.875,1.9253
cifar10,eyeriss_latency,ga_only,89.875,1.9253
cifar10,eyeriss_latency,ga_only,89.875,1.9253
cifar10,eyeriss_latency,ga_only,89.875,1.9253
cifar10,eyeriss_latency,ga_only,89.875,1.9253
cifar10,eyeriss_latency,ga_only,89.875,1.9253
cifar10,eyeriss_latency,ga_only,89.875,1.9253
cifar10,eyeriss_latency,ga_only,89.875,1.9253
cifar10,eyeriss_latency,ga_only,89.875,1.9253
cifar10,eyeriss_latency,ga_only,89.875,1.9253
cifar10,eyeriss_latency,ga_only,89.875,1.9253
cifar10,eyeriss_latency,ga_only,89.875,1.9253
cifar10,eyeriss_latency,ga_only,89.875,1.9253
cifar10,eyeriss_latency,ga_only,89.875,1.9253
cifar10,eyeriss_latency,ga_only,89.875,1.9253
cifar10,eyeriss_latency,ga_only,89.875,1.9253
cifar10,eyeriss_latency,ga_only,89.875,1.9253
cifar10,eyeriss_latency,ga_only,89.875,1.9253
cifar10,eyeriss_latency,ga_only,89.875,1.9253
cifar10,eyeriss_latency,ga_only,89.875,1.9253
cifar10,eyeriss_latency,ga_only,89.875,1.9253
cifar10,eyeriss_latency,ga_only,89.875,1.9253
cifar10,eyeriss_latency,ga_only,89.875,1.9253
cifar10,eyeriss_latency,ga_only,89.875,1.9253
cifar10,eyeriss_latency,ga_only,89.875,1.9253
cifar10,eyeriss_latency,ga_only,89.875,1.9253
cifar10,eyeriss_latency,ga_only,89.875,1.9253
cifar10,eyeriss_latency,ga_only,89.875,1.9253
cifar10,eyeriss_latency,ga_only,89.875,1.9253
cifar10,eyeriss_latency,ga_only,89.875,1.9253
cifar10,eyeriss_latency,ga_only,89.875,1.9253
cifar10,eyeriss_latency,ga_only,89.875,1.9253
cifar10,eyeriss_latency,ga_only,89.875,1.9253
cifar10,eyeriss_latency,ga_only,89.875,1.9253
cifar10,eyeriss_latency,ga_only,89.875,1.9253
cifar10,eyeriss_latency,ga_only,89.875,1.9253
cifar10,eyeriss_latency,ga_only,89.875,1.9253
cifar10,eyeriss_latency,ga_only,89.875,1.9253
cifar10,eyeriss_latency,ga_only,89.875,1.9253
cifar10,eyeriss_latency,ga_only,89.875,1.9253
cifar10,eyeriss_latency,ga_only,89.875,1.9253
cifar10,eyeriss_latency,ga_only,89.875,1.9253
cifar10,eyeriss_latency,ga_only,89.875,1.9253
cifar10,eyeriss_latency,ga_only,89.875,1.9253
cifar10,eyeriss_latency,ga_only,89.875,1.9253
cifar10,eyeriss_latency,ga_only,89.875,1.9253
cifar10,eyeriss_latency,ga_only,89.875,1.9253
cifar10,eyeriss_latency,ga_only,89.875,1.9253
cifar10,eyeriss_latency,ga_only,89.875,1.9253
cifar10,eyeriss_latency,ga_only,89.875,1.9253
cifar10,eyeriss_latency,ga_only,89.875,1.9253
cifar10,eyeriss_latency,ga_only,89.875,1.9253
cifar10,eyeriss_latency,ga_only,89.875,1.9253
cifar10,eyeriss_latency,ga_only,89.875,1.9253
cifar10,eyeriss_latency,ga_only,89.875,1.9253
cifar10,eyeriss_latency,ga_only,89.875,1.9253
cifar10,eyeriss_latency,ga_only,89.875,1.9253
cifar10,eyeriss_latency,ga_only,89.875,1.9253
cifar10,eyeriss_latency,ga_only,89.875,1.9253
cifar10,eyeriss_latency,ga_only,89.875,1.9253
cifar10,eyeriss_latency,ga_only,89.875,1.9253
cifar10,eyeriss_latency,ga_only,89.875,1.9253
cifar10,eyeriss_latency,ga_only,89.875,1.9253
cifar10,eyeriss_latency,ga_only,89.875,1.9253
cifar10,eyeriss_latency,ga_only,89.875,1.9253
cifar10,eyeriss_latency,ga_only,89.875,1.9253
cifar10,eyeriss_latency,ga_only,89.875,1.9253
cifar10,eyeriss_latency,ga_only,89.875,1.9253
cifar10,eyeriss_latency,ga_only,89.875,1.9253
cifar10,eyeriss_latency,ga_only,89.875,1.9253
cifar10,eyeriss_latency,ga_only,89.875,1.9253
cifar10,eyeriss_latency,ga_only,89.875,1.9253
cifar10,eyeriss_latency,ga_only,89.875,1.9253
cifar10,eyeriss_latency,ga_only,89.875,1.9253
cifar10,eyeriss_latency,ga_only,89.875,1.9253
cifar10,eyeriss_latency,ga_only,89.875,1.9253
cifar10,eyeriss_latency,ga_only,89.875,1.9253
cifar10,eyeriss_latency,ga_only,89.875,1.9253
cifar10,eyeriss_latency,ga_only,89.875,1.9253
cifar10,eyeriss_latency,ga_only,89.875,1.9253
cifar10,eyeriss_latency,ga_only,89.875,1.9253
cifar10,eyeriss_latency,ga_only,89.875,1.9253
cifar10,eyeriss_latency,ga_only,89.875,1.9253
cifar10,eyeriss_latency,ga_only,89.875,1.9253
cifar10,eyeriss_latency,ga_only,89.875,1.9253
cifar10,eyeriss_latency,ga_only,89.875,1.9253
cifar10,eyeriss_latency,ga_only,89.875,1.9253
cifar10,eyeriss_latency,ga_only,89.875,1.9253
cifar10,eyeriss_latency,ga_only,89.875,1.9253
cifar10,eyeriss_latency,ga_only,89.875,1.9253
cifar10,eyeriss_latency,ga_only,89.875,1.9253
cifar10,eyeriss_latency,ga_only,89.875,1.9253
cifar10,eyeriss_latency,ga_only,89.875,1.9253
cifar10,eyeriss_latency,ga_only,89.875,1.9253
cifar10,eyeriss_latency,ga_only,89.875,1.9253
cifar10,eyeriss_latency,ga_only,89.875,1.9253
cifar10,eyeriss_latency,ga_only,89.875,1.9253
cifar10,eyeriss_latency,ga_only,89.875,1.9253
cifar10,eyeriss_latency,ga_only,89.875,1.9253
cifar10,eyeriss_latency,ga_only,89.875,1.9253
cifar10,eyeriss_latency,ga_only,89.875,1.9253
cifar10,eyeriss_latency,ga_only,89.875,1.9253
cifar10,eyeriss_latency,ga_only,89.875,1.9253
cifar10,eyeriss_latency,ga_only,89.875,1.9253
cifar10,eyeriss_latency,ga_only,89.875,1.9253
cifar10,eyeriss_latency,ga_only,89.875,1.9253
cifar10,eyeriss_latency,ga_only,89.875,1.9253
cifar10,eyeriss_latency,ga_only,89.875,1.9253
cifar10,eyeriss_latency,ga_only,89.875,1.9253
cifar10,eyeriss_latency,ga_only,89.875,1.9253
cifar10,eyeriss_latency,ga_only,89.875,1.9253
cifar10,eyeriss_latency,ga_only,89.875,1.9253
cifar10,eyeriss_latency,ga_only,89.875,1.9253
cifar10,eyeriss_latency,ga_only,89.875,1.9253
cifar10,eyeriss_latency,ga_only,89.875,1.9253
cifar10,eyeriss_latency,ga_only,89.875,1.9253
cifar10,eyeriss_latency,ga_only,89.875,1.9253
cifar10,eyeriss_latency,ga_only,89.875,1.9253
cifar10,eyeriss_latency,ga_only,89.875,1.9253
cifar10,eyeriss_latency,ga_only,89.875,1.9253
cifar10,eyeriss_latency,ga_only,89.875,1.9253
cifar10,eyeriss_latency,ga_only,89.875,1.9253
cifar10,eyeriss_latency,ga_only,89.875,1.9253
cifar10,eyeriss_latency,ga_only,89.875,1.9253
cifar10,eyeriss_latency,ga_only,89.875,1.9253
cifar10,eyeriss_latency,ga_only,89.875,1.9253
cifar10,eyeriss_latency,ga_only,89.875,1.9253
cifar10,eyeriss_latency,ga_only,89.875,1.9253
cifar10,eyeriss_latency,ga_only,89.875,1.9253
cifar10,eyeriss_latency,ga_only,89.875,1.9253
cifar10,eyeriss_latency,ga_only,89.875,1.9253
cifar10,eyeriss_latency,ga_only,89.875,1.9253
cifar10,eyeriss_latency,ga_only,89.875,1.9253
cifar10,eyeriss_latency,ga_only,89.875,1.9253
cifar10,eyeriss_latency,ga_only,89.875,1.9253
cifar10,eyeriss_latency,ga_only,89.875,1.9253
cifar10,eyeriss_latency,ga_only,89.875,1.9253
cifar10,eyeriss_latency,ga_only,89.875,1.9253
cifar10,eyeriss_latency,ga_only,89.875,1.9253
cifar10,eyeriss_latency,ga_only,89.875,1.9253
cifar10,eyeriss_latency,ga_only,89.875,1.9253
cifar10,eyeriss_latency,ga_only,89.875,1.9253
cifar10,eyeriss_latency,ga_only,89.875,1.9253
cifar10,eyeriss_latency,ga_only,89.875,1.9253
cifar10,eyeriss_latency,ga_only,89.875,1.9253
cifar10,eyeriss_latency,ga_only,89.875,1.9253
cifar10,eyeriss_latency,ga_only,89.875,1.9253
cifar10,eyeriss_latency,ga_only,89.875,1.9253
cifar10,eyeriss_latency,ga_only,89.875,1.9253
cifar10,eyeriss_latency,ga_only,89.875,1.9253
cifar10,eyeriss_latency,ga_only,89.875,1.9253
cifar10,eyeriss_latency,ga_only,89.875,1.9253
cifar10,eyeriss_latency,ga_only,89.875,1.9253
cifar10,eyeriss_latency,ga_only,89.875,1.9253
cifar10,eyeriss_latency,ga_only,89.875,1.9253
cifar10,eyeriss_latency,ga_only,89.875,1.9253
cifar10,eyeriss_latency,ga_only,89.875,1.9253
cifar10,eyeriss_latency,ga_only,89.875,1.9253
cifar10,eyeriss_latency,ga_only,89.875,1.9253
cifar10,eyeriss_latency,ga_only,89.875,1.9253
cifar10,eyeriss_latency,ga_only,89.875,1.9253
cifar10,eyeriss_latency,ga_only,89.875,1.9253
cifar10,eyeriss_latency,ga_only,89.875,1.9253
cifar10,eyeriss_latency,ga_only,89.875,1.9253
cifar10,eyeriss_latency,ga_only,89.875,1.9253
cifar10,eyeriss_latency,ga_only,89.875,1.9253
cifar10,eyeriss_latency,ga_only,89.875,1.9253
cifar10,eyeriss_latency,ga_only,89.875,1.9253
cifar10,eyeriss_latency,ga_only,89.875,1.9253
cifar10,eyeriss_latency,ga_only,89.875,1.9253
cifar10,eyeriss_latency,ga_only,89.875,1.9253
cifar10,eyeriss_latency,ga_only,89.875,1.9253
cifar10,eyeriss_latency,ga_only,89.875,1.9253
cifar10,eyeriss_latency,ga_only,89.875,1.9253
cifar10,eyeriss_latency,ga_only,89.875,1.9253
cifar10,eyeriss_latency,ga_only,89.875,1.9253
cifar10,eyeriss_latency,ga_only,89.875,1.9253
cifar10,eyeriss_latency,ga_only,89.875,1.9253
cifar10,eyeriss_latency,ga_only,89.875,1.9253
cifar10,eyeriss_latency,ga_only,89.875,1.9253
cifar10,eyeriss_latency,ga_only,89.875,1.9253
cifar10,eyeriss_latency,ga_only,89.875,1.9253
cifar10,eyeriss_latency,ga_only,89.875,1.9253
cifar10,eyeriss_latency,ga_only,89.875,1.9253
cifar10,eyeriss_latency,ga_only,89.875,1.9253
cifar10,eyeriss_latency,ga_only,89.875,1.9253
cifar10,eyeriss_latency,ga_only,89.875,1.9253
cifar10,eyeriss_latency,ga_only,89.875,1.9253
cifar10,eyeriss_latency,ga_only,89.875,1.9253
cifar10,eyeriss_latency,ga_only,89.875,1.9253
cifar10,eyeriss_latency,ga_only,89.875,1.9253
cifar10,eyeriss_latency,ga_only,89.875,1.9253
cifar10,eyeriss_latency,ga_only,89.875,1.9253
cifar10,eyeriss_latency,ga_only,89.875,1.9253
cifar10,eyeriss_latency,ga_only,89.875,1.9253
cifar10,eyeriss_latency,ga_only,89.875,1.9253
cifar10,eyeriss_latency,ga_only,89.875,1.9253
cifar10,eyeriss_latency,ga_only,89.875,1.9253
cifar10,eyeriss_latency,ga_only,89.875,1.9253
cifar10,eyeriss_latency,ga_only,89.875,1.9253
cifar10,eyeriss_latency,ga_only,89.875,1.9253
cifar10,eyeriss_latency,ga_only,89.875,1.9253
cifar10,eyeriss_latency,ga_only,89.875,1.9253
cifar10,eyeriss_latency,ga_only,89.875,1.9253
cifar10,eyeriss_latency,ga_only,89.875,1.9253
cifar10,eyeriss_latency,ga_only,89.875,1.9253
cifar10,eyeriss_latency,ga_only,89.875,1.9253
cifar10,eyeriss_latency,ga_only,89.875,1.9253
cifar10,eyeriss_latency,ga_only,89.875,1.9253
cifar10,eyeriss_latency,ga_only,89.875,1.9253
cifar10,eyeriss_latency,ga_only,89.875,1.9253
cifar10,eyeriss_latency,ga_only,89.875,1.9253
cifar10,eyeriss_latency,ga_only,89.875,1.9253
cifar10,eyeriss_latency,ga_only,89.875,1.9253
cifar10,eyeriss_latency,ga_only,89.875,1.9253
cifar10,eyeriss_latency,ga_only,89.875,1.9253
cifar10,eyeriss_latency,ga_only,89.875,1.9253
cifar10,eyeriss_latency,ga_only,89.875,1.9253
cifar10,eyeriss_latency,ga_only,89.875,1.9253
cifar10,eyeriss_latency,ga_only,89.875,1.9253
cifar10,eyeriss_latency,ga_only,89.875,1.9253
cifar10,eyeriss_latency,ga_only,89.875,1.9253
cifar10,eyeriss_latency,ga_only,89.875,1.9253
cifar10,eyeriss_latency,ga_only,89.875,1.9253
cifar10,eyeriss_latency,ga_only,89.875,1.9253
cifar10,eyeriss_latency,ga_only,89.875,1.9253
cifar10,eyeriss_latency,ga_only,89.875,1.9253
cifar10,eyeriss_latency,ga_only,89.875,1.9253
cifar10,eyeriss_latency,ga_only,89.875,1.9253
cifar10,eyeriss_latency,ga_only,89.875,1.9253
cifar10,eyeriss_latency,ga_only,89.875,1.9253
cifar10,eyeriss_latency,ga_only,89.875,1.9253
cifar10,eyeriss_latency,ga_only,89.875,1.9253
cifar10,eyeriss_latency,ga_only,89.875,1.9253
cifar10,eyeriss_latency,ga_only,89.875,1.9253
cifar10,eyeriss_latency,ga_only,89.875,1.9253
cifar10,eyeriss_latency,ga_only,89.875,1.9253
cifar10,eyeriss_latency,ga_only,89.875,1.9253
cifar10,eyeriss_latency,ga_only,89.875,1.9253
cifar10,eyeriss_latency,ga_only,89.875,1.9253
cifar10,eyeriss_latency,ga_only,89.875,1.9253
cifar10,eyeriss_latency,ga_only,89.875,1.9253
cifar10,eyeriss_latency,ga_only,89.875,1.9253
cifar10,eyeriss_latency,ga_only,89.875,1.9253
cifar10,eyeriss_latency,ga_only,89.875,1.9253
cifar10,eyeriss_latency,ga_only,89.875,1.9253
cifar10,eyeriss_latency,ga_only,89.875,1.9253
cifar10,eyeriss_latency,ga_only,89.875,1.9253
cifar10,eyeriss_latency,ga_only,89.875,1.9253
cifar10,eyeriss_latency,ga_only,89.875,1.9253
cifar10,eyeriss_latency,ga_only,89.875,1.9253
cifar10,eyeriss_latency,ga_only,89.875,1.9253
cifar10,eyeriss_latency,ga_only,89.875,1.9253
cifar10,eyeriss_latency,ga_only,89.875,1.9253
cifar10,eyeriss_latency,ga_only,89.875,1.9253
cifar10,eyeriss_latency,ga_only,89.875,1.9253
cifar10,eyeriss_latency,ga_only,89.875,1.9253
cifar10,eyeriss_latency,ga_only,89.875,1.9253
cifar10,eyeriss_latency,ga_only,89.875,1.9253
cifar10,eyeriss_latency,ga_only,89.875,1.9253
cifar10,eyeriss_latency,ga_only,89.875,1.9253
cifar10,eyeriss_latency,ga_only,89.875,1.9253
cifar10,eyeriss_latency,ga_only,90.83000183105469,2.1710600000000007
cifar10,eyeriss_latency,ga_only,90.83000183105469,2.1710600000000007
cifar10,eyeriss_latency,ga_only,90.83000183105469,2.1710600000000007
cifar10,eyeriss_latency,ga_only,90.83000183105469,2.1710600000000007
cifar10,eyeriss_latency,ga_only,90.83000183105469,2.1710600000000007
cifar10,eyeriss_latency,ga_only,90.83000183105469,2.1710600000000007
cifar10,eyeriss_latency,ga_only,90.83000183105469,2.1710600000000007
cifar10,eyeriss_latency,ga_only,90.83000183105469,2.1710600000000007
cifar10,eyeriss_latency,ga_only,90.83000183105469,2.1710600000000007
cifar10,eyeriss_latency,ga_only,90.83000183105469,2.1710600000000007
cifar10,eyeriss_latency,ga_only,90.83000183105469,2.1710600000000007
cifar10,eyeriss_latency,ga_only,90.83000183105469,2.1710600000000007
cifar10,eyeriss_latency,ga_only,90.83000183105469,2.1710600000000007
cifar10,eyeriss_latency,ga_only,90.83000183105469,2.1710600000000007
cifar10,eyeriss_latency,ga_only,90.83000183105469,2.1710600000000007
cifar10,eyeriss_latency,ga_only,90.83000183105469,2.1710600000000007
cifar10,eyeriss_latency,ga_only,90.83000183105469,2.1710600000000007
cifar10,eyeriss_latency,ga_only,90.83000183105469,2.1710600000000007
cifar10,eyeriss_latency,ga_only,90.83000183105469,2.1710600000000007
cifar10,eyeriss_latency,ga_only,90.83000183105469,2.1710600000000007
cifar10,eyeriss_latency,ga_only,90.83000183105469,2.1710600000000007
cifar10,eyeriss_latency,ga_only,90.93499755859375,2.416820000000001
cifar10,eyeriss_latency,ga_only,90.93499755859375,2.416820000000001
cifar10,eyeriss_latency,ga_only,90.93499755859375,2.416820000000001
cifar10,eyeriss_latency,ga_only,90.93499755859375,2.416820000000001
cifar10,eyeriss_latency,ga_only,90.93499755859375,2.416820000000001
cifar10,eyeriss_latency,ga_only,90.93499755859375,2.416820000000001
cifar10,eyeriss_latency,ga_only,90.93499755859375,2.416820000000001
cifar10,eyeriss_latency,ga_only,90.93499755859375,2.416820000000001
cifar10,eyeriss_latency,ga_only,90.93499755859375,2.416820000000001
cifar10,eyeriss_latency,ga_only,90.93499755859375,2.416820000000001
cifar10,eyeriss_latency,ga_only,90.93499755859375,2.416820000000001
cifar10,eyeriss_latency,ga_only,90.93499755859375,2.416820000000001
cifar10,eyeriss_latency,ga_only,90.93499755859375,2.416820000000001
cifar10,eyeriss_latency,ga_only,90.93499755859375,2.416820000000001
cifar10,eyeriss_latency,ga_only,90.93499755859375,2.416820000000001
cifar10,eyeriss_latency,ga_only,90.93499755859375,2.416820000000001
cifar10,eyeriss_latency,ga_only,90.93499755859375,2.416820000000001
cifar10,eyeriss_latency,ga_only,90.98999786376953,2.662580000000001
cifar10,eyeriss_latency,ga_only,90.98999786376953,2.662580000000001
cifar10,eyeriss_latency,ga_only,90.98999786376953,2.662580000000001
cifar10,eyeriss_latency,ga_only,90.98999786376953,2.662580000000001
cifar10,eyeriss_latency,ga_only,91.29666900634766,2.9083400000000013
cifar10,eyeriss_latency,ga_only,91.29666900634766,2.9083400000000013
cifar10,eyeriss_latency,ga_only,91.29666900634766,2.9083400000000013
cifar10,eyeriss_latency,ga_only,91.29666900634766,2.9083400000000013
cifar10,eyeriss_latency,ga_only,91.29666900634766,2.9083400000000013
cifar10,eyeriss_latency,ga_only,92.29000091552734,3.1541000000000006
cifar10,eyeriss_latency,ga_only,92.29000091552734,3.1541000000000006
cifar10,eyeriss_latency,ga_only,92.29000091552734,3.1541000000000006
cifar10,eyeriss_latency,ga_only,93.39666748046875,3.3998600000000003
cifar10,eyeriss_latency,ga_only,93.39666748046875,3.3998600000000003
cifar10,eyeriss_latency,ga_only,93.39666748046875,3.3998600000000003
cifar10,eyeriss_latency,ga_only,93.39666748046875,3.3998600000000003
cifar10,eyeriss_latency,ga_only,93.39666748046875,3.3998600000000003
cifar10,eyeriss_latency,ga_only,93.39666748046875,3.3998600000000003
cifar10,eyeriss_latency,ga_only,93.39666748046875,3.3998600000000003
cifar10,eyeriss_latency,ga_only,93.39666748046875,3.3998600000000003
cifar10,eyeriss_latency,ga_only,93.39666748046875,3.3998600000000003
cifar10,eyeriss_latency,ga_only,93.59666442871094,3.645620000000001
cifar10,eyeriss_latency,ga_only,93.59666442871094,3.645620000000001
cifar10,eyeriss_latency,ga_only,93.59666442871094,3.645620000000001
cifar10,eyeriss_latency,ga_only,93.59666442871094,3.645620000000001
cifar10,eyeriss_latency,ga_only,93.59666442871094,3.645620000000001
cifar10,eyeriss_latency,ga_only,93.59666442871094,3.645620000000001
cifar10,eyeriss_latency,ga_only,93.59666442871094,3.645620000000001
cifar10,eyeriss_latency,ga_only,93.59666442871094,3.645620000000001
cifar10,eyeriss_latency,ga_only,93.59666442871094,3.645620000000001
cifar10,eyeriss_latency,ga_only,93.59666442871094,3.645620000000001
cifar10,eyeriss_latency,ga_only,93.59666442871094,3.645620000000001
cifar10,eyeriss_latency,ga_only,93.59666442871094,3.645620000000001
cifar10,eyeriss_latency,ga_only,93.59666442871094,3.645620000000001
cifar10,eyeriss_latency,ga_only,93.59666442871094,3.645620000000001
cifar10,eyeriss_latency,ga_only,93.59666442871094,3.645620000000001
cifar10,eyeriss_latency,ga_only,93.59666442871094,3.645620000000001
cifar10,eyeriss_latency,ga_only,93.59666442871094,3.645620000000001
cifar10,eyeriss_latency,ga_only,93.59666442871094,3.645620000000001
cifar10,eyeriss_latency,ga_only,93.59666442871094,3.645620000000001
cifar10,eyeriss_latency,ga_only,93.59666442871094,3.645620000000001
cifar10,eyeriss_latency,ga_only,93.59666442871094,3.645620000000001
cifar10,eyeriss_latency,ga_only,93.59666442871094,3.645620000000001
cifar10,eyeriss_latency,ga_only,93.59666442871094,3.645620000000001
cifar10,eyeriss_latency,ga_only,93.59666442871094,3.645620000000001
cifar10,eyeriss_latency,ga_only,93.59666442871094,3.645620000000001
cifar10,eyeriss_latency,ga_only,93.59666442871094,3.645620000000001
cifar10,eyeriss_latency,ga_only,93.59666442871094,3.645620000000001
cifar10,eyeriss_latency,ga_only,93.59666442871094,3.645620000000001
cifar10,eyeriss_latency,ga_only,93.59666442871094,3.645620000000001
cifar10,eyeriss_latency,ga_only,93.59666442871094,3.645620000000001
cifar10,eyeriss_latency,ga_only,93.59666442871094,3.645620000000001
cifar10,eyeriss_latency,ga_only,93.59666442871094,3.645620000000001
cifar10,eyeriss_latency,ga_only,93.59666442871094,3.645620000000001
cifar10,eyeriss_latency,ga_only,93.59666442871094,3.645620000000001
cifar10,eyeriss_latency,ga_only,93.59666442871094,3.645620000000001
cifar10,eyeriss_latency,ga_only,93.59666442871094,3.645620000000001
cifar10,eyeriss_latency,ga_only,93.59666442871094,3.645620000000001
cifar10,eyeriss_latency,ga_only,93.59666442871094,3.645620000000001
cifar10,eyeriss_latency,ga_only,93.59666442871094,3.645620000000001
cifar10,eyeriss_latency,ga_only,93.59666442871094,3.645620000000001
cifar10,eyeriss_latency,ga_only,93.59666442871094,3.645620000000001
cifar10,eyeriss_latency,ga_only,93.59666442871094,3.645620000000001
cifar10,eyeriss_latency,ga_only,93.59666442871094,3.645620000000001
cifar10,eyeriss_latency,ga_only,93.59666442871094,3.645620000000001
cifar10,eyeriss_latency,ga_only,93.59666442871094,3.645620000000001
cifar10,eyeriss_latency,ga_only,93.59666442871094,3.645620000000001
cifar10,eyeriss_latency,ga_only,93.59666442871094,3.645620000000001
cifar10,eyeriss_latency,ga_only,93.59666442871094,3.645620000000001
cifar10,eyeriss_latency,ga_only,93.59666442871094,3.645620000000001
cifar10,eyeriss_latency,ga_only,93.59666442871094,3.645620000000001
cifar10,eyeriss_latency,ga_only,93.59666442871094,3.645620000000001
cifar10,eyeriss_latency,ga_only,93.59666442871094,3.645620000000001
cifar10,eyeriss_latency,ga_only,93.59666442871094,3.645620000000001
cifar10,eyeriss_latency,ga_only,93.59666442871094,3.645620000000001
cifar10,eyeriss_latency,ga_only,93.59666442871094,3.645620000000001
cifar10,eyeriss_latency,ga_only,93.59666442871094,3.645620000000001
cifar10,eyeriss_latency,ga_only,93.59666442871094,3.645620000000001
cifar10,eyeriss_latency,ga_only,93.59666442871094,3.645620000000001
cifar10,eyeriss_latency,ga_only,93.59666442871094,3.645620000000001
cifar10,eyeriss_latency,ga_only,93.59666442871094,3.645620000000001
cifar10,eyeriss_latency,ga_only,93.59666442871094,3.645620000000001
cifar10,eyeriss_latency,ga_only,93.59666442871094,3.645620000000001
cifar10,eyeriss_latency,ga_only,93.59666442871094,3.645620000000001
cifar10,eyeriss_latency,ga_only,93.59666442871094,3.645620000000001
cifar10,eyeriss_latency,ga_only,93.59666442871094,3.645620000000001
cifar10,eyeriss_latency,ga_only,93.59666442871094,3.645620000000001
cifar10,eyeriss_latency,ga_only,93.59666442871094,3.645620000000001
cifar10,eyeriss_latency,ga_only,93.59666442871094,3.645620000000001
cifar10,eyeriss_latency,ga_only,93.59666442871094,3.645620000000001
cifar10,eyeriss_latency,ga_only,93.59666442871094,3.645620000000001
cifar10,eyeriss_latency,ga_only,93.59666442871094,3.645620000000001
cifar10,eyeriss_latency,ga_only,93.59666442871094,3.645620000000001
cifar10,eyeriss_latency,ga_only,93.59666442871094,3.645620000000001
cifar10,eyeriss_latency,ga_only,93.59666442871094,3.645620000000001
cifar10,eyeriss_latency,ga_only,93.59666442871094,3.645620000000001
cifar10,eyeriss_latency,ga_only,93.59666442871094,3.645620000000001
cifar10,eyeriss_latency,ga_only,93.59666442871094,3.645620000000001
cifar10,eyeriss_latency,ga_only,93.59666442871094,3.645620000000001
cifar10,eyeriss_latency,ga_only,93.59666442871094,3.645620000000001
cifar10,eyeriss_latency,ga_only,93.59666442871094,3.645620000000001
cifar10,eyeriss_latency,ga_only,93.59666442871094,3.645620000000001
cifar10,eyeriss_latency,ga_only,93.59666442871094,3.645620000000001
cifar10,eyeriss_latency,ga_only,93.59666442871094,3.645620000000001
cifar10,eyeriss_latency,ga_only,93.59666442871094,3.645620000000001
cifar10,eyeriss_latency,ga_only,93.59666442871094,3.645620000000001
cifar10,eyeriss_latency,ga_only,93.59666442871094,3.645620000000001
cifar10,eyeriss_latency,ga_only,93.59666442871094,3.645620000000001
cifar10,eyeriss_latency,ga_only,93.59666442871094,3.645620000000001
cifar10,eyeriss_latency,ga_only,93.59666442871094,3.645620000000001
cifar10,eyeriss_latency,ga_only,93.59666442871094,3.645620000000001
cifar10,eyeriss_latency,ga_only,93.59666442871094,3.645620000000001
cifar10,eyeriss_latency,ga_only,93.59666442871094,3.645620000000001
cifar10,eyeriss_latency,ga_only,93.59666442871094,3.645620000000001
cifar10,eyeriss_latency,ga_only,93.59666442871094,3.645620000000001
cifar10,eyeriss_latency,ga_only,93.59666442871094,3.645620000000001
cifar10,eyeriss_latency,ga_only,93.59666442871094,3.645620000000001
cifar10,eyeriss_latency,ga_only,93.59666442871094,3.645620000000001
cifar10,eyeriss_latency,ga_only,93.59666442871094,3.645620000000001
cifar10,eyeriss_latency,ga_only,93.59666442871094,3.645620000000001
cifar10,eyeriss_latency,ga_only,93.59666442871094,3.645620000000001
cifar10,eyeriss_latency,ga_only,93.59666442871094,3.645620000000001
cifar10,eyeriss_latency,ga_only,93.59666442871094,3.645620000000001
cifar10,eyeriss_latency,ga_only,93.59666442871094,3.645620000000001
cifar10,eyeriss_latency,ga_only,93.59666442871094,3.645620000000001
cifar10,eyeriss_latency,ga_only,93.59666442871094,3.645620000000001
cifar10,eyeriss_latency,ga_only,93.59666442871094,3.645620000000001
cifar10,eyeriss_latency,ga_only,93.59666442871094,3.645620000000001
cifar10,eyeriss_latency,ga_only,93.59666442871094,3.645620000000001
cifar10,eyeriss_latency,ga_only,93.59666442871094,3.645620000000001
cifar10,eyeriss_latency,ga_only,93.59666442871094,3.645620000000001
cifar10,eyeriss_latency,ga_only,93.59666442871094,3.645620000000001
cifar10,eyeriss_latency,ga_only,93.59666442871094,3.645620000000001
cifar10,eyeriss_latency,ga_only,93.59666442871094,3.645620000000001
cifar10,eyeriss_latency,ga_only,93.59666442871094,3.645620000000001
cifar10,eyeriss_latency,ga_only,93.59666442871094,3.645620000000001
cifar10,eyeriss_latency,ga_only,93.59666442871094,3.645620000000001
cifar10,eyeriss_latency,ga_only,93.59666442871094,3.645620000000001
cifar10,eyeriss_latency,ga_only,93.59666442871094,3.645620000000001
cifar10,eyeriss_latency,ga_only,93.59666442871094,3.645620000000001
cifar10,eyeriss_latency,ga_only,93.59666442871094,3.645620000000001
cifar10,eyeriss_latency,ga_only,93.59666442871094,3.645620000000001
cifar10,eyeriss_latency,ga_only,93.59666442871094,3.645620000000001
cifar10,eyeriss_latency,ga_only,93.59666442871094,3.645620000000001
cifar10,eyeriss_latency,ga_only,93.59666442871094,3.645620000000001
cifar10,eyeriss_latency,ga_only,93.59666442871094,3.645620000000001
cifar10,eyeriss_latency,ga_only,93.59666442871094,3.645620000000001
cifar10,eyeriss_latency,ga_only,93.59666442871094,3.645620000000001
cifar10,eyeriss_latency,ga_only,93.59666442871094,3.645620000000001
cifar10,eyeriss_latency,ga_only,93.59666442871094,3.645620000000001
cifar10,eyeriss_latency,ga_only,93.59666442871094,3.645620000000001
cifar10,eyeriss_latency,ga_only,93.59666442871094,3.645620000000001
cifar10,eyeriss_latency,ga_only,93.59666442871094,3.645620000000001
cifar10,eyeriss_latency,ga_only,93.59666442871094,3.645620000000001
cifar10,eyeriss_latency,ga_only,93.59666442871094,3.645620000000001
cifar10,eyeriss_latency,ga_only,93.59666442871094,3.645620000000001
cifar10,eyeriss_latency,ga_only,93.59666442871094,3.645620000000001
cifar10,eyeriss_latency,ga_only,93.59666442871094,3.645620000000001
cifar10,eyeriss_latency,ga_only,93.59666442871094,3.645620000000001
cifar10,eyeriss_latency,ga_only,93.59666442871094,3.645620000000001
cifar10,eyeriss_latency,ga_only,93.59666442871094,3.645620000000001
cifar10,eyeriss_latency,ga_only,93.59666442871094,3.645620000000001
cifar10,eyeriss_latency,ga_only,93.59666442871094,3.645620000000001
cifar10,eyeriss_latency,ga_only,93.59666442871094,3.645620000000001
cifar10,eyeriss_latency,ga_only,93.59666442871094,3.645620000000001
cifar10,eyeriss_latency,ga_only,93.59666442871094,3.645620000000001
cifar10,eyeriss_latency,ga_only,93.59666442871094,3.645620000000001
cifar10,eyeriss_latency,ga_only,93.59666442871094,3.645620000000001
cifar10,eyeriss_latency,ga_only,93.59666442871094,3.645620000000001
cifar10,eyeriss_latency,ga_only,93.59666442871094,3.645620000000001
cifar10,eyeriss_latency,ga_only,93.59666442871094,3.645620000000001
cifar10,eyeriss_latency,ga_only,93.59666442871094,3.645620000000001
cifar10,eyeriss_latency,ga_only,93.59666442871094,3.645620000000001
cifar10,eyeriss_latency,ga_only,93.59666442871094,3.645620000000001
cifar10,eyeriss_latency,ga_only,93.59666442871094,3.645620000000001
cifar10,eyeriss_latency,ga_only,93.59666442871094,3.645620000000001
cifar10,eyeriss_latency,ga_only,93.59666442871094,3.645620000000001
cifar10,eyeriss_latency,ga_only,93.59666442871094,3.645620000000001
cifar10,eyeriss_latency,ga_only,93.59666442871094,3.645620000000001
cifar10,eyeriss_latency,ga_only,93.59666442871094,3.645620000000001
cifar10,eyeriss_latency,ga_only,93.59666442871094,3.645620000000001
cifar10,eyeriss_latency,ga_only,93.59666442871094,3.645620000000001
cifar10,eyeriss_latency,ga_only,93.59666442871094,3.645620000000001
cifar10,eyeriss_latency,ga_only,93.59666442871094,3.645620000000001
cifar10,eyeriss_latency,ga_only,93.59666442871094,3.645620000000001
cifar10,eyeriss_latency,ga_only,93.59666442871094,3.645620000000001
cifar10,eyeriss_latency,ga_only,93.59666442871094,3.645620000000001
cifar10,eyeriss_latency,ga_only,93.59666442871094,3.645620000000001
cifar10,eyeriss_latency,ga_only,93.59666442871094,3.645620000000001
cifar10,eyeriss_latency,ga_only,93.59666442871094,3.645620000000001
cifar10,eyeriss_latency,ga_only,93.59666442871094,3.645620000000001
cifar10,eyeriss_latency,ga_only,93.59666442871094,3.645620000000001
cifar10,eyeriss_latency,ga_only,93.59666442871094,3.645620000000001
cifar10,eyeriss_latency,ga_only,93.59666442871094,3.645620000000001
cifar10,eyeriss_latency,ga_only,93.59666442871094,3.645620000000001
cifar10,eyeriss_latency,ga_only,93.59666442871094,3.645620000000001
cifar10,eyeriss_latency,ga_only,93.59666442871094,3.645620000000001
cifar10,eyeriss_latency,ga_only,93.59666442871094,3.645620000000001
cifar10,eyeriss_latency,ga_only,93.59666442871094,3.645620000000001
cifar10,eyeriss_latency,ga_only,93.59666442871094,3.645620000000001
cifar10,eyeriss_latency,ga_only,93.59666442871094,3.645620000000001
cifar10,eyeriss_latency,ga_only,93.59666442871094,3.645620000000001
cifar10,eyeriss_latency,ga_only,93.59666442871094,3.645620000000001
cifar10,eyeriss_latency,ga_only,93.59666442871094,3.645620000000001
cifar10,eyeriss_latency,ga_only,93.59666442871094,3.645620000000001
cifar10,eyeriss_latency,ga_only,93.59666442871094,3.645620000000001
cifar10,eyeriss_latency,ga_only,93.59666442871094,3.645620000000001
cifar10,eyeriss_latency,ga_only,93.59666442871094,3.645620000000001
cifar10,eyeriss_latency,ga_only,93.59666442871094,3.645620000000001
cifar10,eyeriss_latency,ga_only,93.59666442871094,3.645620000000001
cifar10,eyeriss_latency,ga_only,93.59666442871094,3.645620000000001
cifar10,eyeriss_latency,ga_only,93.59666442871094,3.645620000000001
cifar10,eyeriss_latency,ga_only,93.59666442871094,3.645620000000001
cifar10,eyeriss_latency,ga_only,93.59666442871094,3.645620000000001
cifar10,eyeriss_latency,ga_only,93.59666442871094,3.645620000000001
cifar10,eyeriss_latency,ga_only,93.59666442871094,3.645620000000001
cifar10,eyeriss_latency,ga_only,93.59666442871094,3.645620000000001
cifar10,eyeriss_latency,ga_only,93.59666442871094,3.645620000000001
cifar10,eyeriss_latency,ga_only,93.59666442871094,3.645620000000001
cifar10,eyeriss_latency,ga_only,93.59666442871094,3.645620000000001
cifar10,eyeriss_latency,ga_only,93.59666442871094,3.645620000000001
cifar10,eyeriss_latency,ga_only,93.59666442871094,3.645620000000001
cifar10,eyeriss_latency,ga_only,93.59666442871094,3.645620000000001
cifar10,eyeriss_latency,ga_only,93.59666442871094,3.645620000000001
cifar10,eyeriss_latency,ga_only,93.59666442871094,3.645620000000001
cifar10,eyeriss_latency,ga_only,93.59666442871094,3.645620000000001
cifar10,eyeriss_latency,ga_only,93.59666442871094,3.645620000000001
cifar10,eyeriss_latency,ga_only,93.59666442871094,3.645620000000001
cifar10,eyeriss_latency,ga_only,93.59666442871094,3.645620000000001
cifar10,eyeriss_latency,ga_only,93.59666442871094,3.645620000000001
cifar10,eyeriss_latency,ga_only,93.59666442871094,3.645620000000001
cifar10,eyeriss_latency,ga_only,93.59666442871094,3.645620000000001
cifar10,eyeriss_latency,ga_only,93.59666442871094,3.645620000000001
cifar10,eyeriss_latency,ga_only,93.59666442871094,3.645620000000001
cifar10,eyeriss_latency,ga_only,93.59666442871094,3.645620000000001
cifar10,eyeriss_latency,ga_only,93.59666442871094,3.645620000000001
cifar10,eyeriss_latency,ga_only,93.59666442871094,3.645620000000001
cifar10,eyeriss_latency,ga_only,93.59666442871094,3.645620000000001
cifar10,eyeriss_latency,ga_only,93.59666442871094,3.645620000000001
cifar10,eyeriss_latency,ga_only,93.59666442871094,3.645620000000001
cifar10,eyeriss_latency,ga_only,93.59666442871094,3.645620000000001
cifar10,eyeriss_latency,ga_only,93.59666442871094,3.645620000000001
cifar10,eyeriss_latency,ga_only,93.59666442871094,3.645620000000001
cifar10,eyeriss_latency,ga_only,93.59666442871094,3.645620000000001
cifar10,eyeriss_latency,ga_only,93.59666442871094,3.645620000000001
cifar10,eyeriss_latency,ga_only,93.59666442871094,3.645620000000001
cifar10,eyeriss_latency,ga_only,93.59666442871094,3.645620000000001
cifar10,eyeriss_latency,ga_only,93.59666442871094,3.645620000000001
cifar10,eyeriss_latency,ga_only,93.59666442871094,3.645620000000001
cifar10,eyeriss_latency,ga_only,93.59666442871094,3.645620000000001
cifar10,eyeriss_latency,ga_only,93.59666442871094,3.645620000000001
cifar10,eyeriss_latency,ga_only,93.59666442871094,3.645620000000001
cifar10,eyeriss_latency,ga_only,93.59666442871094,3.645620000000001
cifar10,eyeriss_latency,ga_only,93.59666442871094,3.645620000000001
cifar10,eyeriss_latency,ga_only,93.59666442871094,3.645620000000001
cifar10,eyeriss_latency,ga_only,93.59666442871094,3.645620000000001
cifar10,eyeriss_latency,ga_only,93.59666442871094,3.645620000000001
cifar10,eyeriss_latency,ga_only,93.59666442871094,3.645620000000001
cifar10,eyeriss_latency,ga_only,93.59666442871094,3.645620000000001
cifar10,eyeriss_latency,ga_only,93.59666442871094,3.645620000000001
cifar10,eyeriss_latency,ga_only,93.59666442871094,3.645620000000001
cifar10,eyeriss_latency,ga_only,93.59666442871094,3.645620000000001
cifar10,eyeriss_latency,ga_only,93.59666442871094,3.645620000000001
cifar10,eyeriss_latency,ga_only,93.59666442871094,3.645620000000001
cifar10,eyeriss_latency,ga_only,93.59666442871094,3.645620000000001
cifar10,eyeriss_latency,ga_only,93.59666442871094,3.645620000000001
cifar10,eyeriss_latency,ga_only,93.59666442871094,3.645620000000001
cifar10,eyeriss_latency,ga_only,93.59666442871094,3.645620000000001
cifar10,eyeriss_latency,ga_only,93.59666442871094,3.645620000000001
cifar10,eyeriss_latency,ga_only,93.59666442871094,3.645620000000001
cifar10,eyeriss_latency,ga_only,93.59666442871094,3.645620000000001
cifar10,eyeriss_latency,ga_only,93.59666442871094,3.645620000000001
cifar10,eyeriss_latency,ga_only,93.59666442871094,3.645620000000001
cifar10,eyeriss_latency,ga_only,93.59666442871094,3.645620000000001
cifar10,eyeriss_latency,ga_only,93.59666442871094,3.645620000000001
cifar10,eyeriss_latency,ga_only,93.59666442871094,3.645620000000001
cifar10,eyeriss_latency,ga_only,93.59666442871094,3.645620000000001
cifar10,eyeriss_latency,ga_only,93.59666442871094,3.645620000000001
cifar10,eyeriss_latency,ga_only,93.59666442871094,3.645620000000001
cifar10,eyeriss_latency,ga_only,93.59666442871094,3.645620000000001
cifar10,eyeriss_latency,ga_only,93.59666442871094,3.645620000000001
cifar10,eyeriss_latency,ga_only,93.59666442871094,3.645620000000001
cifar10,eyeriss_latency,ga_only,93.59666442871094,3.645620000000001
cifar10,eyeriss_latency,ga_only,93.59666442871094,3.645620000000001
cifar10,eyeriss_latency,ga_only,93.59666442871094,3.645620000000001
cifar10,eyeriss_latency,ga_only,93.59666442871094,3.645620000000001
cifar10,eyeriss_latency,ga_only,93.59666442871094,3.645620000000001
cifar10,eyeriss_latency,ga_only,93.59666442871094,3.645620000000001
cifar10,eyeriss_latency,ga_only,93.59666442871094,3.645620000000001
cifar10,eyeriss_latency,ga_only,93.59666442871094,3.645620000000001
cifar10,eyeriss_latency,ga_only,93.59666442871094,3.645620000000001
cifar10,eyeriss_latency,ga_only,93.59666442871094,3.645620000000001
cifar10,eyeriss_latency,ga_only,93.59666442871094,3.645620000000001
cifar10,eyeriss_latency,ga_only,93.59666442871094,3.645620000000001
cifar10,eyeriss_latency,ga_only,93.59666442871094,3.645620000000001
cifar10,eyeriss_latency,ga_only,93.59666442871094,3.645620000000001
cifar10,eyeriss_latency,ga_only,93.59666442871094,3.645620000000001
cifar10,eyeriss_latency,ga_only,93.59666442871094,3.645620000000001
cifar10,eyeriss_latency,ga_only,93.59666442871094,3.645620000000001
cifar10,eyeriss_latency,ga_only,93.59666442871094,3.645620000000001
cifar10,eyeriss_latency,ga_only,93.625,3.891380000000001
cifar10,eyeriss_latency,ga_only,93.625,3.891380000000001
cifar10,eyeriss_latency,ga_only,93.625,3.891380000000001
cifar10,eyeriss_latency,ga_only,93.75,3.8913800000000016
cifar10,eyeriss_latency,ga_only,93.75,3.8913800000000016
cifar10,eyeriss_latency,ga_only,93.75,3.8913800000000016
cifar10,eyeriss_latency,ga_only,93.75,3.8913800000000016
cifar10,eyeriss_latency,ga_only,93.75,3.8913800000000016
cifar10,eyeriss_latency,ga_only,93.75,3.8913800000000016
cifar10,eyeriss_latency,ga_only,93.75,3.8913800000000016
cifar10,eyeriss_latency,ga_only,93.75,3.8913800000000016
cifar10,eyeriss_latency,ga_only,93.75,3.8913800000000016
cifar10,eyeriss_latency,ga_only,93.75,3.8913800000000016
cifar10,eyeriss_latency,ga_only,93.75,3.8913800000000016
cifar10,eyeriss_latency,ga_only,93.75,3.8913800000000016
cifar10,eyeriss_latency,ga_only,93.75,3.8913800000000016
cifar10,eyeriss_latency,ga_only,93.75,3.8913800000000016
cifar10,eyeriss_latency,ga_only,93.75,3.8913800000000016
cifar10,eyeriss_latency,ga_only,93.75,3.8913800000000016
cifar10,eyeriss_latency,ga_only,93.75,3.8913800000000016
cifar10,eyeriss_latency,ga_only,93.75,3.8913800000000016
cifar10,eyeriss_latency,ga_only,93.75,3.8913800000000016
cifar10,eyeriss_latency,ga_only,93.75,3.8913800000000016
cifar10,eyeriss_latency,ga_only,93.91000366210938,4.628660000000002
cifar10,eyeriss_latency,ga_only,93.91000366210938,4.628660000000002
cifar10,eyeriss_latency,ga_only,93.91000366210938,4.628660000000002
cifar10,eyeriss_latency,ga_only,93.91000366210938,4.628660000000002
cifar10,eyeriss_latency,ga_only,93.91000366210938,4.628660000000002
cifar10,eyeriss_latency,ga_only,93.91000366210938,4.628660000000002
cifar10,eyeriss_latency,ga_only,93.91000366210938,4.628660000000002
cifar10,eyeriss_latency,ga_only,93.91000366210938,4.628660000000002
cifar10,eyeriss_latency,ga_only,93.91000366210938,4.628660000000002
cifar10,eyeriss_latency,ga_only,93.91000366210938,4.628660000000002
cifar10,eyeriss_latency,ga_only,93.91000366210938,4.628660000000002
cifar10,eyeriss_latency,ga_only,93.91000366210938,4.628660000000002
cifar10,eyeriss_latency,ga_only,93.91000366210938,4.628660000000002
cifar10,eyeriss_latency,ga_only,93.91000366210938,4.628660000000002
cifar10,eyeriss_latency,ga_only,93.91000366210938,4.628660000000002
cifar10,eyeriss_latency,ga_only,93.91000366210938,4.628660000000002
cifar10,eyeriss_latency,ga_only,93.91000366210938,4.628660000000002
cifar10,eyeriss_latency,ga_only,93.91000366210938,4.628660000000002
cifar10,eyeriss_latency,ga_only,93.91000366210938,4.628660000000002
cifar10,eyeriss_latency,ga_only,93.91000366210938,4.628660000000002
cifar10,eyeriss_latency,ga_only,93.91000366210938,4.628660000000002
cifar10,eyeriss_latency,ga_only,93.91000366210938,4.628660000000002
cifar10,eyeriss_latency,ga_only,93.91000366210938,4.628660000000002
cifar10,eyeriss_latency,ga_only,93.91000366210938,4.628660000000002
cifar10,eyeriss_latency,ga_only,93.91000366210938,4.628660000000002
cifar10,eyeriss_latency,ga_only,93.91000366210938,4.628660000000002
cifar10,eyeriss_latency,ga_only,93.91000366210938,4.628660000000002
cifar10,eyeriss_latency,ga_only,93.91000366210938,4.628660000000002
cifar10,eyeriss_latency,ga_only,93.91000366210938,4.628660000000002
cifar10,eyeriss_latency,ga_only,93.91000366210938,4.628660000000002
cifar10,eyeriss_latency,ga_only,93.91000366210938,4.628660000000002
cifar10,eyeriss_latency,ga_only,93.91000366210938,4.628660000000002
cifar10,eyeriss_latency,ga_only,93.91000366210938,4.628660000000002
cifar10,eyeriss_latency,ga_only,93.91000366210938,4.628660000000002
cifar10,eyeriss_latency,ga_only,93.91000366210938,4.628660000000002
cifar10,eyeriss_latency,ga_only,93.91000366210938,4.628660000000002
cifar10,eyeriss_latency,ga_only,93.91000366210938,4.628660000000002
cifar10,eyeriss_latency,ga_only,93.91000366210938,4.628660000000002
cifar10,eyeriss_latency,ga_only,93.91000366210938,4.628660000000002
cifar10,eyeriss_latency,ga_only,93.91000366210938,4.628660000000002
cifar10,eyeriss_latency,ga_only,93.91000366210938,4.628660000000002
cifar10,eyeriss_latency,ga_only,93.91000366210938,4.628660000000002
cifar10,eyeriss_latency,ga_only,93.91000366210938,4.628660000000002
cifar10,eyeriss_latency,ga_only,93.91000366210938,4.628660000000002
cifar10,eyeriss_latency,ga_only,93.91000366210938,4.628660000000002
cifar10,eyeriss_latency,ga_only,93.91000366210938,4.628660000000002
cifar10,eyeriss_latency,ga_only,93.91000366210938,4.628660000000002
cifar10,eyeriss_latency,ga_only,93.91000366210938,4.628660000000002
cifar10,eyeriss_latency,ga_only,93.91000366210938,4.628660000000002
cifar10,eyeriss_latency,ga_only,93.91000366210938,4.628660000000002
cifar10,eyeriss_latency,ga_only,93.91000366210938,4.628660000000002
cifar10,eyeriss_latency,ga_only,93.91000366210938,4.628660000000002
cifar10,eyeriss_latency,ga_only,93.91000366210938,4.628660000000002
cifar10,eyeriss_latency,ga_only,93.91000366210938,4.628660000000002
cifar10,eyeriss_latency,ga_only,93.91000366210938,4.628660000000002
cifar10,eyeriss_latency,ga_only,94.00666809082031,4.8744200000000015
cifar10,eyeriss_latency,ga_only,94.00666809082031,4.8744200000000015
cifar10,eyeriss_latency,ga_only,94.00666809082031,4.8744200000000015
cifar10,eyeriss_latency,ga_only,94.00666809082031,4.8744200000000015
cifar10,eyeriss_latency,ga_only,94.00666809082031,4.8744200000000015
cifar10,eyeriss_latency,ga_only,94.00666809082031,4.8744200000000015
cifar10,eyeriss_latency,ga_only,94.00666809082031,4.8744200000000015
cifar10,eyeriss_latency,ga_only,94.00666809082031,4.8744200000000015
cifar10,eyeriss_latency,ga_only,94.00666809082031,4.8744200000000015
cifar10,eyeriss_latency,ga_only,94.00666809082031,4.8744200000000015
cifar10,eyeriss_latency,ga_only,94.00666809082031,4.8744200000000015
cifar10,eyeriss_latency,ga_only,94.00666809082031,4.8744200000000015
cifar10,eyeriss_latency,ga_only,94.00666809082031,4.8744200000000015
cifar10,eyeriss_latency,ga_only,94.00666809082031,4.8744200000000015
cifar10,eyeriss_latency,ga_only,94.00666809082031,4.8744200000000015
cifar10,eyeriss_latency,ga_only,94.00666809082031,4.8744200000000015
cifar10,eyeriss_latency,ga_only,94.00666809082031,4.8744200000000015
cifar10,eyeriss_latency,ga_only,94.00666809082031,4.8744200000000015
cifar10,eyeriss_latency,ga_only,94.00666809082031,4.8744200000000015
cifar10,eyeriss_latency,ga_only,94.00666809082031,4.8744200000000015
cifar10,eyeriss_latency,ga_only,94.01499938964844,4.874420000000002
cifar10,eyeriss_latency,ga_only,94.01499938964844,4.874420000000002
cifar10,eyeriss_latency,ga_only,94.01499938964844,4.874420000000002
cifar10,eyeriss_latency,ga_only,94.01499938964844,4.874420000000002
cifar10,eyeriss_latency,ga_only,94.01499938964844,4.874420000000002
cifar10,eyeriss_latency,ga_only,94.01499938964844,4.874420000000002
cifar10,eyeriss_latency,ga_only,94.01499938964844,4.874420000000002
cifar10,eyeriss_latency,ga_only,94.01499938964844,4.874420000000002
cifar10,eyeriss_latency,ga_only,94.01499938964844,4.874420000000002
cifar10,eyeriss_latency,ga_only,94.01499938964844,4.874420000000002
cifar10,eyeriss_latency,ga_only,94.01499938964844,4.874420000000002
cifar10,eyeriss_latency,ga_only,94.01499938964844,4.874420000000002
cifar10,eyeriss_latency,ga_only,94.01499938964844,4.874420000000002
cifar10,eyeriss_latency,ga_only,94.01499938964844,4.874420000000002
cifar10,eyeriss_latency,ga_only,94.01499938964844,4.874420000000002
cifar10,eyeriss_latency,ga_only,94.01499938964844,4.874420000000002
cifar10,eyeriss_latency,ga_only,94.01499938964844,4.874420000000002
cifar10,eyeriss_latency,ga_only,94.01499938964844,4.874420000000002
cifar10,eyeriss_latency,ga_only,94.01499938964844,4.874420000000002
cifar10,eyeriss_latency,ga_only,94.01499938964844,4.874420000000002
cifar10,eyeriss_latency,ga_only,94.01499938964844,4.874420000000002
cifar10,eyeriss_latency,ga_only,94.01499938964844,4.874420000000002
cifar10,eyeriss_latency,ga_only,94.01499938964844,4.874420000000002
cifar10,eyeriss_latency,ga_only,94.01499938964844,4.874420000000002
cifar10,eyeriss_latency,ga_only,94.01499938964844,4.874420000000002
cifar10,eyeriss_latency,ga_only,94.01499938964844,4.874420000000002
cifar10,eyeriss_latency,ga_only,94.01499938964844,4.874420000000002
cifar10,eyeriss_latency,ga_only,94.01499938964844,4.874420000000002
cifar10,eyeriss_latency,ga_only,94.01499938964844,4.874420000000002
cifar10,eyeriss_latency,ga_only,94.01499938964844,4.874420000000002
cifar10,eyeriss_latency,ga_only,94.01499938964844,4.874420000000002
cifar10,eyeriss_latency,ga_only,94.01499938964844,4.874420000000002
cifar10,eyeriss_latency,ga_only,94.01499938964844,4.874420000000002
cifar10,eyeriss_latency,ga_only,94.01499938964844,4.874420000000002
cifar10,eyeriss_latency,ga_only,94.01499938964844,4.874420000000002
cifar10,eyeriss_latency,ga_only,94.01499938964844,4.874420000000002
cifar10,eyeriss_latency,ga_only,94.01499938964844,4.874420000000002
cifar10,eyeriss_latency,ga_only,94.01499938964844,4.874420000000002
cifar10,eyeriss_latency,ga_only,94.01499938964844,4.874420000000002
cifar10,eyeriss_latency,ga_only,94.01499938964844,4.874420000000002
cifar10,eyeriss_latency,ga_only,94.01499938964844,4.874420000000002
cifar10,eyeriss_latency,ga_only,94.01499938964844,4.874420000000002
cifar10,eyeriss_latency,ga_only,94.01499938964844,4.874420000000002
cifar10,eyeriss_latency,ga_only,94.01499938964844,4.874420000000002
cifar10,eyeriss_latency,ga_only,94.01499938964844,4.874420000000002
cifar10,eyeriss_latency,ga_only,94.01499938964844,4.874420000000002
cifar10,eyeriss_latency,ga_only,94.01499938964844,4.874420000000002
cifar10,eyeriss_latency,ga_only,94.01499938964844,4.874420000000002
cifar10,eyeriss_latency,ga_only,94.01499938964844,4.874420000000002
cifar10,eyeriss_latency,ga_only,94.01499938964844,4.874420000000002
cifar10,eyeriss_latency,ga_only,94.01499938964844,4.874420000000002
cifar10,eyeriss_latency,ga_only,94.01499938964844,4.874420000000002
cifar10,eyeriss_latency,ga_only,94.01499938964844,4.874420000000002
cifar10,eyeriss_latency,ga_only,94.01499938964844,4.874420000000002
cifar10,eyeriss_latency,ga_only,94.01499938964844,4.874420000000002
cifar10,eyeriss_latency,ga_only,94.01499938964844,4.874420000000002
cifar10,eyeriss_latency,ga_only,94.01499938964844,4.874420000000002
cifar10,eyeriss_latency,ga_only,94.01499938964844,4.874420000000002
cifar10,eyeriss_latency,ga_only,94.01499938964844,4.874420000000002
cifar10,eyeriss_latency,ga_only,94.01499938964844,4.874420000000002
cifar10,eyeriss_latency,ga_only,94.01499938964844,4.874420000000002
cifar10,eyeriss_latency,ga_only,94.01499938964844,4.874420000000002
cifar10,eyeriss_latency,ga_only,94.01499938964844,4.874420000000002
cifar10,eyeriss_latency,ga_only,94.01499938964844,4.874420000000002
cifar10,eyeriss_latency,ga_only,94.01499938964844,4.874420000000002
cifar10,eyeriss_latency,ga_only,94.01499938964844,4.874420000000002
cifar10,eyeriss_latency,ga_only,94.01499938964844,4.874420000000002
cifar10,eyeriss_latency,ga_only,94.01499938964844,4.874420000000002
cifar10,eyeriss_latency,ga_only,94.01499938964844,4.874420000000002
cifar10,eyeriss_latency,ga_only,94.01499938964844,4.874420000000002
cifar10,eyeriss_latency,ga_only,94.01499938964844,4.874420000000002
cifar10,eyeriss_latency,ga_only,94.01499938964844,4.874420000000002
cifar10,eyeriss_latency,ga_only,94.01499938964844,4.874420000000002
cifar10,eyeriss_latency,ga_only,94.01499938964844,4.874420000000002
cifar10,eyeriss_latency,ga_only,94.01499938964844,4.874420000000002
cifar10,eyeriss_latency,ga_only,94.01499938964844,4.874420000000002
cifar10,eyeriss_latency,ga_only,94.01499938964844,4.874420000000002
cifar10,eyeriss_latency,ga_only,94.01499938964844,4.874420000000002
cifar10,eyeriss_latency,ga_only,94.01499938964844,4.874420000000002
cifar10,eyeriss_latency,ga_only,94.01499938964844,4.874420000000002
cifar10,eyeriss_latency,ga_only,94.01499938964844,4.874420000000002
cifar10,eyeriss_latency,ga_only,94.01499938964844,4.874420000000002
cifar10,eyeriss_latency,ga_only,94.01499938964844,4.874420000000002
cifar10,eyeriss_latency,ga_only,94.01499938964844,4.874420000000002
cifar10,eyeriss_latency,ga_only,94.01499938964844,4.874420000000002
cifar10,eyeriss_latency,ga_only,94.01499938964844,4.874420000000002
cifar10,eyeriss_latency,ga_only,94.01499938964844,4.874420000000002
cifar10,eyeriss_latency,ga_only,94.01499938964844,4.874420000000002
cifar10,eyeriss_latency,ga_only,94.01499938964844,4.874420000000002
cifar10,eyeriss_latency,ga_only,94.01499938964844,4.874420000000002
cifar10,eyeriss_latency,ga_only,94.01499938964844,4.874420000000002
cifar10,eyeriss_latency,ga_only,94.01499938964844,4.874420000000002
cifar10,eyeriss_latency,ga_only,94.01499938964844,4.874420000000002
cifar10,eyeriss_latency,ga_only,94.01499938964844,4.874420000000002
cifar10,eyeriss_latency,ga_only,94.01499938964844,4.874420000000002
cifar10,eyeriss_latency,ga_only,94.01499938964844,4.874420000000002
cifar10,eyeriss_latency,ga_only,94.01499938964844,4.874420000000002
cifar10,eyeriss_latency,ga_only,94.01499938964844,4.874420000000002
cifar10,eyeriss_latency,ga_only,94.01499938964844,4.874420000000002
cifar10,eyeriss_latency,ga_only,94.01499938964844,4.874420000000002
cifar10,eyeriss_latency,ga_only,94.01499938964844,4.874420000000002
cifar10,eyeriss_latency,ga_only,94.01499938964844,4.874420000000002
cifar10,eyeriss_latency,ga_only,94.01499938964844,4.874420000000002
cifar10,eyeriss_latency,ga_only,94.01499938964844,4.874420000000002
cifar10,eyeriss_latency,ga_only,94.01499938964844,4.874420000000002
cifar10,eyeriss_latency,ga_only,94.01499938964844,4.874420000000002
cifar10,eyeriss_latency,ga_only,94.01499938964844,4.874420000000002
cifar10,eyeriss_latency,ga_only,94.01499938964844,4.874420000000002
cifar10,eyeriss_latency,ga_only,94.01499938964844,4.874420000000002
cifar10,eyeriss_latency,ga_only,94.01499938964844,4.874420000000002
cifar10,eyeriss_latency,ga_only,94.01499938964844,4.874420000000002
cifar10,eyeriss_latency,ga_only,94.01499938964844,4.874420000000002
cifar10,eyeriss_latency,ga_only,94.01499938964844,4.874420000000002
cifar10,eyeriss_latency,ga_only,94.01499938964844,4.874420000000002
cifar10,eyeriss_latency,ga_only,94.01499938964844,4.874420000000002
cifar10,eyeriss_latency,ga_only,94.01499938964844,4.874420000000002
cifar10,eyeriss_latency,ga_only,94.01499938964844,4.874420000000002
cifar10,eyeriss_latency,ga_only,94.01499938964844,4.874420000000002
cifar10,eyeriss_latency,ga_only,94.01499938964844,4.874420000000002
cifar10,eyeriss_latency,ga_only,94.01499938964844,4.874420000000002
cifar10,eyeriss_latency,ga_only,94.01499938964844,4.874420000000002
cifar10,eyeriss_latency,ga_only,94.01499938964844,4.874420000000002
cifar10,eyeriss_latency,ga_only,94.01499938964844,4.874420000000002
cifar10,eyeriss_latency,ga_only,94.01499938964844,4.874420000000002
cifar10,eyeriss_latency,ga_only,94.01499938964844,4.874420000000002
cifar10,eyeriss_latency,ga_only,94.01499938964844,4.874420000000002
cifar10,eyeriss_latency,ga_only,94.01499938964844,4.874420000000002
cifar10,eyeriss_latency,ga_only,94.02999877929688,5.120180000000002
cifar10,eyeriss_latency,ga_only,94.02999877929688,5.120180000000002
cifar10,eyeriss_latency,ga_only,94.02999877929688,5.120180000000002
cifar10,eyeriss_latency,ga_only,94.02999877929688,5.120180000000002
cifar10,eyeriss_latency,ga_only,94.08999633789062,5.120180000000003
cifar10,eyeriss_latency,ga_only,94.08999633789062,5.120180000000003
cifar10,eyeriss_latency,ga_only,94.3066635131836,5.365940000000003
cifar10,eyeriss_latency,ga_only,94.3066635131836,5.365940000000003
cifar10,eyeriss_latency,ga_only,94.3066635131836,5.365940000000003
cifar10,eyeriss_latency,ga_only,94.3066635131836,5.365940000000003
cifar10,eyeriss_latency,ga_only,94.3066635131836,5.365940000000003
cifar10,eyeriss_latency,ga_only,94.3066635131836,5.365940000000003
cifar10,eyeriss_latency,ga_only,94.3066635131836,5.365940000000003
cifar10,eyeriss_latency,ga_only,94.3066635131836,5.365940000000003
cifar10,eyeriss_latency,ga_only,94.3066635131836,5.365940000000003
cifar10,eyeriss_latency,ga_only,94.3066635131836,5.365940000000003
cifar10,eyeriss_latency,ga_only,94.3066635131836,5.365940000000003
cifar10,eyeriss_latency,ga_only,94.3066635131836,5.365940000000003
cifar10,eyeriss_latency,ga_only,94.3066635131836,5.365940000000003
cifar10,eyeriss_latency,ga_only,94.3066635131836,5.365940000000003
cifar10,eyeriss_latency,ga_only,94.3066635131836,5.365940000000003
cifar10,eyeriss_latency,ga_only,94.3066635131836,5.365940000000003
cifar10,eyeriss_latency,ga_only,94.3066635131836,5.365940000000003
cifar10,eyeriss_latency,ga_only,94.3066635131836,5.365940000000003
cifar10,eyeriss_latency,ga_only,94.3066635131836,5.365940000000003
cifar10,eyeriss_latency,ga_only,94.3066635131836,5.365940000000003
cifar10,eyeriss_latency,ga_only,94.3066635131836,5.365940000000003
cifar10,eyeriss_latency,ga_only,94.3066635131836,5.365940000000003
cifar10,eyeriss_latency,ga_only,94.3066635131836,5.365940000000003
cifar10,eyeriss_latency,ga_only,94.3066635131836,5.365940000000003
cifar10,eyeriss_latency,ga_only,94.3066635131836,5.365940000000003
cifar10,eyeriss_latency,ga_only,94.3066635131836,5.365940000000003
cifar10,eyeriss_latency,ga_only,94.3066635131836,5.365940000000003
cifar10,eyeriss_latency,ga_only,94.3066635131836,5.365940000000003
cifar10,eyeriss_latency,ga_only,94.3066635131836,5.365940000000003
cifar10,eyeriss_latency,ga_only,94.3066635131836,5.365940000000003
cifar10,eyeriss_latency,ga_only,94.3066635131836,5.365940000000003
cifar10,eyeriss_latency,ga_only,94.3066635131836,5.365940000000003
cifar10,eyeriss_latency,ga_only,94.3066635131836,5.365940000000003
cifar10,eyeriss_latency,ga_only,94.3066635131836,5.365940000000003
cifar10,eyeriss_latency,ga_only,94.3066635131836,5.365940000000003
cifar10,eyeriss_latency,ga_only,94.3066635131836,5.365940000000003
cifar10,eyeriss_latency,ga_only,94.3066635131836,5.365940000000003
cifar10,eyeriss_latency,ga_only,94.3066635131836,5.365940000000003
cifar10,eyeriss_latency,ga_only,94.3066635131836,5.365940000000003
cifar10,eyeriss_latency,ga_only,94.3066635131836,5.365940000000003
cifar10,eyeriss_latency,ga_only,94.3066635131836,5.365940000000003
cifar10,eyeriss_latency,ga_only,94.3066635131836,5.365940000000003
cifar10,eyeriss_latency,ga_only,94.3066635131836,5.365940000000003
cifar10,eyeriss_latency,ga_only,94.3066635131836,5.365940000000003
cifar10,eyeriss_latency,ga_only,94.3066635131836,5.365940000000003
cifar10,eyeriss_latency,ga_only,94.3066635131836,5.365940000000003
cifar10,eyeriss_latency,ga_only,94.3066635131836,5.365940000000003
cifar10,eyeriss_latency,ga_only,94.3066635131836,5.365940000000003
cifar10,eyeriss_latency,ga_only,94.3066635131836,5.365940000000003
cifar10,eyeriss_latency,ga_only,94.3066635131836,5.365940000000003
cifar10,eyeriss_latency,ga_only,94.3066635131836,5.365940000000003
cifar10,eyeriss_latency,ga_only,94.3066635131836,5.365940000000003
cifar10,eyeriss_latency,ga_only,94.3066635131836,5.365940000000003
cifar10,eyeriss_latency,ga_only,94.3066635131836,5.365940000000003
cifar10,eyeriss_latency,ga_only,94.3066635131836,5.365940000000003
cifar10,eyeriss_latency,ga_only,94.3066635131836,5.365940000000003
cifar10,eyeriss_latency,ga_only,94.3066635131836,5.365940000000003
cifar10,eyeriss_latency,ga_only,94.3066635131836,5.365940000000003
cifar10,eyeriss_latency,ga_only,94.3066635131836,5.365940000000003
cifar10,eyeriss_latency,ga_only,94.3066635131836,5.365940000000003
cifar10,eyeriss_latency,ga_only,94.3066635131836,5.365940000000003
cifar10,eyeriss_latency,ga_only,94.3066635131836,5.365940000000003
cifar10,eyeriss_latency,ga_only,94.3066635131836,5.365940000000003
cifar10,eyeriss_latency,ga_only,94.3066635131836,5.365940000000003
cifar10,eyeriss_latency,ga_only,94.3066635131836,5.365940000000003
cifar10,eyeriss_latency,ga_only,94.3066635131836,5.365940000000003
cifar10,eyeriss_latency,ga_only,94.3066635131836,5.365940000000003
cifar10,eyeriss_latency,ga_only,94.3066635131836,5.365940000000003
cifar10,eyeriss_latency,ga_only,94.3066635131836,5.365940000000003
cifar10,eyeriss_latency,ga_only,94.3066635131836,5.365940000000003
cifar10,eyeriss_latency,ga_only,94.3066635131836,5.365940000000003
cifar10,eyeriss_latency,ga_only,94.3066635131836,5.365940000000003
cifar10,eyeriss_latency,ga_only,94.3066635131836,5.365940000000003
cifar10,eyeriss_latency,ga_only,94.3066635131836,5.365940000000003
cifar10,eyeriss_latency,ga_only,94.3066635131836,5.365940000000003
cifar10,eyeriss_latency,ga_only,94.3066635131836,5.365940000000003
cifar10,eyeriss_latency,ga_only,94.3066635131836,5.365940000000003
cifar10,eyeriss_latency,ga_only,94.3066635131836,5.365940000000003
cifar10,eyeriss_latency,ga_only,94.3066635131836,5.365940000000003
cifar10,eyeriss_latency,ga_only,94.3066635131836,5.365940000000003
cifar10,eyeriss_latency,ga_only,94.3066635131836,5.365940000000003
cifar10,eyeriss_latency,ga_only,94.3066635131836,5.365940000000003
cifar10,eyeriss_latency,ga_only,94.3066635131836,5.365940000000003
cifar10,eyeriss_latency,ga_only,94.3066635131836,5.365940000000003
cifar10,eyeriss_latency,ga_only,94.3066635131836,5.365940000000003
cifar10,eyeriss_latency,ga_only,94.3066635131836,5.365940000000003
cifar10,eyeriss_latency,ga_only,94.3066635131836,5.365940000000003
cifar10,eyeriss_latency,ga_only,94.3066635131836,5.365940000000003
cifar10,eyeriss_latency,ga_only,94.3066635131836,5.365940000000003
cifar10,eyeriss_latency,ga_only,94.3066635131836,5.365940000000003
cifar10,eyeriss_latency,ga_only,94.3066635131836,5.365940000000003
cifar10,eyeriss_latency,ga_only,94.3066635131836,5.365940000000003
cifar10,eyeriss_latency,ga_only,94.3066635131836,5.365940000000003
cifar10,eyeriss_latency,ga_only,94.3066635131836,5.365940000000003
cifar10,eyeriss_latency,ga_only,94.3066635131836,5.365940000000003
cifar10,eyeriss_latency,ga_only,94.3066635131836,5.365940000000003
cifar10,eyeriss_latency,ga_only,94.3066635131836,5.365940000000003
cifar10,eyeriss_latency,ga_only,94.3066635131836,5.365940000000003
cifar10,eyeriss_latency,ga_only,94.34333038330078,6.594740000000003
cifar10,eyeriss_latency,ga_only,94.34333038330078,6.594740000000003
cifar10,eyeriss_latency,ga_only,94.34333038330078,6.594740000000003
cifar10,eyeriss_latency,ga_only,94.34333038330078,6.594740000000003
cifar10,eyeriss_latency,ga_only,94.34333038330078,6.594740000000003
cifar10,eyeriss_latency,ga_only,94.34333038330078,6.594740000000003
cifar10,eyeriss_latency,ga_only,94.34333038330078,6.594740000000003
cifar10,eyeriss_latency,ga_only,94.34333038330078,6.594740000000003
cifar100,edgegpu_latency,ga_only,1.0,0.5358076095581055
cifar100,edgegpu_latency,ga_only,1.0,0.5358076095581055
cifar100,edgegpu_latency,ga_only,1.0,0.5358076095581055
cifar100,edgegpu_latency,ga_only,58.36000061035156,1.4285516738891602
cifar100,edgegpu_latency,ga_only,58.36000061035156,1.4285516738891602
cifar100,edgegpu_latency,ga_only,58.36000061035156,1.4285516738891602
cifar100,edgegpu_latency,ga_only,58.36000061035156,1.4285516738891602
cifar100,edgegpu_latency,ga_only,58.36000061035156,1.4285516738891602
cifar100,edgegpu_latency,ga_only,58.36000061035156,1.4285516738891602
cifar100,edgegpu_latency,ga_only,58.36000061035156,1.4285516738891602
cifar100,edgegpu_latency,ga_only,58.36000061035156,1.4285516738891602
cifar100,edgegpu_latency,ga_only,58.36000061035156,1.4285516738891602
cifar100,edgegpu_latency,ga_only,58.36000061035156,1.4285516738891602
cifar100,edgegpu_latency,ga_only,58.36000061035156,1.4285516738891602
cifar100,edgegpu_latency,ga_only,58.36000061035156,1.4285516738891602
cifar100,edgegpu_latency,ga_only,58.36000061035156,1.4285516738891602
cifar100,edgegpu_latency,ga_only,58.36000061035156,1.4285516738891602
cifar100,edgegpu_latency,ga_only,58.36000061035156,1.4285516738891602
cifar100,edgegpu_latency,ga_only,58.36000061035156,1.4285516738891602
cifar100,edgegpu_latency,ga_only,58.36000061035156,1.4285516738891602
cifar100,edgegpu_latency,ga_only,58.36000061035156,1.4285516738891602
cifar100,edgegpu_latency,ga_only,58.36000061035156,1.4285516738891602
cifar100,edgegpu_latency,ga_only,58.36000061035156,1.4285516738891602
cifar100,edgegpu_latency,ga_only,58.36000061035156,1.4285516738891602
cifar100,edgegpu_latency,ga_only,58.36000061035156,1.4285516738891602
cifar100,edgegpu_latency,ga_only,58.36000061035156,1.4285516738891602
cifar100,edgegpu_latency,ga_only,58.36000061035156,1.4285516738891602
cifar100,edgegpu_latency,ga_only,58.36000061035156,1.4285516738891602
cifar100,edgegpu_latency,ga_only,58.36000061035156,1.4285516738891602
cifar100,edgegpu_latency,ga_only,58.36000061035156,1.4285516738891602
cifar100,edgegpu_latency,ga_only,58.36000061035156,1.4285516738891602
cifar100,edgegpu_latency,ga_only,58.36000061035156,1.4285516738891602
cifar100,edgegpu_latency,ga_only,58.36000061035156,1.4285516738891602
cifar100,edgegpu_latency,ga_only,58.36000061035156,1.4285516738891602
cifar100,edgegpu_latency,ga_only,58.36000061035156,1.4285516738891602
cifar100,edgegpu_latency,ga_only,58.36000061035156,1.4285516738891602
cifar100,edgegpu_latency,ga_only,58.36000061035156,1.4285516738891602
cifar100,edgegpu_latency,ga_only,58.36000061035156,1.4285516738891602
cifar100,edgegpu_latency,ga_only,58.36000061035156,1.4285516738891602
cifar100,edgegpu_latency,ga_only,58.36000061035156,1.4285516738891602
cifar100,edgegpu_latency,ga_only,58.36000061035156,1.4285516738891602
cifar100,edgegpu_latency,ga_only,58.36000061035156,1.4285516738891602
cifar100,edgegpu_latency,ga_only,58.36000061035156,1.4285516738891602
cifar100,edgegpu_latency,ga_only,58.36000061035156,1.4285516738891602
cifar100,edgegpu_latency,ga_only,58.36000061035156,1.4285516738891602
cifar100,edgegpu_latency,ga_only,58.36000061035156,1.4285516738891602
cifar100,edgegpu_latency,ga_only,58.36000061035156,1.4285516738891602
cifar100,edgegpu_latency,ga_only,58.36000061035156,1.4285516738891602
cifar100,edgegpu_latency,ga_only,58.36000061035156,1.4285516738891602
cifar100,edgegpu_latency,ga_only,58.36000061035156,1.4285516738891602
cifar100,edgegpu_latency,ga_only,58.36000061035156,1.4285516738891602
cifar100,edgegpu_latency,ga_only,58.36000061035156,1.4285516738891602
cifar100,edgegpu_latency,ga_only,58.36000061035156,1.4285516738891602
cifar100,edgegpu_latency,ga_only,58.40666580200195,1.4289379119873047
cifar100,edgegpu_latency,ga_only,58.43333435058594,1.4444208145141602
cifar100,edgegpu_latency,ga_only,58.43333435058594,1.4444208145141602
cifar100,edgegpu_latency,ga_only,58.43333435058594,1.4444208145141602
cifar100,edgegpu_latency,ga_only,58.43333435058594,1.4444208145141602
cifar100,edgegpu_latency,ga_only,58.43333435058594,1.4444208145141602
cifar100,edgegpu_latency,ga_only,58.43333435058594,1.4444208145141602
cifar100,edgegpu_latency,ga_only,58.43333435058594,1.4444208145141602
cifar100,edgegpu_latency,ga_only,58.43333435058594,1.4444208145141602
cifar100,edgegpu_latency,ga_only,58.43333435058594,1.4444208145141602
cifar100,edgegpu_latency,ga_only,58.43333435058594,1.4444208145141602
cifar100,edgegpu_latency,ga_only,58.43333435058594,1.4444208145141602
cifar100,edgegpu_latency,ga_only,58.43333435058594,1.4444208145141602
cifar100,edgegpu_latency,ga_only,58.43333435058594,1.4444208145141602
cifar100,edgegpu_latency,ga_only,58.43333435058594,1.4444208145141602
cifar100,edgegpu_latency,ga_only,58.43333435058594,1.4444208145141602
cifar100,edgegpu_latency,ga_only,58.43333435058594,1.4444208145141602
cifar100,edgegpu_latency,ga_only,58.43333435058594,1.4444208145141602
cifar100,edgegpu_latency,ga_only,58.43333435058594,1.4444208145141602
cifar100,edgegpu_latency,ga_only,58.43333435058594,1.4444208145141602
cifar100,edgegpu_latency,ga_only,58.43333435058594,1.4444208145141602
cifar100,edgegpu_latency,ga_only,58.43333435058594,1.4444208145141602
cifar100,edgegpu_latency,ga_only,58.43333435058594,1.4444208145141602
cifar100,edgegpu_latency,ga_only,58.43333435058594,1.4444208145141602
cifar100,edgegpu_latency,ga_only,58.43333435058594,1.4444208145141602
cifar100,edgegpu_latency,ga_only,58.43333435058594,1.4444208145141602
cifar100,edgegpu_latency,ga_only,58.43333435058594,1.4444208145141602
cifar100,edgegpu_latency,ga_only,58.43333435058594,1.4444208145141602
cifar100,edgegpu_latency,ga_only,58.43333435058594,1.4444208145141602
cifar100,edgegpu_latency,ga_only,58.43333435058594,1.4444208145141602
cifar100,edgegpu_latency,ga_only,58.43333435058594,1.4444208145141602
cifar100,edgegpu_latency,ga_only,58.43333435058594,1.4444208145141602
cifar100,edgegpu_latency,ga_only,58.43333435058594,1.4444208145141602
cifar100,edgegpu_latency,ga_only,58.43333435058594,1.4444208145141602
cifar100,edgegpu_latency,ga_only,58.43333435058594,1.4444208145141602
cifar100,edgegpu_latency,ga_only,58.43333435058594,1.4444208145141602
cifar100,edgegpu_latency,ga_only,58.43333435058594,1.4444208145141602
cifar100,edgegpu_latency,ga_only,58.43333435058594,1.4444208145141602
cifar100,edgegpu_latency,ga_only,58.43333435058594,1.4444208145141602
cifar100,edgegpu_latency,ga_only,58.43333435058594,1.4444208145141602
cifar100,edgegpu_latency,ga_only,58.43333435058594,1.4444208145141602
cifar100,edgegpu_latency,ga_only,58.43333435058594,1.4444208145141602
cifar100,edgegpu_latency,ga_only,58.43333435058594,1.4444208145141602
cifar100,edgegpu_latency,ga_only,58.43333435058594,1.4444208145141602
cifar100,edgegpu_latency,ga_only,58.43333435058594,1.4444208145141602
cifar100,edgegpu_latency,ga_only,58.43333435058594,1.4444208145141602
cifar100,edgegpu_latency,ga_only,58.43333435058594,1.4444208145141602
cifar100,edgegpu_latency,ga_only,58.43333435058594,1.4444208145141602
cifar100,edgegpu_latency,ga_only,58.43333435058594,1.4444208145141602
cifar100,edgegpu_latency,ga_only,58.43333435058594,1.4444208145141602
cifar100,edgegpu_latency,ga_only,58.43333435058594,1.4444208145141602
cifar100,edgegpu_latency,ga_only,58.43333435058594,1.4444208145141602
cifar100,edgegpu_latency,ga_only,58.43333435058594,1.4444208145141602
cifar100,edgegpu_latency,ga_only,58.43333435058594,1.4444208145141602
cifar100,edgegpu_latency,ga_only,58.43333435058594,1.4444208145141602
cifar100,edgegpu_latency,ga_only,58.43333435058594,1.4444208145141602
cifar100,edgegpu_latency,ga_only,58.43333435058594,1.4444208145141602
cifar100,edgegpu_latency,ga_only,58.43333435058594,1.4444208145141602
cifar100,edgegpu_latency,ga_only,58.43333435058594,1.4444208145141602
cifar100,edgegpu_latency,ga_only,58.43333435058594,1.4444208145141602
cifar100,edgegpu_latency,ga_only,58.43333435058594,1.4444208145141602
cifar100,edgegpu_latency,ga_only,58.43333435058594,1.4444208145141602
cifar100,edgegpu_latency,ga_only,58.43333435058594,1.4444208145141602
cifar100,edgegpu_latency,ga_only,58.43333435058594,1.4444208145141602
cifar100,edgegpu_latency,ga_only,58.43333435058594,1.4444208145141602
cifar100,edgegpu_latency,ga_only,58.43333435058594,1.4444208145141602
cifar100,edgegpu_latency,ga_only,58.43333435058594,1.4444208145141602
cifar100,edgegpu_latency,ga_only,58.43333435058594,1.4444208145141602
cifar100,edgegpu_latency,ga_only,58.43333435058594,1.4444208145141602
cifar100,edgegpu_latency,ga_only,58.43333435058594,1.4444208145141602
cifar100,edgegpu_latency,ga_only,58.43333435058594,1.4444208145141602
cifar100,edgegpu_latency,ga_only,58.43333435058594,1.4444208145141602
cifar100,edgegpu_latency,ga_only,58.43333435058594,1.4444208145141602
cifar100,edgegpu_latency,ga_only,58.43333435058594,1.4444208145141602
cifar100,edgegpu_latency,ga_only,58.43333435058594,1.4444208145141602
cifar100,edgegpu_latency,ga_only,58.43333435058594,1.4444208145141602
cifar100,edgegpu_latency,ga_only,58.43333435058594,1.4444208145141602
cifar100,edgegpu_latency,ga_only,58.43333435058594,1.4444208145141602
cifar100,edgegpu_latency,ga_only,58.43333435058594,1.4444208145141602
cifar100,edgegpu_latency,ga_only,58.43333435058594,1.4444208145141602
cifar100,edgegpu_latency,ga_only,58.43333435058594,1.4444208145141602
cifar100,edgegpu_latency,ga_only,58.43333435058594,1.4444208145141602
cifar100,edgegpu_latency,ga_only,58.43333435058594,1.4444208145141602
cifar100,edgegpu_latency,ga_only,58.43333435058594,1.4444208145141602
cifar100,edgegpu_latency,ga_only,58.43333435058594,1.4444208145141602
cifar100,edgegpu_latency,ga_only,58.43333435058594,1.4444208145141602
cifar100,edgegpu_latency,ga_only,58.43333435058594,1.4444208145141602
cifar100,edgegpu_latency,ga_only,58.43333435058594,1.4444208145141602
cifar100,edgegpu_latency,ga_only,58.43333435058594,1.4444208145141602
cifar100,edgegpu_latency,ga_only,58.43333435058594,1.4444208145141602
cifar100,edgegpu_latency,ga_only,58.43333435058594,1.4444208145141602
cifar100,edgegpu_latency,ga_only,58.43333435058594,1.4444208145141602
cifar100,edgegpu_latency,ga_only,58.43333435058594,1.4444208145141602
cifar100,edgegpu_latency,ga_only,58.43333435058594,1.4444208145141602
cifar100,edgegpu_latency,ga_only,58.43333435058594,1.4444208145141602
cifar100,edgegpu_latency,ga_only,58.43333435058594,1.4444208145141602
cifar100,edgegpu_latency,ga_only,58.43333435058594,1.4444208145141602
cifar100,edgegpu_latency,ga_only,58.43333435058594,1.4444208145141602
cifar100,edgegpu_latency,ga_only,58.43333435058594,1.4444208145141602
cifar100,edgegpu_latency,ga_only,58.43333435058594,1.4444208145141602
cifar100,edgegpu_latency,ga_only,58.43333435058594,1.4444208145141602
cifar100,edgegpu_latency,ga_only,58.43333435058594,1.4444208145141602
cifar100,edgegpu_latency,ga_only,58.43333435058594,1.4444208145141602
cifar100,edgegpu_latency,ga_only,58.43333435058594,1.4444208145141602
cifar100,edgegpu_latency,ga_only,58.43333435058594,1.4444208145141602
cifar100,edgegpu_latency,ga_only,58.43333435058594,1.4444208145141602
cifar100,edgegpu_latency,ga_only,58.43333435058594,1.4444208145141602
cifar100,edgegpu_latency,ga_only,58.43333435058594,1.4444208145141602
cifar100,edgegpu_latency,ga_only,58.43333435058594,1.4444208145141602
cifar100,edgegpu_latency,ga_only,58.43333435058594,1.4444208145141602
cifar100,edgegpu_latency,ga_only,58.43333435058594,1.4444208145141602
cifar100,edgegpu_latency,ga_only,58.43333435058594,1.4444208145141602
cifar100,edgegpu_latency,ga_only,58.43333435058594,1.4444208145141602
cifar100,edgegpu_latency,ga_only,58.43333435058594,1.4444208145141602
cifar100,edgegpu_latency,ga_only,58.43333435058594,1.4444208145141602
cifar100,edgegpu_latency,ga_only,58.43333435058594,1.4444208145141602
cifar100,edgegpu_latency,ga_only,58.43333435058594,1.4444208145141602
cifar100,edgegpu_latency,ga_only,58.43333435058594,1.4444208145141602
cifar100,edgegpu_latency,ga_only,58.43333435058594,1.4444208145141602
cifar100,edgegpu_latency,ga_only,58.43333435058594,1.4444208145141602
cifar100,edgegpu_latency,ga_only,58.43333435058594,1.4444208145141602
cifar100,edgegpu_latency,ga_only,58.43333435058594,1.4444208145141602
cifar100,edgegpu_latency,ga_only,58.43333435058594,1.4444208145141602
cifar100,edgegpu_latency,ga_only,58.43333435058594,1.4444208145141602
cifar100,edgegpu_latency,ga_only,58.43333435058594,1.4444208145141602
cifar100,edgegpu_latency,ga_only,58.43333435058594,1.4444208145141602
cifar100,edgegpu_latency,ga_only,58.43333435058594,1.4444208145141602
cifar100,edgegpu_latency,ga_only,58.43333435058594,1.4444208145141602
cifar100,edgegpu_latency,ga_only,58.43333435058594,1.4444208145141602
cifar100,edgegpu_latency,ga_only,58.43333435058594,1.4444208145141602
cifar100,edgegpu_latency,ga_only,58.43333435058594,1.4444208145141602
cifar100,edgegpu_latency,ga_only,58.43333435058594,1.4444208145141602
cifar100,edgegpu_latency,ga_only,58.43333435058594,1.4444208145141602
cifar100,edgegpu_latency,ga_only,58.43333435058594,1.4444208145141602
cifar100,edgegpu_latency,ga_only,58.43333435058594,1.4444208145141602
cifar100,edgegpu_latency,ga_only,58.43333435058594,1.4444208145141602
cifar100,edgegpu_latency,ga_only,58.43333435058594,1.4444208145141602
cifar100,edgegpu_latency,ga_only,58.43333435058594,1.4444208145141602
cifar100,edgegpu_latency,ga_only,58.43333435058594,1.4444208145141602
cifar100,edgegpu_latency,ga_only,58.43333435058594,1.4444208145141602
cifar100,edgegpu_latency,ga_only,58.43333435058594,1.4444208145141602
cifar100,edgegpu_latency,ga_only,58.43333435058594,1.4444208145141602
cifar100,edgegpu_latency,ga_only,58.43333435058594,1.4444208145141602
cifar100,edgegpu_latency,ga_only,58.43333435058594,1.4444208145141602
cifar100,edgegpu_latency,ga_only,58.43333435058594,1.4444208145141602
cifar100,edgegpu_latency,ga_only,58.43333435058594,1.4444208145141602
cifar100,edgegpu_latency,ga_only,58.43333435058594,1.4444208145141602
cifar100,edgegpu_latency,ga_only,58.43333435058594,1.4444208145141602
cifar100,edgegpu_latency,ga_only,58.43333435058594,1.4444208145141602
cifar100,edgegpu_latency,ga_only,58.43333435058594,1.4444208145141602
cifar100,edgegpu_latency,ga_only,58.43333435058594,1.4444208145141602
cifar100,edgegpu_latency,ga_only,58.43333435058594,1.4444208145141602
cifar100,edgegpu_latency,ga_only,58.43333435058594,1.4444208145141602
cifar100,edgegpu_latency,ga_only,58.43333435058594,1.4444208145141602
cifar100,edgegpu_latency,ga_only,58.43333435058594,1.4444208145141602
cifar100,edgegpu_latency,ga_only,58.43333435058594,1.4444208145141602
cifar100,edgegpu_latency,ga_only,58.43333435058594,1.4444208145141602
cifar100,edgegpu_latency,ga_only,58.43333435058594,1.4444208145141602
cifar100,edgegpu_latency,ga_only,58.43333435058594,1.4444208145141602
cifar100,edgegpu_latency,ga_only,58.43333435058594,1.4444208145141602
cifar100,edgegpu_latency,ga_only,58.43333435058594,1.4444208145141602
cifar100,edgegpu_latency,ga_only,58.43333435058594,1.4444208145141602
cifar100,edgegpu_latency,ga_only,58.43333435058594,1.4444208145141602
cifar100,edgegpu_latency,ga_only,58.43333435058594,1.4444208145141602
cifar100,edgegpu_latency,ga_only,58.43333435058594,1.4444208145141602
cifar100,edgegpu_latency,ga_only,58.43333435058594,1.4444208145141602
cifar100,edgegpu_latency,ga_only,58.43333435058594,1.4444208145141602
cifar100,edgegpu_latency,ga_only,58.43333435058594,1.4444208145141602
cifar100,edgegpu_latency,ga_only,58.43333435058594,1.4444208145141602
cifar100,edgegpu_latency,ga_only,58.43333435058594,1.4444208145141602
cifar100,edgegpu_latency,ga_only,58.43333435058594,1.4444208145141602
cifar100,edgegpu_latency,ga_only,58.43333435058594,1.4444208145141602
cifar100,edgegpu_latency,ga_only,58.43333435058594,1.4444208145141602
cifar100,edgegpu_latency,ga_only,58.43333435058594,1.4444208145141602
cifar100,edgegpu_latency,ga_only,58.43333435058594,1.4444208145141602
cifar100,edgegpu_latency,ga_only,58.43333435058594,1.4444208145141602
cifar100,edgegpu_latency,ga_only,58.43333435058594,1.4444208145141602
cifar100,edgegpu_latency,ga_only,58.43333435058594,1.4444208145141602
cifar100,edgegpu_latency,ga_only,58.43333435058594,1.4444208145141602
cifar100,edgegpu_latency,ga_only,58.43333435058594,1.4444208145141602
cifar100,edgegpu_latency,ga_only,58.43333435058594,1.4444208145141602
cifar100,edgegpu_latency,ga_only,58.43333435058594,1.4444208145141602
cifar100,edgegpu_latency,ga_only,58.43333435058594,1.4444208145141602
cifar100,edgegpu_latency,ga_only,58.43333435058594,1.4444208145141602
cifar100,edgegpu_latency,ga_only,58.43333435058594,1.4444208145141602
cifar100,edgegpu_latency,ga_only,58.43333435058594,1.4444208145141602
cifar100,edgegpu_latency,ga_only,58.43333435058594,1.4444208145141602
cifar100,edgegpu_latency,ga_only,58.43333435058594,1.4444208145141602
cifar100,edgegpu_latency,ga_only,58.43333435058594,1.4444208145141602
cifar100,edgegpu_latency,ga_only,58.43333435058594,1.4444208145141602
cifar100,edgegpu_latency,ga_only,58.43333435058594,1.4444208145141602
cifar100,edgegpu_latency,ga_only,58.43333435058594,1.4444208145141602
cifar100,edgegpu_latency,ga_only,58.43333435058594,1.4444208145141602
cifar100,edgegpu_latency,ga_only,58.43333435058594,1.4444208145141602
cifar100,edgegpu_latency,ga_only,58.43333435058594,1.4444208145141602
cifar100,edgegpu_latency,ga_only,58.43333435058594,1.4444208145141602
cifar100,edgegpu_latency,ga_only,58.43333435058594,1.4444208145141602
cifar100,edgegpu_latency,ga_only,58.43333435058594,1.4444208145141602
cifar100,edgegpu_latency,ga_only,58.43333435058594,1.4444208145141602
cifar100,edgegpu_latency,ga_only,58.43333435058594,1.4444208145141602
cifar100,edgegpu_latency,ga_only,58.43333435058594,1.4444208145141602
cifar100,edgegpu_latency,ga_only,58.43333435058594,1.4444208145141602
cifar100,edgegpu_latency,ga_only,58.43333435058594,1.4444208145141602
cifar100,edgegpu_latency,ga_only,58.43333435058594,1.4444208145141602
cifar100,edgegpu_latency,ga_only,58.43333435058594,1.4444208145141602
cifar100,edgegpu_latency,ga_only,58.43333435058594,1.4444208145141602
cifar100,edgegpu_latency,ga_only,58.43333435058594,1.4444208145141602
cifar100,edgegpu_latency,ga_only,58.43333435058594,1.4444208145141602
cifar100,edgegpu_latency,ga_only,58.43333435058594,1.4444208145141602
cifar100,edgegpu_latency,ga_only,58.43333435058594,1.4444208145141602
cifar100,edgegpu_latency,ga_only,58.43333435058594,1.4444208145141602
cifar100,edgegpu_latency,ga_only,58.43333435058594,1.4444208145141602
cifar100,edgegpu_latency,ga_only,58.43333435058594,1.4444208145141602
cifar100,edgegpu_latency,ga_only,58.43333435058594,1.4444208145141602
cifar100,edgegpu_latency,ga_only,58.43333435058594,1.4444208145141602
cifar100,edgegpu_latency,ga_only,58.43333435058594,1.4444208145141602
cifar100,edgegpu_latency,ga_only,58.43333435058594,1.4444208145141602
cifar100,edgegpu_latency,ga_only,58.43333435058594,1.4444208145141602
cifar100,edgegpu_latency,ga_only,58.43333435058594,1.4444208145141602
cifar100,edgegpu_latency,ga_only,58.43333435058594,1.4444208145141602
cifar100,edgegpu_latency,ga_only,58.43333435058594,1.4444208145141602
cifar100,edgegpu_latency,ga_only,58.43333435058594,1.4444208145141602
cifar100,edgegpu_latency,ga_only,58.43333435058594,1.4444208145141602
cifar100,edgegpu_latency,ga_only,58.43333435058594,1.4444208145141602
cifar100,edgegpu_latency,ga_only,58.43333435058594,1.4444208145141602
cifar100,edgegpu_latency,ga_only,58.43333435058594,1.4444208145141602
cifar100,edgegpu_latency,ga_only,58.43333435058594,1.4444208145141602
cifar100,edgegpu_latency,ga_only,58.43333435058594,1.4444208145141602
cifar100,edgegpu_latency,ga_only,58.43333435058594,1.4444208145141602
cifar100,edgegpu_latency,ga_only,58.43333435058594,1.4444208145141602
cifar100,edgegpu_latency,ga_only,58.43333435058594,1.4444208145141602
cifar100,edgegpu_latency,ga_only,58.43333435058594,1.4444208145141602
cifar100,edgegpu_latency,ga_only,58.43333435058594,1.4444208145141602
cifar100,edgegpu_latency,ga_only,58.43333435058594,1.4444208145141602
cifar100,edgegpu_latency,ga_only,58.43333435058594,1.4444208145141602
cifar100,edgegpu_latency,ga_only,58.43333435058594,1.4444208145141602
cifar100,edgegpu_latency,ga_only,58.43333435058594,1.4444208145141602
cifar100,edgegpu_latency,ga_only,58.43333435058594,1.4444208145141602
cifar100,edgegpu_latency,ga_only,58.43333435058594,1.4444208145141602
cifar100,edgegpu_latency,ga_only,58.43333435058594,1.4444208145141602
cifar100,edgegpu_latency,ga_only,58.43333435058594,1.4444208145141602
cifar100,edgegpu_latency,ga_only,58.43333435058594,1.4444208145141602
cifar100,edgegpu_latency,ga_only,58.43333435058594,1.4444208145141602
cifar100,edgegpu_latency,ga_only,58.43333435058594,1.4444208145141602
cifar100,edgegpu_latency,ga_only,58.43333435058594,1.4444208145141602
cifar100,edgegpu_latency,ga_only,58.43333435058594,1.4444208145141602
cifar100,edgegpu_latency,ga_only,58.43333435058594,1.4444208145141602
cifar100,edgegpu_latency,ga_only,58.43333435058594,1.4444208145141602
cifar100,edgegpu_latency,ga_only,58.43333435058594,1.4444208145141602
cifar100,edgegpu_latency,ga_only,58.43333435058594,1.4444208145141602
cifar100,edgegpu_latency,ga_only,58.43333435058594,1.4444208145141602
cifar100,edgegpu_latency,ga_only,58.43333435058594,1.4444208145141602
cifar100,edgegpu_latency,ga_only,58.43333435058594,1.4444208145141602
cifar100,edgegpu_latency,ga_only,58.43333435058594,1.4444208145141602
cifar100,edgegpu_latency,ga_only,58.43333435058594,1.4444208145141602
cifar100,edgegpu_latency,ga_only,58.43333435058594,1.4444208145141602
cifar100,edgegpu_latency,ga_only,58.43333435058594,1.4444208145141602
cifar100,edgegpu_latency,ga_only,58.43333435058594,1.4444208145141602
cifar100,edgegpu_latency,ga_only,58.43333435058594,1.4444208145141602
cifar100,edgegpu_latency,ga_only,58.43333435058594,1.4444208145141602
cifar100,edgegpu_latency,ga_only,58.43333435058594,1.4444208145141602
cifar100,edgegpu_latency,ga_only,58.43333435058594,1.4444208145141602
cifar100,edgegpu_latency,ga_only,58.43333435058594,1.4444208145141602
cifar100,edgegpu_latency,ga_only,58.43333435058594,1.4444208145141602
cifar100,edgegpu_latency,ga_only,58.43333435058594,1.4444208145141602
cifar100,edgegpu_latency,ga_only,58.43333435058594,1.4444208145141602
cifar100,edgegpu_latency,ga_only,58.43333435058594,1.4444208145141602
cifar100,edgegpu_latency,ga_only,58.43333435058594,1.4444208145141602
cifar100,edgegpu_latency,ga_only,58.43333435058594,1.4444208145141602
cifar100,edgegpu_latency,ga_only,58.43333435058594,1.4444208145141602
cifar100,edgegpu_latency,ga_only,58.43333435058594,1.4444208145141602
cifar100,edgegpu_latency,ga_only,58.43333435058594,1.4444208145141602
cifar100,edgegpu_latency,ga_only,58.43333435058594,1.4444208145141602
cifar100,edgegpu_latency,ga_only,58.43333435058594,1.4444208145141602
cifar100,edgegpu_latency,ga_only,58.43333435058594,1.4444208145141602
cifar100,edgegpu_latency,ga_only,58.43333435058594,1.4444208145141602
cifar100,edgegpu_latency,ga_only,58.43333435058594,1.4444208145141602
cifar100,edgegpu_latency,ga_only,58.43333435058594,1.4444208145141602
cifar100,edgegpu_latency,ga_only,58.43333435058594,1.4444208145141602
cifar100,edgegpu_latency,ga_only,58.43333435058594,1.4444208145141602
cifar100,edgegpu_latency,ga_only,58.43333435058594,1.4444208145141602
cifar100,edgegpu_latency,ga_only,58.43333435058594,1.4444208145141602
cifar100,edgegpu_latency,ga_only,58.43333435058594,1.4444208145141602
cifar100,edgegpu_latency,ga_only,58.43333435058594,1.4444208145141602
cifar100,edgegpu_latency,ga_only,58.43333435058594,1.4444208145141602
cifar100,edgegpu_latency,ga_only,58.43333435058594,1.4444208145141602
cifar100,edgegpu_latency,ga_only,58.43333435058594,1.4444208145141602
cifar100,edgegpu_latency,ga_only,58.43333435058594,1.4444208145141602
cifar100,edgegpu_latency,ga_only,58.43333435058594,1.4444208145141602
cifar100,edgegpu_latency,ga_only,58.43333435058594,1.4444208145141602
cifar100,edgegpu_latency,ga_only,58.43333435058594,1.4444208145141602
cifar100,edgegpu_latency,ga_only,58.43333435058594,1.4444208145141602
cifar100,edgegpu_latency,ga_only,58.43333435058594,1.4444208145141602
cifar100,edgegpu_latency,ga_only,58.43333435058594,1.4444208145141602
cifar100,edgegpu_latency,ga_only,58.43333435058594,1.4444208145141602
cifar100,edgegpu_latency,ga_only,58.43333435058594,1.4444208145141602
cifar100,edgegpu_latency,ga_only,58.43333435058594,1.4444208145141602
cifar100,edgegpu_latency,ga_only,58.43333435058594,1.4444208145141602
cifar100,edgegpu_latency,ga_only,58.43333435058594,1.4444208145141602
cifar100,edgegpu_latency,ga_only,58.43333435058594,1.4444208145141602
cifar100,edgegpu_latency,ga_only,58.43333435058594,1.4444208145141602
cifar100,edgegpu_latency,ga_only,58.43333435058594,1.4444208145141602
cifar100,edgegpu_latency,ga_only,58.43333435058594,1.4444208145141602
cifar100,edgegpu_latency,ga_only,58.43333435058594,1.4444208145141602
cifar100,edgegpu_latency,ga_only,58.43333435058594,1.4444208145141602
cifar100,edgegpu_latency,ga_only,58.43333435058594,1.4444208145141602
cifar100,edgegpu_latency,ga_only,58.43333435058594,1.4444208145141602
cifar100,edgegpu_latency,ga_only,58.43333435058594,1.4444208145141602
cifar100,edgegpu_latency,ga_only,58.43333435058594,1.4444208145141602
cifar100,edgegpu_latency,ga_only,58.43333435058594,1.4444208145141602
cifar100,edgegpu_latency,ga_only,58.43333435058594,1.4444208145141602
cifar100,edgegpu_latency,ga_only,58.43333435058594,1.4444208145141602
cifar100,edgegpu_latency,ga_only,58.43333435058594,1.4444208145141602
cifar100,edgegpu_latency,ga_only,58.43333435058594,1.4444208145141602
cifar100,edgegpu_latency,ga_only,58.43333435058594,1.4444208145141602
cifar100,edgegpu_latency,ga_only,58.43333435058594,1.4444208145141602
cifar100,edgegpu_latency,ga_only,58.43333435058594,1.4444208145141602
cifar100,edgegpu_latency,ga_only,58.43333435058594,1.4444208145141602
cifar100,edgegpu_latency,ga_only,58.43333435058594,1.4444208145141602
cifar100,edgegpu_latency,ga_only,58.43333435058594,1.4444208145141602
cifar100,edgegpu_latency,ga_only,58.43333435058594,1.4444208145141602
cifar100,edgegpu_latency,ga_only,58.43333435058594,1.4444208145141602
cifar100,edgegpu_latency,ga_only,58.43333435058594,1.4444208145141602
cifar100,edgegpu_latency,ga_only,58.43333435058594,1.4444208145141602
cifar100,edgegpu_latency,ga_only,58.43333435058594,1.4444208145141602
cifar100,edgegpu_latency,ga_only,58.43333435058594,1.4444208145141602
cifar100,edgegpu_latency,ga_only,58.43333435058594,1.4444208145141602
cifar100,edgegpu_latency,ga_only,58.43333435058594,1.4444208145141602
cifar100,edgegpu_latency,ga_only,58.43333435058594,1.4444208145141602
cifar100,edgegpu_latency,ga_only,58.43333435058594,1.4444208145141602
cifar100,edgegpu_latency,ga_only,58.43333435058594,1.4444208145141602
cifar100,edgegpu_latency,ga_only,58.43333435058594,1.4444208145141602
cifar100,edgegpu_latency,ga_only,58.43333435058594,1.4444208145141602
cifar100,edgegpu_latency,ga_only,58.43333435058594,1.4444208145141602
cifar100,edgegpu_latency,ga_only,58.43333435058594,1.4444208145141602
cifar100,edgegpu_latency,ga_only,58.43333435058594,1.4444208145141602
cifar100,edgegpu_latency,ga_only,58.43333435058594,1.4444208145141602
cifar100,edgegpu_latency,ga_only,58.43333435058594,1.4444208145141602
cifar100,edgegpu_latency,ga_only,58.43333435058594,1.4444208145141602
cifar100,edgegpu_latency,ga_only,58.43333435058594,1.4444208145141602
cifar100,edgegpu_latency,ga_only,58.43333435058594,1.4444208145141602
cifar100,edgegpu_latency,ga_only,58.43333435058594,1.4444208145141602
cifar100,edgegpu_latency,ga_only,58.43333435058594,1.4444208145141602
cifar100,edgegpu_latency,ga_only,58.43333435058594,1.4444208145141602
cifar100,edgegpu_latency,ga_only,58.43333435058594,1.4444208145141602
cifar100,edgegpu_latency,ga_only,58.43333435058594,1.4444208145141602
cifar100,edgegpu_latency,ga_only,58.43333435058594,1.4444208145141602
cifar100,edgegpu_latency,ga_only,58.43333435058594,1.4444208145141602
cifar100,edgegpu_latency,ga_only,58.43333435058594,1.4444208145141602
cifar100,edgegpu_latency,ga_only,58.43333435058594,1.4444208145141602
cifar100,edgegpu_latency,ga_only,58.43333435058594,1.4444208145141602
cifar100,edgegpu_latency,ga_only,58.43333435058594,1.4444208145141602
cifar100,edgegpu_latency,ga_only,58.43333435058594,1.4444208145141602
cifar100,edgegpu_latency,ga_only,58.43333435058594,1.4444208145141602
cifar100,edgegpu_latency,ga_only,58.43333435058594,1.4444208145141602
cifar100,edgegpu_latency,ga_only,58.43333435058594,1.4444208145141602
cifar100,edgegpu_latency,ga_only,58.43333435058594,1.4444208145141602
cifar100,edgegpu_latency,ga_only,58.43333435058594,1.4444208145141602
cifar100,edgegpu_latency,ga_only,58.43333435058594,1.4444208145141602
cifar100,edgegpu_latency,ga_only,58.43333435058594,1.4444208145141602
cifar100,edgegpu_latency,ga_only,58.43333435058594,1.4444208145141602
cifar100,edgegpu_latency,ga_only,58.43333435058594,1.4444208145141602
cifar100,edgegpu_latency,ga_only,58.43333435058594,1.4444208145141602
cifar100,edgegpu_latency,ga_only,58.43333435058594,1.4444208145141602
cifar100,edgegpu_latency,ga_only,58.43333435058594,1.4444208145141602
cifar100,edgegpu_latency,ga_only,58.43333435058594,1.4444208145141602
cifar100,edgegpu_latency,ga_only,58.43333435058594,1.4444208145141602
cifar100,edgegpu_latency,ga_only,58.43333435058594,1.4444208145141602
cifar100,edgegpu_latency,ga_only,58.43333435058594,1.4444208145141602
cifar100,edgegpu_latency,ga_only,58.43333435058594,1.4444208145141602
cifar100,edgegpu_latency,ga_only,58.43333435058594,1.4444208145141602
cifar100,edgegpu_latency,ga_only,58.43333435058594,1.4444208145141602
cifar100,edgegpu_latency,ga_only,58.43333435058594,1.4444208145141602
cifar100,edgegpu_latency,ga_only,58.43333435058594,1.4444208145141602
cifar100,edgegpu_latency,ga_only,58.43333435058594,1.4444208145141602
cifar100,edgegpu_latency,ga_only,58.43333435058594,1.4444208145141602
cifar100,edgegpu_latency,ga_only,58.43333435058594,1.4444208145141602
cifar100,edgegpu_latency,ga_only,58.43333435058594,1.4444208145141602
cifar100,edgegpu_latency,ga_only,58.43333435058594,1.4444208145141602
cifar100,edgegpu_latency,ga_only,58.43333435058594,1.4444208145141602
cifar100,edgegpu_latency,ga_only,58.43333435058594,1.4444208145141602
cifar100,edgegpu_latency,ga_only,58.43333435058594,1.4444208145141602
cifar100,edgegpu_latency,ga_only,58.43333435058594,1.4444208145141602
cifar100,edgegpu_latency,ga_only,58.43333435058594,1.4444208145141602
cifar100,edgegpu_latency,ga_only,58.43333435058594,1.4444208145141602
cifar100,edgegpu_latency,ga_only,58.43333435058594,1.4444208145141602
cifar100,edgegpu_latency,ga_only,58.43333435058594,1.4444208145141602
cifar100,edgegpu_latency,ga_only,58.43333435058594,1.4444208145141602
cifar100,edgegpu_latency,ga_only,58.43333435058594,1.4444208145141602
cifar100,edgegpu_latency,ga_only,58.43333435058594,1.4444208145141602
cifar100,edgegpu_latency,ga_only,58.43333435058594,1.4444208145141602
cifar100,edgegpu_latency,ga_only,58.43333435058594,1.4444208145141602
cifar100,edgegpu_latency,ga_only,58.43333435058594,1.4444208145141602
cifar100,edgegpu_latency,ga_only,58.43333435058594,1.4444208145141602
cifar100,edgegpu_latency,ga_only,58.43333435058594,1.4444208145141602
cifar100,edgegpu_latency,ga_only,58.43333435058594,1.4444208145141602
cifar100,edgegpu_latency,ga_only,58.43333435058594,1.4444208145141602
cifar100,edgegpu_latency,ga_only,58.43333435058594,1.4444208145141602
cifar100,edgegpu_latency,ga_only,58.43333435058594,1.4444208145141602
cifar100,edgegpu_latency,ga_only,58.43333435058594,1.4444208145141602
cifar100,edgegpu_latency,ga_only,58.43333435058594,1.4444208145141602
cifar100,edgegpu_latency,ga_only,58.43333435058594,1.4444208145141602
cifar100,edgegpu_latency,ga_only,58.43333435058594,1.4444208145141602
cifar100,edgegpu_latency,ga_only,58.43333435058594,1.4444208145141602
cifar100,edgegpu_latency,ga_only,58.43333435058594,1.4444208145141602
cifar100,edgegpu_latency,ga_only,58.43333435058594,1.4444208145141602
cifar100,edgegpu_latency,ga_only,58.43333435058594,1.4444208145141602
cifar100,edgegpu_latency,ga_only,58.43333435058594,1.4444208145141602
cifar100,edgegpu_latency,ga_only,58.43333435058594,1.4444208145141602
cifar100,edgegpu_latency,ga_only,58.43333435058594,1.4444208145141602
cifar100,edgegpu_latency,ga_only,58.43333435058594,1.4444208145141602
cifar100,edgegpu_latency,ga_only,58.43333435058594,1.4444208145141602
cifar100,edgegpu_latency,ga_only,58.43333435058594,1.4444208145141602
cifar100,edgegpu_latency,ga_only,58.43333435058594,1.4444208145141602
cifar100,edgegpu_latency,ga_only,58.43333435058594,1.4444208145141602
cifar100,edgegpu_latency,ga_only,58.43333435058594,1.4444208145141602
cifar100,edgegpu_latency,ga_only,58.43333435058594,1.4444208145141602
cifar100,edgegpu_latency,ga_only,58.43333435058594,1.4444208145141602
cifar100,edgegpu_latency,ga_only,58.43333435058594,1.4444208145141602
cifar100,edgegpu_latency,ga_only,58.43333435058594,1.4444208145141602
cifar100,edgegpu_latency,ga_only,58.43333435058594,1.4444208145141602
cifar100,edgegpu_latency,ga_only,58.43333435058594,1.4444208145141602
cifar100,edgegpu_latency,ga_only,58.43333435058594,1.4444208145141602
cifar100,edgegpu_latency,ga_only,58.43333435058594,1.4444208145141602
cifar100,edgegpu_latency,ga_only,58.43333435058594,1.4444208145141602
cifar100,edgegpu_latency,ga_only,58.43333435058594,1.4444208145141602
cifar100,edgegpu_latency,ga_only,58.43333435058594,1.4444208145141602
cifar100,edgegpu_latency,ga_only,58.43333435058594,1.4444208145141602
cifar100,edgegpu_latency,ga_only,58.43333435058594,1.4444208145141602
cifar100,edgegpu_latency,ga_only,58.43333435058594,1.4444208145141602
cifar100,edgegpu_latency,ga_only,58.43333435058594,1.4444208145141602
cifar100,edgegpu_latency,ga_only,58.43333435058594,1.4444208145141602
cifar100,edgegpu_latency,ga_only,58.43333435058594,1.4444208145141602
cifar100,edgegpu_latency,ga_only,58.43333435058594,1.4444208145141602
cifar100,edgegpu_latency,ga_only,58.43333435058594,1.4444208145141602
cifar100,edgegpu_latency,ga_only,58.43333435058594,1.4444208145141602
cifar100,edgegpu_latency,ga_only,58.43333435058594,1.4444208145141602
cifar100,edgegpu_latency,ga_only,58.43333435058594,1.4444208145141602
cifar100,edgegpu_latency,ga_only,58.43333435058594,1.4444208145141602
cifar100,edgegpu_latency,ga_only,58.43333435058594,1.4444208145141602
cifar100,edgegpu_latency,ga_only,58.43333435058594,1.4444208145141602
cifar100,edgegpu_latency,ga_only,58.43333435058594,1.4444208145141602
cifar100,edgegpu_latency,ga_only,58.43333435058594,1.4444208145141602
cifar100,edgegpu_latency,ga_only,58.43333435058594,1.4444208145141602
cifar100,edgegpu_latency,ga_only,58.43333435058594,1.4444208145141602
cifar100,edgegpu_latency,ga_only,58.43333435058594,1.4444208145141602
cifar100,edgegpu_latency,ga_only,58.43333435058594,1.4444208145141602
cifar100,edgegpu_latency,ga_only,58.43333435058594,1.4444208145141602
cifar100,edgegpu_latency,ga_only,58.43333435058594,1.4444208145141602
cifar100,edgegpu_latency,ga_only,58.43333435058594,1.4444208145141602
cifar100,edgegpu_latency,ga_only,58.43333435058594,1.4444208145141602
cifar100,edgegpu_latency,ga_only,58.43333435058594,1.4444208145141602
cifar100,edgegpu_latency,ga_only,58.43333435058594,1.4444208145141602
cifar100,edgegpu_latency,ga_only,58.43333435058594,1.4444208145141602
cifar100,edgegpu_latency,ga_only,58.43333435058594,1.4444208145141602
cifar100,edgegpu_latency,ga_only,58.43333435058594,1.4444208145141602
cifar100,edgegpu_latency,ga_only,58.43333435058594,1.4444208145141602
cifar100,edgegpu_latency,ga_only,58.43333435058594,1.4444208145141602
cifar100,edgegpu_latency,ga_only,58.43333435058594,1.4444208145141602
cifar100,edgegpu_latency,ga_only,58.43333435058594,1.4444208145141602
cifar100,edgegpu_latency,ga_only,58.43333435058594,1.4444208145141602
cifar100,edgegpu_latency,ga_only,58.43333435058594,1.4444208145141602
cifar100,edgegpu_latency,ga_only,58.43333435058594,1.4444208145141602
cifar100,edgegpu_latency,ga_only,58.43333435058594,1.4444208145141602
cifar100,edgegpu_latency,ga_only,58.43333435058594,1.4444208145141602
cifar100,edgegpu_latency,ga_only,58.43333435058594,1.4444208145141602
cifar100,edgegpu_latency,ga_only,58.43333435058594,1.4444208145141602
cifar100,edgegpu_latency,ga_only,58.43333435058594,1.4444208145141602
cifar100,edgegpu_latency,ga_only,58.43333435058594,1.4444208145141602
cifar100,edgegpu_latency,ga_only,58.43333435058594,1.4444208145141602
cifar100,edgegpu_latency,ga_only,58.43333435058594,1.4444208145141602
cifar100,edgegpu_latency,ga_only,58.43333435058594,1.4444208145141602
cifar100,edgegpu_latency,ga_only,58.43333435058594,1.4444208145141602
cifar100,edgegpu_latency,ga_only,58.43333435058594,1.4444208145141602
cifar100,edgegpu_latency,ga_only,58.43333435058594,1.4444208145141602
cifar100,edgegpu_latency,ga_only,58.43333435058594,1.4444208145141602
cifar100,edgegpu_latency,ga_only,58.43333435058594,1.4444208145141602
cifar100,edgegpu_latency,ga_only,58.43333435058594,1.4444208145141602
cifar100,edgegpu_latency,ga_only,58.43333435058594,1.4444208145141602
cifar100,edgegpu_latency,ga_only,58.43333435058594,1.4444208145141602
cifar100,edgegpu_latency,ga_only,58.43333435058594,1.4444208145141602
cifar100,edgegpu_latency,ga_only,58.43333435058594,1.4444208145141602
cifar100,edgegpu_latency,ga_only,58.43333435058594,1.4444208145141602
cifar100,edgegpu_latency,ga_only,58.43333435058594,1.4444208145141602
cifar100,edgegpu_latency,ga_only,58.43333435058594,1.4444208145141602
cifar100,edgegpu_latency,ga_only,58.43333435058594,1.4444208145141602
cifar100,edgegpu_latency,ga_only,58.43333435058594,1.4444208145141602
cifar100,edgegpu_latency,ga_only,58.43333435058594,1.4444208145141602
cifar100,edgegpu_latency,ga_only,58.43333435058594,1.4444208145141602
cifar100,edgegpu_latency,ga_only,58.43333435058594,1.4444208145141602
cifar100,edgegpu_latency,ga_only,58.43333435058594,1.4444208145141602
cifar100,edgegpu_latency,ga_only,58.43333435058594,1.4444208145141602
cifar100,edgegpu_latency,ga_only,58.43333435058594,1.4444208145141602
cifar100,edgegpu_latency,ga_only,58.43333435058594,1.4444208145141602
cifar100,edgegpu_latency,ga_only,58.43333435058594,1.4444208145141602
cifar100,edgegpu_latency,ga_only,58.43333435058594,1.4444208145141602
cifar100,edgegpu_latency,ga_only,58.43333435058594,1.4444208145141602
cifar100,edgegpu_latency,ga_only,58.43333435058594,1.4444208145141602
cifar100,edgegpu_latency,ga_only,58.43333435058594,1.4444208145141602
cifar100,edgegpu_latency,ga_only,58.43333435058594,1.4444208145141602
cifar100,edgegpu_latency,ga_only,58.43333435058594,1.4444208145141602
cifar100,edgegpu_latency,ga_only,58.43333435058594,1.4444208145141602
cifar100,edgegpu_latency,ga_only,58.43333435058594,1.4444208145141602
cifar100,edgegpu_latency,ga_only,58.43333435058594,1.4444208145141602
cifar100,edgegpu_latency,ga_only,58.43333435058594,1.4444208145141602
cifar100,edgegpu_latency,ga_only,58.43333435058594,1.4444208145141602
cifar100,edgegpu_latency,ga_only,58.43333435058594,1.4444208145141602
cifar100,edgegpu_latency,ga_only,58.43333435058594,1.4444208145141602
cifar100,edgegpu_latency,ga_only,58.43333435058594,1.4444208145141602
cifar100,edgegpu_latency,ga_only,58.43333435058594,1.4444208145141602
cifar100,edgegpu_latency,ga_only,58.43333435058594,1.4444208145141602
cifar100,edgegpu_latency,ga_only,58.43333435058594,1.4444208145141602
cifar100,edgegpu_latency,ga_only,58.43333435058594,1.4444208145141602
cifar100,edgegpu_latency,ga_only,58.43333435058594,1.4444208145141602
cifar100,edgegpu_latency,ga_only,58.43333435058594,1.4444208145141602
cifar100,edgegpu_latency,ga_only,58.43333435058594,1.4444208145141602
cifar100,edgegpu_latency,ga_only,58.43333435058594,1.4444208145141602
cifar100,edgegpu_latency,ga_only,58.43333435058594,1.4444208145141602
cifar100,edgegpu_latency,ga_only,58.43333435058594,1.4444208145141602
cifar100,edgegpu_latency,ga_only,58.43333435058594,1.4444208145141602
cifar100,edgegpu_latency,ga_only,58.43333435058594,1.4444208145141602
cifar100,edgegpu_latency,ga_only,58.43333435058594,1.4444208145141602
cifar100,edgegpu_latency,ga_only,58.43333435058594,1.4444208145141602
cifar100,edgegpu_latency,ga_only,58.43333435058594,1.4444208145141602
cifar100,edgegpu_latency,ga_only,58.43333435058594,1.4444208145141602
cifar100,edgegpu_latency,ga_only,58.43333435058594,1.4444208145141602
cifar100,edgegpu_latency,ga_only,58.43333435058594,1.4444208145141602
cifar100,edgegpu_latency,ga_only,58.43333435058594,1.4444208145141602
cifar100,edgegpu_latency,ga_only,58.43333435058594,1.4444208145141602
cifar100,edgegpu_latency,ga_only,58.43333435058594,1.4444208145141602
cifar100,edgegpu_latency,ga_only,58.43333435058594,1.4444208145141602
cifar100,edgegpu_latency,ga_only,58.43333435058594,1.4444208145141602
cifar100,edgegpu_latency,ga_only,58.43333435058594,1.4444208145141602
cifar100,edgegpu_latency,ga_only,58.43333435058594,1.4444208145141602
cifar100,edgegpu_latency,ga_only,58.43333435058594,1.4444208145141602
cifar100,edgegpu_latency,ga_only,58.43333435058594,1.4444208145141602
cifar100,edgegpu_latency,ga_only,58.43333435058594,1.4444208145141602
cifar100,edgegpu_latency,ga_only,58.43333435058594,1.4444208145141602
cifar100,edgegpu_latency,ga_only,58.43333435058594,1.4444208145141602
cifar100,edgegpu_latency,ga_only,58.43333435058594,1.4444208145141602
cifar100,edgegpu_latency,ga_only,58.43333435058594,1.4444208145141602
cifar100,edgegpu_latency,ga_only,58.43333435058594,1.4444208145141602
cifar100,edgegpu_latency,ga_only,58.43333435058594,1.4444208145141602
cifar100,edgegpu_latency,ga_only,58.43333435058594,1.4444208145141602
cifar100,edgegpu_latency,ga_only,58.43333435058594,1.4444208145141602
cifar100,edgegpu_latency,ga_only,58.43333435058594,1.4444208145141602
cifar100,edgegpu_latency,ga_only,58.43333435058594,1.4444208145141602
cifar100,edgegpu_latency,ga_only,58.43333435058594,1.4444208145141602
cifar100,edgegpu_latency,ga_only,58.43333435058594,1.4444208145141602
cifar100,edgegpu_latency,ga_only,58.43333435058594,1.4444208145141602
cifar100,edgegpu_latency,ga_only,58.43333435058594,1.4444208145141602
cifar100,edgegpu_latency,ga_only,58.43333435058594,1.4444208145141602
cifar100,edgegpu_latency,ga_only,58.43333435058594,1.4444208145141602
cifar100,edgegpu_latency,ga_only,58.43333435058594,1.4444208145141602
cifar100,edgegpu_latency,ga_only,58.43333435058594,1.4444208145141602
cifar100,edgegpu_latency,ga_only,58.43333435058594,1.4444208145141602
cifar100,edgegpu_latency,ga_only,58.43333435058594,1.4444208145141602
cifar100,edgegpu_latency,ga_only,58.43333435058594,1.4444208145141602
cifar100,edgegpu_latency,ga_only,58.43333435058594,1.4444208145141602
cifar100,edgegpu_latency,ga_only,58.43333435058594,1.4444208145141602
cifar100,edgegpu_latency,ga_only,58.43333435058594,1.4444208145141602
cifar100,edgegpu_latency,ga_only,58.43333435058594,1.4444208145141602
cifar100,edgegpu_latency,ga_only,58.43333435058594,1.4444208145141602
cifar100,edgegpu_latency,ga_only,58.43333435058594,1.4444208145141602
cifar100,edgegpu_latency,ga_only,58.43333435058594,1.4444208145141602
cifar100,edgegpu_latency,ga_only,58.43333435058594,1.4444208145141602
cifar100,edgegpu_latency,ga_only,58.43333435058594,1.4444208145141602
cifar100,edgegpu_latency,ga_only,58.43333435058594,1.4444208145141602
cifar100,edgegpu_latency,ga_only,58.43333435058594,1.4444208145141602
cifar100,edgegpu_latency,ga_only,58.43333435058594,1.4444208145141602
cifar100,edgegpu_latency,ga_only,58.43333435058594,1.4444208145141602
cifar100,edgegpu_latency,ga_only,58.43333435058594,1.4444208145141602
cifar100,edgegpu_latency,ga_only,58.43333435058594,1.4444208145141602
cifar100,edgegpu_latency,ga_only,58.43333435058594,1.4444208145141602
cifar100,edgegpu_latency,ga_only,58.43333435058594,1.4444208145141602
cifar100,edgegpu_latency,ga_only,58.43333435058594,1.4444208145141602
cifar100,edgegpu_latency,ga_only,58.43333435058594,1.4444208145141602
cifar100,edgegpu_latency,ga_only,58.43333435058594,1.4444208145141602
cifar100,edgegpu_latency,ga_only,58.43333435058594,1.4444208145141602
cifar100,edgegpu_latency,ga_only,58.43333435058594,1.4444208145141602
cifar100,edgegpu_latency,ga_only,58.43333435058594,1.4444208145141602
cifar100,edgegpu_latency,ga_only,58.43333435058594,1.4444208145141602
cifar100,edgegpu_latency,ga_only,58.43333435058594,1.4444208145141602
cifar100,edgegpu_latency,ga_only,58.43333435058594,1.4444208145141602
cifar100,edgegpu_latency,ga_only,58.43333435058594,1.4444208145141602
cifar100,edgegpu_latency,ga_only,58.43333435058594,1.4444208145141602
cifar100,edgegpu_latency,ga_only,58.43333435058594,1.4444208145141602
cifar100,edgegpu_latency,ga_only,58.43333435058594,1.4444208145141602
cifar100,edgegpu_latency,ga_only,58.43333435058594,1.4444208145141602
cifar100,edgegpu_latency,ga_only,58.43333435058594,1.4444208145141602
cifar100,edgegpu_latency,ga_only,58.43333435058594,1.4444208145141602
cifar100,edgegpu_latency,ga_only,58.43333435058594,1.4444208145141602
cifar100,edgegpu_latency,ga_only,58.43333435058594,1.4444208145141602
cifar100,edgegpu_latency,ga_only,58.43333435058594,1.4444208145141602
cifar100,edgegpu_latency,ga_only,58.43333435058594,1.4444208145141602
cifar100,edgegpu_latency,ga_only,58.43333435058594,1.4444208145141602
cifar100,edgegpu_latency,ga_only,58.43333435058594,1.4444208145141602
cifar100,edgegpu_latency,ga_only,58.43333435058594,1.4444208145141602
cifar100,edgegpu_latency,ga_only,58.43333435058594,1.4444208145141602
cifar100,edgegpu_latency,ga_only,58.43333435058594,1.4444208145141602
cifar100,edgegpu_latency,ga_only,58.43333435058594,1.4444208145141602
cifar100,edgegpu_latency,ga_only,58.43333435058594,1.4444208145141602
cifar100,edgegpu_latency,ga_only,58.43333435058594,1.4444208145141602
cifar100,edgegpu_latency,ga_only,58.43333435058594,1.4444208145141602
cifar100,edgegpu_latency,ga_only,58.43333435058594,1.4444208145141602
cifar100,edgegpu_latency,ga_only,58.43333435058594,1.4444208145141602
cifar100,edgegpu_latency,ga_only,58.43333435058594,1.4444208145141602
cifar100,edgegpu_latency,ga_only,58.43333435058594,1.4444208145141602
cifar100,edgegpu_latency,ga_only,58.43333435058594,1.4444208145141602
cifar100,edgegpu_latency,ga_only,58.43333435058594,1.4444208145141602
cifar100,edgegpu_latency,ga_only,58.43333435058594,1.4444208145141602
cifar100,edgegpu_latency,ga_only,58.43333435058594,1.4444208145141602
cifar100,edgegpu_latency,ga_only,58.43333435058594,1.4444208145141602
cifar100,edgegpu_latency,ga_only,58.43333435058594,1.4444208145141602
cifar100,edgegpu_latency,ga_only,58.43333435058594,1.4444208145141602
cifar100,edgegpu_latency,ga_only,58.43333435058594,1.4444208145141602
cifar100,edgegpu_latency,ga_only,58.43333435058594,1.4444208145141602
cifar100,edgegpu_latency,ga_only,58.43333435058594,1.4444208145141602
cifar100,edgegpu_latency,ga_only,58.43333435058594,1.4444208145141602
cifar100,edgegpu_latency,ga_only,58.43333435058594,1.4444208145141602
cifar100,edgegpu_latency,ga_only,58.43333435058594,1.4444208145141602
cifar100,edgegpu_latency,ga_only,58.43333435058594,1.4444208145141602
cifar100,edgegpu_latency,ga_only,58.43333435058594,1.4444208145141602
cifar100,edgegpu_latency,ga_only,58.43333435058594,1.4444208145141602
cifar100,edgegpu_latency,ga_only,58.43333435058594,1.4444208145141602
cifar100,edgegpu_latency,ga_only,58.43333435058594,1.4444208145141602
cifar100,edgegpu_latency,ga_only,58.43333435058594,1.4444208145141602
cifar100,edgegpu_latency,ga_only,58.43333435058594,1.4444208145141602
cifar100,edgegpu_latency,ga_only,58.43333435058594,1.4444208145141602
cifar100,edgegpu_latency,ga_only,58.43333435058594,1.4444208145141602
cifar100,edgegpu_latency,ga_only,58.43333435058594,1.4444208145141602
cifar100,edgegpu_latency,ga_only,58.43333435058594,1.4444208145141602
cifar100,edgegpu_latency,ga_only,58.43333435058594,1.4444208145141602
cifar100,edgegpu_latency,ga_only,58.43333435058594,1.4444208145141602
cifar100,edgegpu_latency,ga_only,58.43333435058594,1.4444208145141602
cifar100,edgegpu_latency,ga_only,58.43333435058594,1.4444208145141602
cifar100,edgegpu_latency,ga_only,58.43333435058594,1.4444208145141602
cifar100,edgegpu_latency,ga_only,58.43333435058594,1.4444208145141602
cifar100,edgegpu_latency,ga_only,58.43333435058594,1.4444208145141602
cifar100,edgegpu_latency,ga_only,58.43333435058594,1.4444208145141602
cifar100,edgegpu_latency,ga_only,58.43333435058594,1.4444208145141602
cifar100,edgegpu_latency,ga_only,58.43333435058594,1.4444208145141602
cifar100,edgegpu_latency,ga_only,58.43333435058594,1.4444208145141602
cifar100,edgegpu_latency,ga_only,58.43333435058594,1.4444208145141602
cifar100,edgegpu_latency,ga_only,58.43333435058594,1.4444208145141602
cifar100,edgegpu_latency,ga_only,58.43333435058594,1.4444208145141602
cifar100,edgegpu_latency,ga_only,58.43333435058594,1.4444208145141602
cifar100,edgegpu_latency,ga_only,58.43333435058594,1.4444208145141602
cifar100,edgegpu_latency,ga_only,58.43333435058594,1.4444208145141602
cifar100,edgegpu_latency,ga_only,58.43333435058594,1.4444208145141602
cifar100,edgegpu_latency,ga_only,58.43333435058594,1.4444208145141602
cifar100,edgegpu_latency,ga_only,58.43333435058594,1.4444208145141602
cifar100,edgegpu_latency,ga_only,58.43333435058594,1.4444208145141602
cifar100,edgegpu_latency,ga_only,58.43333435058594,1.4444208145141602
cifar100,edgegpu_latency,ga_only,58.43333435058594,1.4444208145141602
cifar100,edgegpu_latency,ga_only,58.43333435058594,1.4444208145141602
cifar100,edgegpu_latency,ga_only,58.43333435058594,1.4444208145141602
cifar100,edgegpu_latency,ga_only,58.43333435058594,1.4444208145141602
cifar100,edgegpu_latency,ga_only,58.43333435058594,1.4444208145141602
cifar100,edgegpu_latency,ga_only,58.43333435058594,1.4444208145141602
cifar100,edgegpu_latency,ga_only,58.43333435058594,1.4444208145141602
cifar100,edgegpu_latency,ga_only,58.43333435058594,1.4444208145141602
cifar100,edgegpu_latency,ga_only,58.43333435058594,1.4444208145141602
cifar100,edgegpu_latency,ga_only,58.43333435058594,1.4444208145141602
cifar100,edgegpu_latency,ga_only,58.43333435058594,1.4444208145141602
cifar100,edgegpu_latency,ga_only,58.43333435058594,1.4444208145141602
cifar100,edgegpu_latency,ga_only,58.43333435058594,1.4444208145141602
cifar100,edgegpu_latency,ga_only,58.43333435058594,1.4444208145141602
cifar100,edgegpu_latency,ga_only,58.43333435058594,1.4444208145141602
cifar100,edgegpu_latency,ga_only,58.43333435058594,1.4444208145141602
cifar100,edgegpu_latency,ga_only,58.43333435058594,1.4444208145141602
cifar100,edgegpu_latency,ga_only,58.43333435058594,1.4444208145141602
cifar100,edgegpu_latency,ga_only,58.43333435058594,1.4444208145141602
cifar100,edgegpu_latency,ga_only,58.43333435058594,1.4444208145141602
cifar100,edgegpu_latency,ga_only,58.43333435058594,1.4444208145141602
cifar100,edgegpu_latency,ga_only,58.43333435058594,1.4444208145141602
cifar100,edgegpu_latency,ga_only,58.43333435058594,1.4444208145141602
cifar100,edgegpu_latency,ga_only,58.43333435058594,1.4444208145141602
cifar100,edgegpu_latency,ga_only,58.43333435058594,1.4444208145141602
cifar100,edgegpu_latency,ga_only,58.43333435058594,1.4444208145141602
cifar100,edgegpu_latency,ga_only,58.43333435058594,1.4444208145141602
cifar100,edgegpu_latency,ga_only,58.43333435058594,1.4444208145141602
cifar100,edgegpu_latency,ga_only,58.43333435058594,1.4444208145141602
cifar100,edgegpu_latency,ga_only,58.43333435058594,1.4444208145141602
cifar100,edgegpu_latency,ga_only,58.43333435058594,1.4444208145141602
cifar100,edgegpu_latency,ga_only,58.43333435058594,1.4444208145141602
cifar100,edgegpu_latency,ga_only,58.43333435058594,1.4444208145141602
cifar100,edgegpu_latency,ga_only,58.43333435058594,1.4444208145141602
cifar100,edgegpu_latency,ga_only,58.43333435058594,1.4444208145141602
cifar100,edgegpu_latency,ga_only,58.43333435058594,1.4444208145141602
cifar100,edgegpu_latency,ga_only,58.43333435058594,1.4444208145141602
cifar100,edgegpu_latency,ga_only,58.43333435058594,1.4444208145141602
cifar100,edgegpu_latency,ga_only,58.43333435058594,1.4444208145141602
cifar100,edgegpu_latency,ga_only,58.43333435058594,1.4444208145141602
cifar100,edgegpu_latency,ga_only,58.43333435058594,1.4444208145141602
cifar100,edgegpu_latency,ga_only,58.43333435058594,1.4444208145141602
cifar100,edgegpu_latency,ga_only,58.43333435058594,1.4444208145141602
cifar100,edgegpu_latency,ga_only,58.43333435058594,1.4444208145141602
cifar100,edgegpu_latency,ga_only,58.43333435058594,1.4444208145141602
cifar100,edgegpu_latency,ga_only,58.43333435058594,1.4444208145141602
cifar100,edgegpu_latency,ga_only,58.43333435058594,1.4444208145141602
cifar100,edgegpu_latency,ga_only,58.43333435058594,1.4444208145141602
cifar100,edgegpu_latency,ga_only,58.43333435058594,1.4444208145141602
cifar100,edgegpu_latency,ga_only,58.43333435058594,1.4444208145141602
cifar100,edgegpu_latency,ga_only,58.43333435058594,1.4444208145141602
cifar100,edgegpu_latency,ga_only,58.43333435058594,1.4444208145141602
cifar100,edgegpu_latency,ga_only,58.43333435058594,1.4444208145141602
cifar100,edgegpu_latency,ga_only,58.43333435058594,1.4444208145141602
cifar100,edgegpu_latency,ga_only,58.43333435058594,1.4444208145141602
cifar100,edgegpu_latency,ga_only,58.43333435058594,1.4444208145141602
cifar100,edgegpu_latency,ga_only,58.43333435058594,1.4444208145141602
cifar100,edgegpu_latency,ga_only,58.43333435058594,1.4444208145141602
cifar100,edgegpu_latency,ga_only,58.43333435058594,1.4444208145141602
cifar100,edgegpu_latency,ga_only,58.43333435058594,1.4444208145141602
cifar100,edgegpu_latency,ga_only,58.43333435058594,1.4444208145141602
cifar100,edgegpu_latency,ga_only,58.43333435058594,1.4444208145141602
cifar100,edgegpu_latency,ga_only,58.43333435058594,1.4444208145141602
cifar100,edgegpu_latency,ga_only,58.43333435058594,1.4444208145141602
cifar100,edgegpu_latency,ga_only,58.43333435058594,1.4444208145141602
cifar100,edgegpu_latency,ga_only,58.43333435058594,1.4444208145141602
cifar100,edgegpu_latency,ga_only,58.43333435058594,1.4444208145141602
cifar100,edgegpu_latency,ga_only,58.43333435058594,1.4444208145141602
cifar100,edgegpu_latency,ga_only,58.43333435058594,1.4444208145141602
cifar100,edgegpu_latency,ga_only,58.43333435058594,1.4444208145141602
cifar100,edgegpu_latency,ga_only,58.43333435058594,1.4444208145141602
cifar100,edgegpu_latency,ga_only,58.43333435058594,1.4444208145141602
cifar100,edgegpu_latency,ga_only,58.43333435058594,1.4444208145141602
cifar100,edgegpu_latency,ga_only,58.43333435058594,1.4444208145141602
cifar100,edgegpu_latency,ga_only,58.43333435058594,1.4444208145141602
cifar100,edgegpu_latency,ga_only,58.43333435058594,1.4444208145141602
cifar100,edgegpu_latency,ga_only,58.43333435058594,1.4444208145141602
cifar100,edgegpu_latency,ga_only,58.43333435058594,1.4444208145141602
cifar100,edgegpu_latency,ga_only,58.43333435058594,1.4444208145141602
cifar100,edgegpu_latency,ga_only,58.43333435058594,1.4444208145141602
cifar100,edgegpu_latency,ga_only,58.43333435058594,1.4444208145141602
cifar100,edgegpu_latency,ga_only,58.43333435058594,1.4444208145141602
cifar100,edgegpu_latency,ga_only,58.43333435058594,1.4444208145141602
cifar100,edgegpu_latency,ga_only,58.43333435058594,1.4444208145141602
cifar100,edgegpu_latency,ga_only,58.43333435058594,1.4444208145141602
cifar100,edgegpu_latency,ga_only,58.43333435058594,1.4444208145141602
cifar100,edgegpu_latency,ga_only,58.43333435058594,1.4444208145141602
cifar100,edgegpu_latency,ga_only,58.43333435058594,1.4444208145141602
cifar100,edgegpu_latency,ga_only,58.43333435058594,1.4444208145141602
cifar100,edgegpu_latency,ga_only,58.43333435058594,1.4444208145141602
cifar100,edgegpu_latency,ga_only,58.43333435058594,1.4444208145141602
cifar100,edgegpu_latency,ga_only,58.43333435058594,1.4444208145141602
cifar100,edgegpu_latency,ga_only,58.43333435058594,1.4444208145141602
cifar100,edgegpu_latency,ga_only,58.43333435058594,1.4444208145141602
cifar100,edgegpu_latency,ga_only,58.43333435058594,1.4444208145141602
cifar100,edgegpu_latency,ga_only,58.43333435058594,1.4444208145141602
cifar100,edgegpu_latency,ga_only,58.43333435058594,1.4444208145141602
cifar100,edgegpu_latency,ga_only,58.43333435058594,1.4444208145141602
cifar100,edgegpu_latency,ga_only,58.43333435058594,1.4444208145141602
cifar100,edgegpu_latency,ga_only,58.43333435058594,1.4444208145141602
cifar100,edgegpu_latency,ga_only,58.43333435058594,1.4444208145141602
cifar100,edgegpu_latency,ga_only,58.43333435058594,1.4444208145141602
cifar100,edgegpu_latency,ga_only,58.43333435058594,1.4444208145141602
cifar100,edgegpu_latency,ga_only,58.43333435058594,1.4444208145141602
cifar100,edgegpu_latency,ga_only,58.43333435058594,1.4444208145141602
cifar100,edgegpu_latency,ga_only,58.43333435058594,1.4444208145141602
cifar100,edgegpu_latency,ga_only,58.43333435058594,1.4444208145141602
cifar100,edgegpu_latency,ga_only,58.43333435058594,1.4444208145141602
cifar100,edgegpu_latency,ga_only,58.43333435058594,1.4444208145141602
cifar100,edgegpu_latency,ga_only,58.43333435058594,1.4444208145141602
cifar100,edgegpu_latency,ga_only,58.43333435058594,1.4444208145141602
cifar100,edgegpu_latency,ga_only,58.43333435058594,1.4444208145141602
cifar100,edgegpu_latency,ga_only,58.43333435058594,1.4444208145141602
cifar100,edgegpu_latency,ga_only,58.43333435058594,1.4444208145141602
cifar100,edgegpu_latency,ga_only,58.43333435058594,1.4444208145141602
cifar100,edgegpu_latency,ga_only,58.43333435058594,1.4444208145141602
cifar100,edgegpu_latency,ga_only,58.43333435058594,1.4444208145141602
cifar100,edgegpu_latency,ga_only,58.43333435058594,1.4444208145141602
cifar100,edgegpu_latency,ga_only,58.43333435058594,1.4444208145141602
cifar100,edgegpu_latency,ga_only,58.43333435058594,1.4444208145141602
cifar100,edgegpu_latency,ga_only,58.43333435058594,1.4444208145141602
cifar100,edgegpu_latency,ga_only,58.43333435058594,1.4444208145141602
cifar100,edgegpu_latency,ga_only,58.43333435058594,1.4444208145141602
cifar100,edgegpu_latency,ga_only,58.43333435058594,1.4444208145141602
cifar100,edgegpu_latency,ga_only,58.43333435058594,1.4444208145141602
cifar100,edgegpu_latency,ga_only,58.43333435058594,1.4444208145141602
cifar100,edgegpu_latency,ga_only,58.43333435058594,1.4444208145141602
cifar100,edgegpu_latency,ga_only,58.43333435058594,1.4444208145141602
cifar100,edgegpu_latency,ga_only,58.43333435058594,1.4444208145141602
cifar100,edgegpu_latency,ga_only,58.43333435058594,1.4444208145141602
cifar100,edgegpu_latency,ga_only,58.43333435058594,1.4444208145141602
cifar100,edgegpu_latency,ga_only,58.43333435058594,1.4444208145141602
cifar100,edgegpu_latency,ga_only,58.43333435058594,1.4444208145141602
cifar100,edgegpu_latency,ga_only,58.43333435058594,1.4444208145141602
cifar100,edgegpu_latency,ga_only,58.43333435058594,1.4444208145141602
cifar100,edgegpu_latency,ga_only,58.43333435058594,1.4444208145141602
cifar100,edgegpu_latency,ga_only,58.43333435058594,1.4444208145141602
cifar100,edgegpu_latency,ga_only,58.43333435058594,1.4444208145141602
cifar100,edgegpu_latency,ga_only,58.43333435058594,1.4444208145141602
cifar100,edgegpu_latency,ga_only,58.43333435058594,1.4444208145141602
cifar100,edgegpu_latency,ga_only,58.43333435058594,1.4444208145141602
cifar100,edgegpu_latency,ga_only,58.43333435058594,1.4444208145141602
cifar100,edgegpu_latency,ga_only,58.43333435058594,1.4444208145141602
cifar100,edgegpu_latency,ga_only,58.43333435058594,1.4444208145141602
cifar100,edgegpu_latency,ga_only,58.43333435058594,1.4444208145141602
cifar100,edgegpu_latency,ga_only,58.43333435058594,1.4444208145141602
cifar100,edgegpu_latency,ga_only,58.43333435058594,1.4444208145141602
cifar100,edgegpu_latency,ga_only,58.43333435058594,1.4444208145141602
cifar100,edgegpu_latency,ga_only,58.43333435058594,1.4444208145141602
cifar100,edgegpu_latency,ga_only,58.43333435058594,1.4444208145141602
cifar100,edgegpu_latency,ga_only,58.43333435058594,1.4444208145141602
cifar100,edgegpu_latency,ga_only,58.43333435058594,1.4444208145141602
cifar100,edgegpu_latency,ga_only,58.43333435058594,1.4444208145141602
cifar100,edgegpu_latency,ga_only,58.43333435058594,1.4444208145141602
cifar100,edgegpu_latency,ga_only,58.43333435058594,1.4444208145141602
cifar100,edgegpu_latency,ga_only,58.43333435058594,1.4444208145141602
cifar100,edgegpu_latency,ga_only,58.43333435058594,1.4444208145141602
cifar100,edgegpu_latency,ga_only,58.43333435058594,1.4444208145141602
cifar100,edgegpu_latency,ga_only,58.43333435058594,1.4444208145141602
cifar100,edgegpu_latency,ga_only,58.43333435058594,1.4444208145141602
cifar100,edgegpu_latency,ga_only,58.43333435058594,1.4444208145141602
cifar100,edgegpu_latency,ga_only,58.43333435058594,1.4444208145141602
cifar100,edgegpu_latency,ga_only,58.43333435058594,1.4444208145141602
cifar100,edgegpu_latency,ga_only,58.43333435058594,1.4444208145141602
cifar100,edgegpu_latency,ga_only,58.43333435058594,1.4444208145141602
cifar100,edgegpu_latency,ga_only,58.43333435058594,1.4444208145141602
cifar100,edgegpu_latency,ga_only,58.43333435058594,1.4444208145141602
cifar100,edgegpu_latency,ga_only,58.43333435058594,1.4444208145141602
cifar100,edgegpu_latency,ga_only,58.43333435058594,1.4444208145141602
cifar100,edgegpu_latency,ga_only,58.43333435058594,1.4444208145141602
cifar100,edgegpu_latency,ga_only,58.43333435058594,1.4444208145141602
cifar100,edgegpu_latency,ga_only,58.43333435058594,1.4444208145141602
cifar100,edgegpu_latency,ga_only,58.43333435058594,1.4444208145141602
cifar100,edgegpu_latency,ga_only,58.43333435058594,1.4444208145141602
cifar100,edgegpu_latency,ga_only,58.43333435058594,1.4444208145141602
cifar100,edgegpu_latency,ga_only,58.43333435058594,1.4444208145141602
cifar100,edgegpu_latency,ga_only,58.43333435058594,1.4444208145141602
cifar100,edgegpu_latency,ga_only,58.43333435058594,1.4444208145141602
cifar100,edgegpu_latency,ga_only,58.43333435058594,1.4444208145141602
cifar100,edgegpu_latency,ga_only,58.43333435058594,1.4444208145141602
cifar100,edgegpu_latency,ga_only,58.43333435058594,1.4444208145141602
cifar100,edgegpu_latency,ga_only,58.43333435058594,1.4444208145141602
cifar100,edgegpu_latency,ga_only,58.43333435058594,1.4444208145141602
cifar100,edgegpu_latency,ga_only,58.43333435058594,1.4444208145141602
cifar100,edgegpu_latency,ga_only,58.43333435058594,1.4444208145141602
cifar100,edgegpu_latency,ga_only,58.43333435058594,1.4444208145141602
cifar100,edgegpu_latency,ga_only,58.43333435058594,1.4444208145141602
cifar100,edgegpu_latency,ga_only,58.43333435058594,1.4444208145141602
cifar100,edgegpu_latency,ga_only,58.43333435058594,1.4444208145141602
cifar100,edgegpu_latency,ga_only,58.43333435058594,1.4444208145141602
cifar100,edgegpu_latency,ga_only,58.43333435058594,1.4444208145141602
cifar100,edgegpu_latency,ga_only,58.43333435058594,1.4444208145141602
cifar100,edgegpu_latency,ga_only,58.43333435058594,1.4444208145141602
cifar100,edgegpu_latency,ga_only,58.43333435058594,1.4444208145141602
cifar100,edgegpu_latency,ga_only,58.43333435058594,1.4444208145141602
cifar100,edgegpu_latency,ga_only,58.43333435058594,1.4444208145141602
cifar100,edgegpu_latency,ga_only,58.43333435058594,1.4444208145141602
cifar100,edgegpu_latency,ga_only,58.43333435058594,1.4444208145141602
cifar100,edgegpu_latency,ga_only,58.43333435058594,1.4444208145141602
cifar100,edgegpu_latency,ga_only,58.43333435058594,1.4444208145141602
cifar100,edgegpu_latency,ga_only,58.43333435058594,1.4444208145141602
cifar100,edgegpu_latency,ga_only,58.43333435058594,1.4444208145141602
cifar100,edgegpu_latency,ga_only,58.43333435058594,1.4444208145141602
cifar100,edgegpu_latency,ga_only,58.43333435058594,1.4444208145141602
cifar100,edgegpu_latency,ga_only,58.43333435058594,1.4444208145141602
cifar100,edgegpu_latency,ga_only,58.43333435058594,1.4444208145141602
cifar100,edgegpu_latency,ga_only,58.43333435058594,1.4444208145141602
cifar100,edgegpu_latency,ga_only,58.43333435058594,1.4444208145141602
cifar100,edgegpu_latency,ga_only,58.43333435058594,1.4444208145141602
cifar100,edgegpu_latency,ga_only,58.43333435058594,1.4444208145141602
cifar100,edgegpu_latency,ga_only,58.43333435058594,1.4444208145141602
cifar100,edgegpu_latency,ga_only,58.43333435058594,1.4444208145141602
cifar100,edgegpu_latency,ga_only,58.43333435058594,1.4444208145141602
cifar100,edgegpu_latency,ga_only,58.43333435058594,1.4444208145141602
cifar100,edgegpu_latency,ga_only,58.43333435058594,1.4444208145141602
cifar100,edgegpu_latency,ga_only,58.43333435058594,1.4444208145141602
cifar100,edgegpu_latency,ga_only,58.43333435058594,1.4444208145141602
cifar100,edgegpu_latency,ga_only,58.43333435058594,1.4444208145141602
cifar100,edgegpu_latency,ga_only,58.43333435058594,1.4444208145141602
cifar100,edgegpu_latency,ga_only,58.43333435058594,1.4444208145141602
cifar100,edgegpu_latency,ga_only,58.43333435058594,1.4444208145141602
cifar100,edgegpu_latency,ga_only,58.43333435058594,1.4444208145141602
cifar100,edgegpu_latency,ga_only,58.43333435058594,1.4444208145141602
cifar100,edgegpu_latency,ga_only,58.43333435058594,1.4444208145141602
cifar100,edgegpu_latency,ga_only,58.43333435058594,1.4444208145141602
cifar100,edgegpu_latency,ga_only,58.43333435058594,1.4444208145141602
cifar100,edgegpu_latency,ga_only,58.43333435058594,1.4444208145141602
cifar100,edgegpu_latency,ga_only,58.43333435058594,1.4444208145141602
cifar100,edgegpu_latency,ga_only,58.43333435058594,1.4444208145141602
cifar100,edgegpu_latency,ga_only,58.43333435058594,1.4444208145141602
cifar100,edgegpu_latency,ga_only,58.43333435058594,1.4444208145141602
cifar100,edgegpu_latency,ga_only,58.43333435058594,1.4444208145141602
cifar100,edgegpu_latency,ga_only,58.43333435058594,1.4444208145141602
cifar100,edgegpu_latency,ga_only,58.43333435058594,1.4444208145141602
cifar100,edgegpu_latency,ga_only,58.43333435058594,1.4444208145141602
cifar100,edgegpu_latency,ga_only,58.43333435058594,1.4444208145141602
cifar100,edgegpu_latency,ga_only,58.43333435058594,1.4444208145141602
cifar100,edgegpu_latency,ga_only,58.43333435058594,1.4444208145141602
cifar100,edgegpu_latency,ga_only,58.43333435058594,1.4444208145141602
cifar100,edgegpu_latency,ga_only,58.43333435058594,1.4444208145141602
cifar100,edgegpu_latency,ga_only,58.43333435058594,1.4444208145141602
cifar100,edgegpu_latency,ga_only,58.43333435058594,1.4444208145141602
cifar100,edgegpu_latency,ga_only,58.43333435058594,1.4444208145141602
cifar100,edgegpu_latency,ga_only,58.43333435058594,1.4444208145141602
cifar100,edgegpu_latency,ga_only,58.43333435058594,1.4444208145141602
cifar100,edgegpu_latency,ga_only,58.43333435058594,1.4444208145141602
cifar100,edgegpu_latency,ga_only,58.43333435058594,1.4444208145141602
cifar100,edgegpu_latency,ga_only,58.43333435058594,1.4444208145141602
cifar100,edgegpu_latency,ga_only,58.43333435058594,1.4444208145141602
cifar100,edgegpu_latency,ga_only,58.43333435058594,1.4444208145141602
cifar100,edgegpu_latency,ga_only,58.43333435058594,1.4444208145141602
cifar100,edgegpu_latency,ga_only,58.43333435058594,1.4444208145141602
cifar100,edgegpu_latency,ga_only,58.43333435058594,1.4444208145141602
cifar100,edgegpu_latency,ga_only,58.43333435058594,1.4444208145141602
cifar100,edgegpu_latency,ga_only,58.43333435058594,1.4444208145141602
cifar100,edgegpu_latency,ga_only,58.43333435058594,1.4444208145141602
cifar100,edgegpu_latency,ga_only,58.43333435058594,1.4444208145141602
cifar100,edgegpu_latency,ga_only,58.43333435058594,1.4444208145141602
cifar100,edgegpu_latency,ga_only,58.43333435058594,1.4444208145141602
cifar100,edgegpu_latency,ga_only,58.43333435058594,1.4444208145141602
cifar100,edgegpu_latency,ga_only,58.43333435058594,1.4444208145141602
cifar100,edgegpu_latency,ga_only,58.43333435058594,1.4444208145141602
cifar100,edgegpu_latency,ga_only,58.43333435058594,1.4444208145141602
cifar100,edgegpu_latency,ga_only,58.43333435058594,1.4444208145141602
cifar100,edgegpu_latency,ga_only,58.43333435058594,1.4444208145141602
cifar100,edgegpu_latency,ga_only,58.43333435058594,1.4444208145141602
cifar100,edgegpu_latency,ga_only,58.43333435058594,1.4444208145141602
cifar100,edgegpu_latency,ga_only,58.43333435058594,1.4444208145141602
cifar100,edgegpu_latency,ga_only,58.43333435058594,1.4444208145141602
cifar100,edgegpu_latency,ga_only,58.43333435058594,1.4444208145141602
cifar100,edgegpu_latency,ga_only,58.43333435058594,1.4444208145141602
cifar100,edgegpu_latency,ga_only,58.43333435058594,1.4444208145141602
cifar100,edgegpu_latency,ga_only,58.43333435058594,1.4444208145141602
cifar100,edgegpu_latency,ga_only,58.43333435058594,1.4444208145141602
cifar100,edgegpu_latency,ga_only,58.43333435058594,1.4444208145141602
cifar100,edgegpu_latency,ga_only,58.43333435058594,1.4444208145141602
cifar100,edgegpu_latency,ga_only,58.43333435058594,1.4444208145141602
cifar100,edgegpu_latency,ga_only,58.43333435058594,1.4444208145141602
cifar100,edgegpu_latency,ga_only,58.43333435058594,1.4444208145141602
cifar100,edgegpu_latency,ga_only,58.43333435058594,1.4444208145141602
cifar100,edgegpu_latency,ga_only,58.43333435058594,1.4444208145141602
cifar100,edgegpu_latency,ga_only,58.43333435058594,1.4444208145141602
cifar100,edgegpu_latency,ga_only,58.43333435058594,1.4444208145141602
cifar100,edgegpu_latency,ga_only,58.43333435058594,1.4444208145141602
cifar100,edgegpu_latency,ga_only,58.43333435058594,1.4444208145141602
cifar100,edgegpu_latency,ga_only,58.43333435058594,1.4444208145141602
cifar100,edgegpu_latency,ga_only,58.43333435058594,1.4444208145141602
cifar100,edgegpu_latency,ga_only,58.43333435058594,1.4444208145141602
cifar100,edgegpu_latency,ga_only,58.43333435058594,1.4444208145141602
cifar100,edgegpu_latency,ga_only,58.43333435058594,1.4444208145141602
cifar100,edgegpu_latency,ga_only,58.43333435058594,1.4444208145141602
cifar100,edgegpu_latency,ga_only,58.43333435058594,1.4444208145141602
cifar100,edgegpu_latency,ga_only,58.43333435058594,1.4444208145141602
cifar100,edgegpu_latency,ga_only,58.43333435058594,1.4444208145141602
cifar100,edgegpu_latency,ga_only,58.43333435058594,1.4444208145141602
cifar100,edgegpu_latency,ga_only,58.43333435058594,1.4444208145141602
cifar100,edgegpu_latency,ga_only,58.43333435058594,1.4444208145141602
cifar100,edgegpu_latency,ga_only,58.43333435058594,1.4444208145141602
cifar100,edgegpu_latency,ga_only,58.43333435058594,1.4444208145141602
cifar100,edgegpu_latency,ga_only,58.43333435058594,1.4444208145141602
cifar100,edgegpu_latency,ga_only,58.43333435058594,1.4444208145141602
cifar100,edgegpu_latency,ga_only,58.43333435058594,1.4444208145141602
cifar100,edgegpu_latency,ga_only,58.540000915527344,1.4449739456176758
cifar100,edgegpu_latency,ga_only,58.540000915527344,1.4449739456176758
cifar100,edgegpu_latency,ga_only,58.650001525878906,1.4478445053100586
cifar100,edgegpu_latency,ga_only,58.650001525878906,1.4478445053100586
cifar100,edgegpu_latency,ga_only,58.650001525878906,1.4478445053100586
cifar100,edgegpu_latency,ga_only,58.650001525878906,1.4478445053100586
cifar100,edgegpu_latency,ga_only,58.66999816894531,1.448836326599121
cifar100,edgegpu_latency,ga_only,58.720001220703125,1.449441909790039
cifar100,edgegpu_latency,ga_only,58.720001220703125,1.449441909790039
cifar100,edgegpu_latency,ga_only,58.75,1.4538812637329102
cifar100,edgegpu_latency,ga_only,58.79999923706055,1.4889287948608398
cifar100,edgegpu_latency,ga_only,58.79999923706055,1.4889287948608398
cifar100,edgegpu_latency,ga_only,58.79999923706055,1.4889287948608398
cifar100,edgegpu_latency,ga_only,58.79999923706055,1.4889287948608398
cifar100,edgegpu_latency,ga_only,58.79999923706055,1.4889287948608398
cifar100,edgegpu_latency,ga_only,58.79999923706055,1.4889287948608398
cifar100,edgegpu_latency,ga_only,58.79999923706055,1.4889287948608398
cifar100,edgegpu_latency,ga_only,58.79999923706055,1.4889287948608398
cifar100,edgegpu_latency,ga_only,58.79999923706055,1.4889287948608398
cifar100,edgegpu_latency,ga_only,58.79999923706055,1.4889287948608398
cifar100,edgegpu_latency,ga_only,58.79999923706055,1.4889287948608398
cifar100,edgegpu_latency,ga_only,58.79999923706055,1.4889287948608398
cifar100,edgegpu_latency,ga_only,58.79999923706055,1.4889287948608398
cifar100,edgegpu_latency,ga_only,58.79999923706055,1.4889287948608398
cifar100,edgegpu_latency,ga_only,58.79999923706055,1.4889287948608398
cifar100,edgegpu_latency,ga_only,58.79999923706055,1.4889287948608398
cifar100,edgegpu_latency,ga_only,58.79999923706055,1.4889287948608398
cifar100,edgegpu_latency,ga_only,58.79999923706055,1.4889287948608398
cifar100,edgegpu_latency,ga_only,58.79999923706055,1.4889287948608398
cifar100,edgegpu_latency,ga_only,58.79999923706055,1.4889287948608398
cifar100,edgegpu_latency,ga_only,58.79999923706055,1.4889287948608398
cifar100,edgegpu_latency,ga_only,58.79999923706055,1.4889287948608398
cifar100,edgegpu_latency,ga_only,58.79999923706055,1.4889287948608398
cifar100,edgegpu_latency,ga_only,58.79999923706055,1.4889287948608398
cifar100,edgegpu_latency,ga_only,58.79999923706055,1.4889287948608398
cifar100,edgegpu_latency,ga_only,58.79999923706055,1.4889287948608398
cifar100,edgegpu_latency,ga_only,58.79999923706055,1.4889287948608398
cifar100,edgegpu_latency,ga_only,58.79999923706055,1.4889287948608398
cifar100,edgegpu_latency,ga_only,58.79999923706055,1.4889287948608398
cifar100,edgegpu_latency,ga_only,58.79999923706055,1.4889287948608398
cifar100,edgegpu_latency,ga_only,58.79999923706055,1.4889287948608398
cifar100,edgegpu_latency,ga_only,58.79999923706055,1.4889287948608398
cifar100,edgegpu_latency,ga_only,58.79999923706055,1.4889287948608398
cifar100,edgegpu_latency,ga_only,58.79999923706055,1.4889287948608398
cifar100,edgegpu_latency,ga_only,58.79999923706055,1.4889287948608398
cifar100,edgegpu_latency,ga_only,58.79999923706055,1.4889287948608398
cifar100,edgegpu_latency,ga_only,58.79999923706055,1.4889287948608398
cifar100,edgegpu_latency,ga_only,58.79999923706055,1.4889287948608398
cifar100,edgegpu_latency,ga_only,58.79999923706055,1.4889287948608398
cifar100,edgegpu_latency,ga_only,58.79999923706055,1.4889287948608398
cifar100,edgegpu_latency,ga_only,58.79999923706055,1.4889287948608398
cifar100,edgegpu_latency,ga_only,58.79999923706055,1.4889287948608398
cifar100,edgegpu_latency,ga_only,58.79999923706055,1.4889287948608398
cifar100,edgegpu_latency,ga_only,58.79999923706055,1.4889287948608398
cifar100,edgegpu_latency,ga_only,58.79999923706055,1.4889287948608398
cifar100,edgegpu_latency,ga_only,58.79999923706055,1.4889287948608398
cifar100,edgegpu_latency,ga_only,58.79999923706055,1.4889287948608398
cifar100,edgegpu_latency,ga_only,58.79999923706055,1.4889287948608398
cifar100,edgegpu_latency,ga_only,58.79999923706055,1.4889287948608398
cifar100,edgegpu_latency,ga_only,58.79999923706055,1.4889287948608398
cifar100,edgegpu_latency,ga_only,58.79999923706055,1.4889287948608398
cifar100,edgegpu_latency,ga_only,58.85333251953125,1.4931774139404297
cifar100,edgegpu_latency,ga_only,58.85333251953125,1.4931774139404297
cifar100,edgegpu_latency,ga_only,59.060001373291016,1.5022993087768555
cifar100,edgegpu_latency,ga_only,59.060001373291016,1.5022993087768555
cifar100,edgegpu_latency,ga_only,62.61333465576172,1.7572689056396484
cifar100,edgegpu_latency,ga_only,67.5,1.758427619934082
cifar100,edgegpu_latency,ga_only,67.5,1.758427619934082
cifar100,edgegpu_latency,ga_only,67.5,1.758427619934082
cifar100,edgegpu_latency,ga_only,67.5,1.758427619934082
cifar100,edgegpu_latency,ga_only,67.5,1.758427619934082
cifar100,edgegpu_latency,ga_only,67.66000366210938,1.7766523361206055
cifar100,edgegpu_latency,ga_only,67.66000366210938,1.7766523361206055
cifar100,edgegpu_latency,ga_only,67.66000366210938,1.7766523361206055
cifar100,edgegpu_latency,ga_only,67.66000366210938,1.7766523361206055
cifar100,edgegpu_latency,ga_only,67.66000366210938,1.7766523361206055
cifar100,edgegpu_latency,ga_only,67.66000366210938,1.7766523361206055
cifar100,edgegpu_latency,ga_only,67.66000366210938,1.7766523361206055
cifar100,edgegpu_latency,ga_only,67.97000122070312,1.7795515060424805
cifar100,edgegpu_latency,ga_only,67.97000122070312,1.7795515060424805
cifar100,edgegpu_latency,ga_only,70.83999633789062,3.3021020889282227
cifar100,edgegpu_latency,ga_only,70.83999633789062,3.3021020889282227
cifar100,edgegpu_latency,ga_only,70.83999633789062,3.3021020889282227
cifar100,edgegpu_latency,ga_only,70.83999633789062,3.3021020889282227
cifar100,edgegpu_latency,ga_only,70.83999633789062,3.3021020889282227
cifar100,edgegpu_latency,ga_only,70.83999633789062,3.3021020889282227
cifar100,edgegpu_latency,ga_only,70.83999633789062,3.3021020889282227
cifar100,edgegpu_latency,ga_only,70.83999633789062,3.3021020889282227
cifar100,edgegpu_latency,ga_only,70.83999633789062,3.3021020889282227
cifar100,edgegpu_latency,ga_only,70.83999633789062,3.3021020889282227
cifar100,edgegpu_latency,ga_only,70.83999633789062,3.3021020889282227
cifar100,edgegpu_latency,ga_only,70.83999633789062,3.3021020889282227
cifar100,edgegpu_latency,ga_only,70.83999633789062,3.3021020889282227
cifar100,edgegpu_latency,ga_only,70.83999633789062,3.3021020889282227
cifar100,edgegpu_latency,ga_only,70.83999633789062,3.3021020889282227
cifar100,edgegpu_latency,ga_only,70.83999633789062,3.3021020889282227
cifar100,edgegpu_latency,ga_only,70.83999633789062,3.3021020889282227
cifar100,edgegpu_latency,ga_only,70.83999633789062,3.3021020889282227
cifar100,edgegpu_latency,ga_only,70.83999633789062,3.3021020889282227
cifar100,edgegpu_latency,ga_only,70.83999633789062,3.3021020889282227
cifar100,edgegpu_latency,ga_only,70.83999633789062,3.3021020889282227
cifar100,edgegpu_latency,ga_only,70.83999633789062,3.3021020889282227
cifar100,edgegpu_latency,ga_only,70.83999633789062,3.3021020889282227
cifar100,edgegpu_latency,ga_only,70.83999633789062,3.3021020889282227
cifar100,edgegpu_latency,ga_only,70.83999633789062,3.3021020889282227
cifar100,edgegpu_latency,ga_only,70.83999633789062,3.3021020889282227
cifar100,edgegpu_latency,ga_only,70.83999633789062,3.3021020889282227
cifar100,edgegpu_latency,ga_only,71.0199966430664,3.3634185791015625
cifar100,edgegpu_latency,ga_only,71.0199966430664,3.3634185791015625
cifar100,edgegpu_latency,ga_only,71.0199966430664,3.3634185791015625
cifar100,edgegpu_latency,ga_only,71.48999786376953,4.351863861083984
cifar100,edgegpu_latency,ga_only,71.48999786376953,4.351863861083984
cifar100,edgegpu_latency,ga_only,71.48999786376953,4.351863861083984
cifar100,edgegpu_latency,ga_only,71.48999786376953,4.351863861083984
cifar100,edgegpu_latency,ga_only,71.48999786376953,4.351863861083984
cifar100,edgegpu_latency,ga_only,71.48999786376953,4.351863861083984
cifar100,edgegpu_latency,ga_only,71.48999786376953,4.351863861083984
cifar100,edgegpu_latency,ga_only,71.48999786376953,4.351863861083984
cifar100,edgegpu_latency,ga_only,71.48999786376953,4.351863861083984
cifar100,edgegpu_latency,ga_only,71.48999786376953,4.351863861083984
cifar100,edgegpu_latency,ga_only,71.48999786376953,4.351863861083984
cifar100,edgegpu_latency,ga_only,71.48999786376953,4.351863861083984
cifar100,edgegpu_latency,ga_only,71.48999786376953,4.351863861083984
cifar100,edgegpu_latency,ga_only,71.48999786376953,4.351863861083984
cifar100,edgegpu_latency,ga_only,71.48999786376953,4.351863861083984
cifar100,edgegpu_latency,ga_only,71.48999786376953,4.351863861083984
cifar100,edgegpu_latency,ga_only,71.48999786376953,4.351863861083984
cifar100,edgegpu_latency,ga_only,71.48999786376953,4.351863861083984
cifar100,edgegpu_latency,ga_only,71.48999786376953,4.351863861083984
cifar100,edgegpu_latency,ga_only,71.48999786376953,4.351863861083984
cifar100,edgegpu_latency,ga_only,71.48999786376953,4.351863861083984
cifar100,edgegpu_latency,ga_only,71.48999786376953,4.351863861083984
cifar100,edgegpu_latency,ga_only,71.48999786376953,4.351863861083984
cifar100,edgegpu_latency,ga_only,71.48999786376953,4.351863861083984
cifar100,edgegpu_latency,ga_only,71.48999786376953,4.351863861083984
cifar100,edgegpu_latency,ga_only,71.48999786376953,4.351863861083984
cifar100,edgegpu_latency,ga_only,71.48999786376953,4.351863861083984
cifar100,edgegpu_latency,ga_only,71.48999786376953,4.351863861083984
cifar100,edgegpu_latency,ga_only,71.48999786376953,4.351863861083984
cifar100,edgegpu_latency,ga_only,71.48999786376953,4.351863861083984
cifar100,edgegpu_latency,ga_only,71.48999786376953,4.351863861083984
cifar100,edgegpu_latency,ga_only,71.48999786376953,4.351863861083984
cifar100,edgegpu_latency,ga_only,71.48999786376953,4.351863861083984
cifar100,edgegpu_latency,ga_only,71.48999786376953,4.351863861083984
cifar100,edgegpu_latency,ga_only,71.48999786376953,4.351863861083984
cifar100,edgegpu_latency,ga_only,71.48999786376953,4.351863861083984
cifar100,edgegpu_latency,ga_only,71.48999786376953,4.351863861083984
cifar100,edgegpu_latency,ga_only,71.48999786376953,4.351863861083984
cifar100,edgegpu_latency,ga_only,71.48999786376953,4.351863861083984
cifar100,edgegpu_latency,ga_only,71.48999786376953,4.351863861083984
cifar100,edgegpu_latency,ga_only,71.48999786376953,4.351863861083984
cifar100,edgegpu_latency,ga_only,71.48999786376953,4.351863861083984
cifar100,edgegpu_latency,ga_only,71.48999786376953,4.351863861083984
cifar100,edgegpu_latency,ga_only,71.48999786376953,4.351863861083984
cifar100,edgegpu_latency,ga_only,71.48999786376953,4.351863861083984
cifar100,edgegpu_latency,ga_only,71.48999786376953,4.351863861083984
cifar100,edgegpu_latency,ga_only,71.48999786376953,4.351863861083984
cifar100,edgegpu_latency,ga_only,71.48999786376953,4.351863861083984
cifar100,edgegpu_latency,ga_only,71.48999786376953,4.351863861083984
cifar100,edgegpu_latency,ga_only,71.48999786376953,4.351863861083984
cifar100,edgegpu_latency,ga_only,71.48999786376953,4.351863861083984
cifar100,edgegpu_latency,ga_only,71.48999786376953,4.351863861083984
cifar100,edgegpu_latency,ga_only,71.48999786376953,4.351863861083984
cifar100,edgegpu_latency,ga_only,71.48999786376953,4.351863861083984
cifar100,edgegpu_latency,ga_only,71.48999786376953,4.351863861083984
cifar100,edgegpu_latency,ga_only,71.48999786376953,4.351863861083984
cifar100,edgegpu_latency,ga_only,71.5,4.730291366577148
cifar100,edgegpu_latency,ga_only,71.5,4.730291366577148
cifar100,edgegpu_latency,ga_only,71.5,4.730291366577148
cifar100,edgegpu_latency,ga_only,71.5,4.730291366577148
cifar100,edgegpu_latency,ga_only,71.5,4.730291366577148
cifar100,edgegpu_latency,ga_only,71.5,4.730291366577148
cifar100,edgegpu_latency,ga_only,71.80000305175781,4.82846736907959
cifar100,edgegpu_latency,ga_only,71.80000305175781,4.82846736907959
cifar100,edgegpu_latency,ga_only,71.80000305175781,4.82846736907959
cifar100,edgegpu_latency,ga_only,71.80000305175781,4.82846736907959
cifar100,edgegpu_latency,ga_only,71.80000305175781,4.82846736907959
cifar100,edgegpu_latency,ga_only,71.80000305175781,4.82846736907959
cifar100,edgegpu_latency,ga_only,71.80000305175781,4.82846736907959
cifar100,edgegpu_latency,ga_only,71.80000305175781,4.82846736907959
cifar100,edgegpu_latency,ga_only,71.80000305175781,4.82846736907959
cifar100,edgegpu_latency,ga_only,71.80000305175781,4.82846736907959
cifar100,edgegpu_latency,ga_only,71.80000305175781,4.82846736907959
cifar100,edgegpu_latency,ga_only,71.80000305175781,4.82846736907959
cifar100,edgegpu_latency,ga_only,71.80000305175781,4.82846736907959
cifar100,edgegpu_latency,ga_only,71.80000305175781,4.82846736907959
cifar100,edgegpu_latency,ga_only,71.80000305175781,4.82846736907959
cifar100,edgegpu_latency,ga_only,71.80000305175781,4.82846736907959
cifar100,edgegpu_latency,ga_only,71.80000305175781,4.82846736907959
cifar100,edgegpu_latency,ga_only,71.80000305175781,4.82846736907959
cifar100,edgegpu_latency,ga_only,71.80000305175781,4.82846736907959
cifar100,edgegpu_latency,ga_only,71.80000305175781,4.82846736907959
cifar100,edgegpu_latency,ga_only,71.80000305175781,4.82846736907959
cifar100,edgegpu_latency,ga_only,71.80000305175781,4.82846736907959
cifar100,edgegpu_latency,ga_only,71.80000305175781,4.82846736907959
cifar100,edgegpu_latency,ga_only,71.80000305175781,4.82846736907959
cifar100,edgegpu_latency,ga_only,71.80000305175781,4.82846736907959
cifar100,edgegpu_latency,ga_only,71.80000305175781,4.82846736907959
cifar100,edgegpu_latency,ga_only,71.80000305175781,4.82846736907959
cifar100,edgegpu_latency,ga_only,71.80000305175781,4.82846736907959
cifar100,edgegpu_latency,ga_only,71.80000305175781,4.82846736907959
cifar100,edgegpu_latency,ga_only,71.80000305175781,4.82846736907959
cifar100,edgegpu_latency,ga_only,71.80000305175781,4.82846736907959
cifar100,edgegpu_latency,ga_only,71.80000305175781,4.82846736907959
cifar100,edgegpu_latency,ga_only,71.80000305175781,4.82846736907959
cifar100,edgegpu_latency,ga_only,71.80000305175781,4.82846736907959
cifar100,edgegpu_latency,ga_only,71.80000305175781,4.82846736907959
cifar100,edgegpu_latency,ga_only,71.80000305175781,4.82846736907959
cifar100,edgegpu_latency,ga_only,71.80000305175781,4.82846736907959
cifar100,edgegpu_latency,ga_only,71.80000305175781,4.82846736907959
cifar100,edgegpu_latency,ga_only,71.80000305175781,4.82846736907959
cifar100,edgegpu_latency,ga_only,71.80000305175781,4.82846736907959
cifar100,edgegpu_latency,ga_only,71.80000305175781,4.82846736907959
cifar100,edgegpu_latency,ga_only,71.80000305175781,4.82846736907959
cifar100,edgegpu_latency,ga_only,71.80000305175781,4.82846736907959
cifar100,edgegpu_latency,ga_only,71.80000305175781,4.82846736907959
cifar100,edgegpu_latency,ga_only,71.80000305175781,4.82846736907959
cifar100,edgegpu_latency,ga_only,71.80000305175781,4.82846736907959
cifar100,edgegpu_latency,ga_only,71.80000305175781,4.82846736907959
cifar100,edgegpu_latency,ga_only,71.80000305175781,4.82846736907959
cifar100,edgegpu_latency,ga_only,71.80000305175781,4.82846736907959
cifar100,edgegpu_latency,ga_only,71.80000305175781,4.82846736907959
cifar100,edgegpu_latency,ga_only,71.80000305175781,4.82846736907959
cifar100,edgegpu_latency,ga_only,71.80000305175781,4.82846736907959
cifar100,edgegpu_latency,ga_only,71.80000305175781,4.82846736907959
cifar100,edgegpu_latency,ga_only,71.80000305175781,4.82846736907959
cifar100,edgegpu_latency,ga_only,71.80000305175781,4.82846736907959
cifar100,edgegpu_latency,ga_only,71.80000305175781,4.82846736907959
cifar100,edgegpu_latency,ga_only,71.80000305175781,4.82846736907959
cifar100,edgegpu_latency,ga_only,71.80000305175781,4.82846736907959
cifar100,edgegpu_latency,ga_only,71.80000305175781,4.82846736907959
cifar100,edgegpu_latency,ga_only,71.80000305175781,4.82846736907959
cifar100,edgegpu_latency,ga_only,71.80000305175781,4.82846736907959
cifar100,edgegpu_latency,ga_only,71.80000305175781,4.82846736907959
cifar100,edgegpu_latency,ga_only,71.80000305175781,4.82846736907959
cifar100,edgegpu_latency,ga_only,71.80000305175781,4.82846736907959
cifar100,edgegpu_latency,ga_only,71.80000305175781,4.82846736907959
cifar100,edgegpu_latency,ga_only,71.80000305175781,4.82846736907959
cifar100,edgegpu_latency,ga_only,71.80000305175781,4.82846736907959
cifar100,edgegpu_latency,ga_only,71.80000305175781,4.82846736907959
cifar100,edgegpu_latency,ga_only,71.80000305175781,4.82846736907959
cifar100,edgegpu_latency,ga_only,71.80000305175781,4.82846736907959
cifar100,edgegpu_latency,ga_only,71.80000305175781,4.82846736907959
cifar100,edgegpu_latency,ga_only,71.80000305175781,4.82846736907959
cifar100,edgegpu_latency,ga_only,71.80000305175781,4.82846736907959
cifar100,edgegpu_latency,ga_only,71.80000305175781,4.82846736907959
cifar100,edgegpu_latency,ga_only,71.80000305175781,4.82846736907959
cifar100,edgegpu_latency,ga_only,71.80000305175781,4.82846736907959
cifar100,edgegpu_latency,ga_only,71.80000305175781,4.82846736907959
cifar100,edgegpu_latency,ga_only,71.80000305175781,4.82846736907959
cifar100,edgegpu_latency,ga_only,71.80000305175781,4.82846736907959
cifar100,edgegpu_latency,ga_only,71.80000305175781,4.82846736907959
cifar100,edgegpu_latency,ga_only,71.80000305175781,4.82846736907959
cifar100,edgegpu_latency,ga_only,71.80000305175781,4.82846736907959
cifar100,edgegpu_latency,ga_only,71.80000305175781,4.82846736907959
cifar100,edgegpu_latency,ga_only,71.80000305175781,4.82846736907959
cifar100,edgegpu_latency,ga_only,71.80000305175781,4.82846736907959
cifar100,edgegpu_latency,ga_only,71.80000305175781,4.82846736907959
cifar100,edgegpu_latency,ga_only,71.80000305175781,4.82846736907959
cifar100,edgegpu_latency,ga_only,72.09333038330078,5.310225486755371
cifar100,edgegpu_latency,ga_only,72.09333038330078,5.310225486755371
cifar100,edgegpu_latency,ga_only,72.09333038330078,5.310225486755371
cifar100,edgegpu_latency,ga_only,72.09333038330078,5.310225486755371
cifar100,edgegpu_latency,ga_only,72.09333038330078,5.310225486755371
cifar100,edgegpu_latency,ga_only,72.09333038330078,5.310225486755371
cifar100,edgegpu_latency,ga_only,72.09333038330078,5.310225486755371
cifar100,edgegpu_latency,ga_only,72.09333038330078,5.310225486755371
cifar100,edgegpu_latency,ga_only,72.09333038330078,5.310225486755371
cifar100,edgegpu_latency,ga_only,72.09333038330078,5.310225486755371
cifar100,edgegpu_latency,ga_only,72.09333038330078,5.310225486755371
cifar100,edgegpu_latency,ga_only,72.09333038330078,5.310225486755371
cifar100,edgegpu_latency,ga_only,72.09333038330078,5.310225486755371
cifar100,edgegpu_latency,ga_only,72.09333038330078,5.310225486755371
cifar100,edgegpu_latency,ga_only,72.09333038330078,5.310225486755371
cifar100,edgegpu_latency,ga_only,72.09333038330078,5.310225486755371
cifar100,edgegpu_latency,ga_only,72.09333038330078,5.310225486755371
cifar100,edgegpu_latency,ga_only,72.74666595458984,5.352363586425781
cifar100,edgegpu_latency,ga_only,72.74666595458984,5.352363586425781
cifar100,edgegpu_latency,ga_only,72.74666595458984,5.352363586425781
cifar100,edgegpu_latency,ga_only,72.74666595458984,5.352363586425781
cifar100,edgegpu_latency,ga_only,72.74666595458984,5.352363586425781
cifar100,edgegpu_latency,ga_only,72.74666595458984,5.352363586425781
cifar100,edgegpu_latency,ga_only,72.74666595458984,5.352363586425781
cifar100,edgegpu_latency,ga_only,72.74666595458984,5.352363586425781
cifar100,edgegpu_latency,ga_only,72.74666595458984,5.352363586425781
cifar100,edgegpu_latency,ga_only,72.74666595458984,5.352363586425781
cifar100,edgegpu_latency,ga_only,72.74666595458984,5.352363586425781
cifar100,edgegpu_latency,ga_only,72.74666595458984,5.352363586425781
cifar100,edgegpu_latency,ga_only,72.74666595458984,5.352363586425781
cifar100,edgegpu_latency,ga_only,72.74666595458984,5.352363586425781
cifar100,edgegpu_latency,ga_only,72.74666595458984,5.352363586425781
cifar100,edgegpu_latency,ga_only,72.74666595458984,5.352363586425781
cifar100,edgegpu_latency,ga_only,72.74666595458984,5.352363586425781
cifar100,edgegpu_latency,ga_only,72.74666595458984,5.352363586425781
cifar100,edgegpu_latency,ga_only,72.74666595458984,5.352363586425781
cifar100,edgegpu_latency,ga_only,72.76000213623047,5.3871917724609375
cifar100,edgegpu_latency,ga_only,72.76000213623047,5.3871917724609375
cifar100,edgegpu_latency,ga_only,72.76000213623047,5.3871917724609375
cifar100,edgegpu_latency,ga_only,72.76000213623047,5.3871917724609375
cifar100,edgegpu_latency,ga_only,72.76000213623047,5.3871917724609375
cifar100,edgegpu_latency,ga_only,72.76000213623047,5.3871917724609375
cifar100,edgegpu_latency,ga_only,72.76000213623047,5.3871917724609375
cifar100,edgegpu_latency,ga_only,72.76000213623047,5.3871917724609375
cifar100,edgegpu_latency,ga_only,72.76000213623047,5.3871917724609375
cifar100,edgegpu_latency,ga_only,72.76000213623047,5.3871917724609375
cifar100,edgegpu_latency,ga_only,72.76000213623047,5.3871917724609375
cifar100,edgegpu_latency,ga_only,72.76000213623047,5.3871917724609375
cifar100,edgegpu_latency,ga_only,72.76000213623047,5.3871917724609375
cifar100,edgegpu_latency,ga_only,72.76000213623047,5.3871917724609375
cifar100,edgegpu_latency,ga_only,72.76000213623047,5.3871917724609375
cifar100,edgegpu_latency,ga_only,72.76000213623047,5.3871917724609375
cifar100,edgegpu_latency,ga_only,72.76000213623047,5.3871917724609375
cifar100,edgegpu_latency,ga_only,72.76000213623047,5.3871917724609375
cifar100,edgegpu_latency,ga_only,72.76000213623047,5.3871917724609375
cifar100,edgegpu_latency,ga_only,72.76000213623047,5.3871917724609375
cifar100,edgegpu_latency,ga_only,72.76000213623047,5.3871917724609375
cifar100,edgegpu_latency,ga_only,72.76000213623047,5.3871917724609375
cifar100,edgegpu_latency,ga_only,72.76000213623047,5.3871917724609375
cifar100,edgegpu_latency,ga_only,72.76000213623047,5.3871917724609375
cifar100,edgegpu_latency,ga_only,72.76000213623047,5.3871917724609375
cifar100,edgegpu_latency,ga_only,72.76000213623047,5.3871917724609375
cifar100,edgegpu_latency,ga_only,72.76000213623047,5.3871917724609375
cifar100,edgegpu_latency,ga_only,72.76000213623047,5.3871917724609375
cifar100,edgegpu_latency,ga_only,72.76000213623047,5.3871917724609375
cifar100,edgegpu_latency,ga_only,72.76000213623047,5.3871917724609375
cifar100,edgegpu_latency,ga_only,72.76000213623047,5.3871917724609375
cifar100,edgegpu_latency,ga_only,72.76000213623047,5.3871917724609375
cifar100,edgegpu_latency,ga_only,72.76000213623047,5.3871917724609375
cifar100,edgegpu_latency,ga_only,72.76000213623047,5.3871917724609375
cifar100,edgegpu_latency,ga_only,72.76000213623047,5.3871917724609375
cifar100,edgegpu_latency,ga_only,72.76000213623047,5.3871917724609375
cifar100,edgegpu_latency,ga_only,72.76000213623047,5.3871917724609375
cifar100,edgegpu_latency,ga_only,72.76000213623047,5.3871917724609375
cifar100,edgegpu_latency,ga_only,72.76000213623047,5.3871917724609375
cifar100,edgegpu_latency,ga_only,72.76000213623047,5.3871917724609375
cifar100,edgegpu_latency,ga_only,72.76000213623047,5.3871917724609375
cifar100,edgegpu_latency,ga_only,72.76000213623047,5.3871917724609375
cifar100,edgegpu_latency,ga_only,72.76000213623047,5.3871917724609375
cifar100,edgegpu_latency,ga_only,72.76000213623047,5.3871917724609375
cifar100,edgegpu_latency,ga_only,72.76000213623047,5.3871917724609375
cifar100,edgegpu_latency,ga_only,72.76000213623047,5.3871917724609375
cifar100,edgegpu_latency,ga_only,72.76000213623047,5.3871917724609375
cifar100,edgegpu_latency,ga_only,72.76000213623047,5.3871917724609375
cifar100,edgegpu_latency,ga_only,72.76000213623047,5.3871917724609375
cifar100,edgegpu_latency,ga_only,72.76000213623047,5.3871917724609375
cifar100,edgegpu_latency,ga_only,72.76000213623047,5.3871917724609375
cifar100,edgegpu_latency,ga_only,72.76000213623047,5.3871917724609375
cifar100,edgegpu_latency,ga_only,72.76000213623047,5.3871917724609375
cifar100,edgegpu_latency,ga_only,72.76000213623047,5.3871917724609375
cifar100,edgegpu_latency,ga_only,72.76000213623047,5.3871917724609375
cifar100,edgegpu_latency,ga_only,72.76000213623047,5.3871917724609375
cifar100,edgegpu_latency,ga_only,72.76000213623047,5.3871917724609375
cifar100,edgegpu_latency,ga_only,72.76000213623047,5.3871917724609375
cifar100,edgegpu_latency,ga_only,72.76000213623047,5.3871917724609375
cifar100,edgegpu_latency,ga_only,72.76000213623047,5.3871917724609375
cifar100,edgegpu_latency,ga_only,72.76000213623047,5.3871917724609375
cifar100,edgegpu_latency,ga_only,72.76000213623047,5.3871917724609375
cifar100,edgegpu_latency,ga_only,72.76000213623047,5.3871917724609375
cifar100,edgegpu_latency,ga_only,72.76000213623047,5.3871917724609375
cifar100,edgegpu_latency,ga_only,72.76000213623047,5.3871917724609375
cifar100,edgegpu_latency,ga_only,72.76000213623047,5.3871917724609375
cifar100,edgegpu_latency,ga_only,72.76000213623047,5.3871917724609375
cifar100,edgegpu_latency,ga_only,72.76000213623047,5.3871917724609375
cifar100,edgegpu_latency,ga_only,72.76000213623047,5.3871917724609375
cifar100,edgegpu_latency,ga_only,72.76000213623047,5.3871917724609375
cifar100,edgegpu_latency,ga_only,72.76000213623047,5.3871917724609375
cifar100,edgegpu_latency,ga_only,72.76000213623047,5.3871917724609375
cifar100,edgegpu_latency,ga_only,72.76000213623047,5.3871917724609375
cifar100,edgegpu_latency,ga_only,72.76000213623047,5.3871917724609375
cifar100,edgegpu_latency,ga_only,72.76000213623047,5.3871917724609375
cifar100,edgegpu_latency,ga_only,72.76000213623047,5.3871917724609375
cifar100,edgegpu_latency,ga_only,72.76000213623047,5.3871917724609375
cifar100,edgegpu_latency,ga_only,72.76000213623047,5.3871917724609375
cifar100,edgegpu_latency,ga_only,72.76000213623047,5.3871917724609375
cifar100,edgegpu_latency,ga_only,72.76000213623047,5.3871917724609375
cifar100,edgegpu_latency,ga_only,72.76000213623047,5.3871917724609375
cifar100,edgegpu_latency,ga_only,72.76000213623047,5.3871917724609375
cifar100,edgegpu_latency,ga_only,72.76000213623047,5.3871917724609375
cifar100,edgegpu_latency,ga_only,72.76000213623047,5.3871917724609375
cifar100,edgegpu_latency,ga_only,72.76000213623047,5.3871917724609375
cifar100,edgegpu_latency,ga_only,72.76000213623047,5.3871917724609375
cifar100,edgegpu_latency,ga_only,72.76000213623047,5.3871917724609375
cifar100,edgegpu_latency,ga_only,72.76000213623047,5.3871917724609375
cifar100,edgegpu_latency,ga_only,72.76000213623047,5.3871917724609375
cifar100,edgegpu_latency,ga_only,72.76000213623047,5.3871917724609375
cifar100,edgegpu_latency,ga_only,72.76000213623047,5.3871917724609375
cifar100,edgegpu_latency,ga_only,72.76000213623047,5.3871917724609375
cifar100,edgegpu_latency,ga_only,72.76000213623047,5.3871917724609375
cifar100,edgegpu_latency,ga_only,72.76000213623047,5.3871917724609375
cifar100,edgegpu_latency,ga_only,72.76000213623047,5.3871917724609375
cifar100,edgegpu_latency,ga_only,72.76000213623047,5.3871917724609375
cifar100,edgegpu_latency,ga_only,72.76000213623047,5.3871917724609375
cifar100,edgegpu_latency,ga_only,72.76000213623047,5.3871917724609375
cifar100,edgegpu_latency,ga_only,72.76000213623047,5.3871917724609375
cifar100,edgegpu_latency,ga_only,72.76000213623047,5.3871917724609375
cifar100,edgegpu_latency,ga_only,72.76000213623047,5.3871917724609375
cifar100,edgegpu_latency,ga_only,72.76000213623047,5.3871917724609375
cifar100,edgegpu_latency,ga_only,72.76000213623047,5.3871917724609375
cifar100,edgegpu_latency,ga_only,72.76000213623047,5.3871917724609375
cifar100,edgegpu_latency,ga_only,72.76000213623047,5.3871917724609375
cifar100,edgegpu_latency,ga_only,72.76000213623047,5.3871917724609375
cifar100,edgegpu_latency,ga_only,72.76000213623047,5.3871917724609375
cifar100,edgegpu_latency,ga_only,72.76000213623047,5.3871917724609375
cifar100,edgegpu_latency,ga_only,72.76000213623047,5.3871917724609375
cifar100,edgegpu_latency,ga_only,72.76000213623047,5.3871917724609375
cifar100,edgegpu_latency,ga_only,72.76000213623047,5.3871917724609375
cifar100,edgegpu_latency,ga_only,72.76000213623047,5.3871917724609375
cifar100,edgegpu_latency,ga_only,72.76000213623047,5.3871917724609375
cifar100,edgegpu_latency,ga_only,72.76000213623047,5.3871917724609375
cifar100,edgegpu_latency,ga_only,72.76000213623047,5.3871917724609375
cifar100,edgegpu_latency,ga_only,72.76000213623047,5.3871917724609375
cifar100,edgegpu_latency,ga_only,72.76000213623047,5.3871917724609375
cifar100,edgegpu_latency,ga_only,72.76000213623047,5.3871917724609375
cifar100,edgegpu_latency,ga_only,72.76000213623047,5.3871917724609375
cifar100,edgegpu_latency,ga_only,72.76000213623047,5.3871917724609375
cifar100,edgegpu_latency,ga_only,72.76000213623047,5.3871917724609375
cifar100,edgegpu_latency,ga_only,72.76000213623047,5.3871917724609375
cifar100,edgegpu_latency,ga_only,72.76000213623047,5.3871917724609375
cifar100,edgegpu_latency,ga_only,72.76000213623047,5.3871917724609375
cifar100,edgegpu_latency,ga_only,72.76000213623047,5.3871917724609375
cifar100,edgegpu_latency,ga_only,72.76000213623047,5.3871917724609375
cifar100,edgegpu_latency,ga_only,72.76000213623047,5.3871917724609375
cifar100,edgegpu_latency,ga_only,72.76000213623047,5.3871917724609375
cifar100,edgegpu_latency,ga_only,72.76000213623047,5.3871917724609375
cifar100,edgegpu_latency,ga_only,72.76000213623047,5.3871917724609375
cifar100,edgegpu_latency,ga_only,72.76000213623047,5.3871917724609375
cifar100,edgegpu_latency,ga_only,72.76000213623047,5.3871917724609375
cifar100,edgegpu_latency,ga_only,72.76000213623047,5.3871917724609375
cifar100,edgegpu_latency,ga_only,72.76000213623047,5.3871917724609375
cifar100,edgegpu_latency,ga_only,72.76000213623047,5.3871917724609375
cifar100,edgegpu_latency,ga_only,72.76000213623047,5.3871917724609375
cifar100,edgegpu_latency,ga_only,72.76000213623047,5.3871917724609375
cifar100,edgegpu_latency,ga_only,72.76000213623047,5.3871917724609375
cifar100,edgegpu_latency,ga_only,72.76000213623047,5.3871917724609375
cifar100,edgegpu_latency,ga_only,72.76000213623047,5.3871917724609375
cifar100,edgegpu_latency,ga_only,72.76000213623047,5.3871917724609375
cifar100,edgegpu_latency,ga_only,72.76000213623047,5.3871917724609375
cifar100,edgegpu_latency,ga_only,72.76000213623047,5.3871917724609375
cifar100,edgegpu_latency,ga_only,72.76000213623047,5.3871917724609375
cifar100,edgegpu_latency,ga_only,72.76000213623047,5.3871917724609375
cifar100,edgegpu_latency,ga_only,72.76000213623047,5.3871917724609375
cifar100,edgegpu_latency,ga_only,72.76000213623047,5.3871917724609375
cifar100,edgegpu_latency,ga_only,72.76000213623047,5.3871917724609375
cifar100,edgegpu_latency,ga_only,72.76000213623047,5.3871917724609375
cifar100,edgegpu_latency,ga_only,72.76000213623047,5.3871917724609375
cifar100,edgegpu_latency,ga_only,72.76000213623047,5.3871917724609375
cifar100,edgegpu_latency,ga_only,72.76000213623047,5.3871917724609375
cifar100,edgegpu_latency,ga_only,72.76000213623047,5.3871917724609375
cifar100,edgegpu_latency,ga_only,72.76000213623047,5.3871917724609375
cifar100,edgegpu_latency,ga_only,72.76000213623047,5.3871917724609375
cifar100,edgegpu_latency,ga_only,72.76000213623047,5.3871917724609375
cifar100,edgegpu_latency,ga_only,72.76000213623047,5.3871917724609375
cifar100,edgegpu_latency,ga_only,72.76000213623047,5.3871917724609375
cifar100,edgegpu_latency,ga_only,72.76000213623047,5.3871917724609375
cifar100,edgegpu_latency,ga_only,72.76000213623047,5.3871917724609375
cifar100,edgegpu_latency,ga_only,72.76000213623047,5.3871917724609375
cifar100,edgegpu_latency,ga_only,72.76000213623047,5.3871917724609375
cifar100,edgegpu_latency,ga_only,72.76000213623047,5.3871917724609375
cifar100,edgegpu_latency,ga_only,72.76000213623047,5.3871917724609375
cifar100,edgegpu_latency,ga_only,72.76000213623047,5.3871917724609375
cifar100,edgegpu_latency,ga_only,72.76000213623047,5.3871917724609375
cifar100,edgegpu_latency,ga_only,72.76000213623047,5.3871917724609375
cifar100,edgegpu_latency,ga_only,72.76000213623047,5.3871917724609375
cifar100,edgegpu_latency,ga_only,72.76000213623047,5.3871917724609375
cifar100,edgegpu_latency,ga_only,72.76000213623047,5.3871917724609375
cifar100,edgegpu_latency,ga_only,72.76000213623047,5.3871917724609375
cifar100,edgegpu_latency,ga_only,72.76000213623047,5.3871917724609375
cifar100,edgegpu_latency,ga_only,72.76000213623047,5.3871917724609375
cifar100,edgegpu_latency,ga_only,72.76000213623047,5.3871917724609375
cifar100,edgegpu_latency,ga_only,72.76000213623047,5.3871917724609375
cifar100,edgegpu_latency,ga_only,72.76000213623047,5.3871917724609375
cifar100,edgegpu_latency,ga_only,72.76000213623047,5.3871917724609375
cifar100,edgegpu_latency,ga_only,72.76000213623047,5.3871917724609375
cifar100,edgegpu_latency,ga_only,72.76000213623047,5.3871917724609375
cifar100,edgegpu_latency,ga_only,72.76000213623047,5.3871917724609375
cifar100,edgegpu_latency,ga_only,72.76000213623047,5.3871917724609375
cifar100,edgegpu_latency,ga_only,72.76000213623047,5.3871917724609375
cifar100,edgegpu_latency,ga_only,72.76000213623047,5.3871917724609375
cifar100,edgegpu_latency,ga_only,72.76000213623047,5.3871917724609375
cifar100,edgegpu_latency,ga_only,72.76000213623047,5.3871917724609375
cifar100,edgegpu_latency,ga_only,72.76000213623047,5.3871917724609375
cifar100,edgegpu_latency,ga_only,72.76000213623047,5.3871917724609375
cifar100,edgegpu_latency,ga_only,72.76000213623047,5.3871917724609375
cifar100,edgegpu_latency,ga_only,72.76000213623047,5.3871917724609375
cifar100,edgegpu_latency,ga_only,72.76000213623047,5.3871917724609375
cifar100,edgegpu_latency,ga_only,72.76000213623047,5.3871917724609375
cifar100,edgegpu_latency,ga_only,72.76000213623047,5.3871917724609375
cifar100,edgegpu_latency,ga_only,72.76000213623047,5.3871917724609375
cifar100,edgegpu_latency,ga_only,72.76000213623047,5.3871917724609375
cifar100,edgegpu_latency,ga_only,72.76000213623047,5.3871917724609375
cifar100,edgegpu_latency,ga_only,72.76000213623047,5.3871917724609375
cifar100,edgegpu_latency,ga_only,72.76000213623047,5.3871917724609375
cifar100,edgegpu_latency,ga_only,72.76000213623047,5.3871917724609375
cifar100,edgegpu_latency,ga_only,72.76000213623047,5.3871917724609375
cifar100,edgegpu_latency,ga_only,72.76000213623047,5.3871917724609375
cifar100,edgegpu_latency,ga_only,72.76000213623047,5.3871917724609375
cifar100,edgegpu_latency,ga_only,72.76000213623047,5.3871917724609375
cifar100,edgegpu_latency,ga_only,72.76000213623047,5.3871917724609375
cifar100,edgegpu_latency,ga_only,72.76000213623047,5.3871917724609375
cifar100,edgegpu_latency,ga_only,72.76000213623047,5.3871917724609375
cifar100,edgegpu_latency,ga_only,72.76000213623047,5.3871917724609375
cifar100,edgegpu_latency,ga_only,72.76000213623047,5.3871917724609375
cifar100,edgegpu_latency,ga_only,72.76000213623047,5.3871917724609375
cifar100,edgegpu_latency,ga_only,72.76000213623047,5.3871917724609375
cifar100,edgegpu_latency,ga_only,72.76000213623047,5.3871917724609375
cifar100,edgegpu_latency,ga_only,72.99333190917969,6.134028434753418
cifar100,edgegpu_latency,ga_only,72.99333190917969,6.134028434753418
cifar100,edgegpu_latency,ga_only,72.99333190917969,6.134028434753418
cifar100,edgegpu_latency,ga_only,72.99333190917969,6.134028434753418
cifar100,edgegpu_latency,ga_only,72.99333190917969,6.134028434753418
cifar100,edgegpu_latency,ga_only,72.99333190917969,6.134028434753418
cifar100,edgegpu_latency,ga_only,72.99333190917969,6.134028434753418
cifar100,edgegpu_latency,ga_only,73.16000366210938,6.669735908508301
cifar100,edgegpu_latency,ga_only,73.16000366210938,6.669735908508301
cifar100,edgegpu_latency,ga_only,73.16000366210938,6.669735908508301
cifar100,edgegpu_latency,ga_only,73.16000366210938,6.669735908508301
cifar100,edgegpu_latency,ga_only,73.16000366210938,6.669735908508301
cifar100,edgegpu_latency,ga_only,73.16000366210938,6.669735908508301
cifar100,edgegpu_latency,ga_only,73.16000366210938,6.669735908508301
cifar100,edgegpu_latency,ga_only,73.16000366210938,6.669735908508301
cifar100,edgegpu_latency,ga_only,73.16000366210938,6.669735908508301
cifar100,edgegpu_latency,ga_only,73.16000366210938,6.669735908508301
cifar100,edgegpu_latency,ga_only,73.16000366210938,6.669735908508301
cifar100,edgegpu_latency,ga_only,73.16000366210938,6.669735908508301
cifar100,edgegpu_latency,ga_only,73.16000366210938,6.669735908508301
cifar100,edgegpu_latency,ga_only,73.16000366210938,6.669735908508301
cifar100,edgegpu_latency,ga_only,73.16000366210938,6.669735908508301
cifar100,edgegpu_latency,ga_only,73.16000366210938,6.669735908508301
cifar100,edgegpu_latency,ga_only,73.16000366210938,6.669735908508301
cifar100,edgegpu_latency,ga_only,73.16000366210938,6.669735908508301
cifar100,edgegpu_latency,ga_only,73.16000366210938,6.669735908508301
cifar100,edgegpu_latency,ga_only,73.16000366210938,6.669735908508301
cifar100,edgegpu_latency,ga_only,73.16000366210938,6.669735908508301
cifar100,edgegpu_latency,ga_only,73.16000366210938,6.669735908508301
cifar100,edgegpu_latency,ga_only,73.16000366210938,6.669735908508301
cifar100,edgegpu_latency,ga_only,73.16000366210938,6.669735908508301
cifar100,edgegpu_latency,ga_only,73.16000366210938,6.669735908508301
cifar100,edgegpu_latency,ga_only,73.16000366210938,6.669735908508301
cifar100,edgegpu_latency,ga_only,73.16000366210938,6.669735908508301
cifar100,edgegpu_latency,ga_only,73.16000366210938,6.669735908508301
cifar100,edgegpu_latency,ga_only,73.4800033569336,6.7978668212890625
cifar100,edgegpu_latency,ga_only,73.51333618164062,6.8030595779418945
cifar100,edgegpu_latency,ga_only,73.51333618164062,6.8030595779418945
cifar100,edgegpu_latency,ga_only,73.51333618164062,6.8030595779418945
cifar100,edgegpu_latency,ga_only,73.51333618164062,6.8030595779418945
cifar100,edgegpu_latency,ga_only,73.51333618164062,6.8030595779418945
cifar100,edgegpu_latency,ga_only,73.51333618164062,6.8030595779418945
cifar100,edgegpu_latency,ga_only,73.51333618164062,6.8030595779418945
cifar100,edgegpu_latency,ga_only,73.51333618164062,6.8030595779418945
cifar100,edgegpu_latency,ga_only,73.51333618164062,6.8030595779418945
cifar100,edgegpu_latency,ga_only,73.51333618164062,6.8030595779418945
cifar100,edgegpu_latency,ga_only,73.51333618164062,6.8030595779418945
cifar100,edgegpu_latency,ga_only,73.51333618164062,6.8030595779418945
cifar100,edgegpu_latency,ga_only,73.51333618164062,6.8030595779418945
cifar100,edgegpu_latency,ga_only,73.51333618164062,6.8030595779418945
cifar100,edgegpu_latency,ga_only,73.51333618164062,6.8030595779418945
cifar100,edgegpu_latency,ga_only,73.51333618164062,6.8030595779418945
cifar100,edgegpu_latency,ga_only,73.51333618164062,6.8030595779418945
cifar100,edgegpu_latency,ga_only,73.51333618164062,6.8030595779418945
cifar100,edgegpu_latency,ga_only,73.51333618164062,6.8030595779418945
cifar100,edgegpu_latency,ga_only,73.51333618164062,6.8030595779418945
cifar100,edgegpu_latency,ga_only,73.51333618164062,6.8030595779418945
cifar100,edgegpu_latency,ga_only,73.51333618164062,6.8030595779418945
cifar100,edgegpu_latency,ga_only,73.51333618164062,6.8030595779418945
cifar100,edgegpu_latency,ga_only,73.51333618164062,6.8030595779418945
cifar100,edgegpu_latency,ga_only,73.51333618164062,6.8030595779418945
cifar100,edgegpu_latency,ga_only,73.51333618164062,6.8030595779418945
cifar100,edgegpu_latency,ga_only,73.51333618164062,6.8030595779418945
cifar100,edgegpu_latency,ga_only,73.51333618164062,6.8030595779418945
cifar100,edgegpu_latency,ga_only,73.51333618164062,6.8030595779418945
cifar100,edgegpu_latency,ga_only,73.51333618164062,6.8030595779418945
cifar100,edgegpu_latency,ga_only,73.51333618164062,6.8030595779418945
cifar100,edgegpu_latency,ga_only,73.51333618164062,6.8030595779418945
cifar100,edgegpu_latency,ga_only,73.51333618164062,6.8030595779418945
cifar100,edgegpu_latency,ga_only,73.51333618164062,6.8030595779418945
cifar100,edgegpu_latency,ga_only,73.51333618164062,6.8030595779418945
cifar100,edgegpu_latency,ga_only,73.51333618164062,6.8030595779418945
cifar100,edgegpu_latency,ga_only,73.51333618164062,6.8030595779418945
cifar100,edgegpu_latency,ga_only,73.51333618164062,6.8030595779418945
cifar100,edgegpu_latency,ga_only,73.51333618164062,6.8030595779418945
cifar100,edgegpu_latency,ga_only,73.51333618164062,6.8030595779418945
cifar100,edgegpu_latency,ga_only,73.51333618164062,6.8030595779418945
cifar100,edgegpu_latency,ga_only,73.51333618164062,6.8030595779418945
cifar100,edgegpu_latency,ga_only,73.51333618164062,6.8030595779418945
cifar100,edgegpu_latency,ga_only,73.51333618164062,6.8030595779418945
cifar100,edgegpu_latency,ga_only,73.51333618164062,6.8030595779418945
cifar100,edgegpu_latency,ga_only,73.51333618164062,6.8030595779418945
cifar100,edgegpu_latency,ga_only,73.51333618164062,6.8030595779418945
cifar100,edgegpu_latency,ga_only,73.51333618164062,6.8030595779418945
cifar100,edgegpu_latency,ga_only,73.51333618164062,6.8030595779418945
cifar100,edgegpu_latency,ga_only,73.51333618164062,6.8030595779418945
cifar100,edgegpu_latency,ga_only,73.51333618164062,6.8030595779418945
cifar100,edgegpu_latency,ga_only,73.51333618164062,6.8030595779418945
cifar100,edgegpu_latency,ga_only,73.51333618164062,6.8030595779418945
cifar100,edgegpu_latency,ga_only,73.51333618164062,6.8030595779418945
cifar100,edgegpu_latency,ga_only,73.51333618164062,6.8030595779418945
cifar100,edgegpu_latency,ga_only,73.51333618164062,6.8030595779418945
cifar100,edgegpu_latency,ga_only,73.51333618164062,6.8030595779418945
cifar100,edgegpu_latency,ga_only,73.51333618164062,6.8030595779418945
cifar100,edgegpu_latency,ga_only,73.51333618164062,6.8030595779418945
cifar100,edgegpu_latency,ga_only,73.51333618164062,6.8030595779418945
cifar100,edgegpu_latency,ga_only,73.51333618164062,6.8030595779418945
cifar100,edgegpu_latency,ga_only,73.51333618164062,6.8030595779418945
cifar100,edgegpu_latency,ga_only,73.51333618164062,6.8030595779418945
cifar100,edgegpu_latency,ga_only,73.51333618164062,6.8030595779418945
cifar100,edgegpu_latency,ga_only,73.51333618164062,6.8030595779418945
cifar100,edgegpu_latency,ga_only,73.51333618164062,6.8030595779418945
cifar100,edgegpu_latency,ga_only,73.51333618164062,6.8030595779418945
cifar100,edgegpu_latency,ga_only,73.51333618164062,6.8030595779418945
cifar100,edgegpu_latency,ga_only,73.51333618164062,6.8030595779418945
cifar100,edgegpu_latency,ga_only,73.51333618164062,6.8030595779418945
cifar100,edgegpu_latency,ga_only,73.51333618164062,6.8030595779418945
cifar100,edgegpu_latency,ga_only,73.51333618164062,6.8030595779418945
cifar100,raspi4_latency,ga_only,1.0,0.01524301987956278
cifar100,raspi4_latency,ga_only,58.313331604003906,2.538254700048128
cifar100,raspi4_latency,ga_only,58.426666259765625,2.5585944998601917
cifar100,raspi4_latency,ga_only,58.426666259765625,2.5585944998601917
cifar100,raspi4_latency,ga_only,58.426666259765625,2.5585944998601917
cifar100,raspi4_latency,ga_only,58.426666259765625,2.5585944998601917
cifar100,raspi4_latency,ga_only,58.720001220703125,2.5635046800016426
cifar100,raspi4_latency,ga_only,58.720001220703125,2.5635046800016426
cifar100,raspi4_latency,ga_only,58.720001220703125,2.5635046800016426
cifar100,raspi4_latency,ga_only,58.720001220703125,2.5635046800016426
cifar100,raspi4_latency,ga_only,58.75,2.77755810006056
cifar100,raspi4_latency,ga_only,59.060001373291016,2.7950785400753375
cifar100,raspi4_latency,ga_only,62.27000045776367,4.787733639968792
cifar100,raspi4_latency,ga_only,62.27000045776367,4.787733639968792
cifar100,raspi4_latency,ga_only,62.27000045776367,4.787733639968792
cifar100,raspi4_latency,ga_only,62.27000045776367,4.787733639968792
cifar100,raspi4_latency,ga_only,62.27000045776367,4.787733639968792
cifar100,raspi4_latency,ga_only,62.27000045776367,4.787733639968792
cifar100,raspi4_latency,ga_only,62.27000045776367,4.787733639968792
cifar100,raspi4_latency,ga_only,62.27000045776367,4.787733639968792
cifar100,raspi4_latency,ga_only,62.27000045776367,4.787733639968792
cifar100,raspi4_latency,ga_only,62.31999969482422,4.792510940023931
cifar100,raspi4_latency,ga_only,62.31999969482422,4.792510940023931
cifar100,raspi4_latency,ga_only,63.22999954223633,4.800893079955131
cifar100,raspi4_latency,ga_only,63.81999969482422,4.999532460060436
cifar100,raspi4_latency,ga_only,63.81999969482422,4.999532460060436
cifar100,raspi4_latency,ga_only,63.81999969482422,4.999532460060436
cifar100,raspi4_latency,ga_only,63.81999969482422,4.999532460060436
cifar100,raspi4_latency,ga_only,63.81999969482422,4.999532460060436
cifar100,raspi4_latency,ga_only,63.81999969482422,4.999532460060436
cifar100,raspi4_latency,ga_only,63.81999969482422,4.999532460060436
cifar100,raspi4_latency,ga_only,63.81999969482422,4.999532460060436
cifar100,raspi4_latency,ga_only,63.81999969482422,4.999532460060436
cifar100,raspi4_latency,ga_only,63.81999969482422,4.999532460060436
cifar100,raspi4_latency,ga_only,63.81999969482422,4.999532460060436
cifar100,raspi4_latency,ga_only,63.81999969482422,4.999532460060436
cifar100,raspi4_latency,ga_only,63.81999969482422,4.999532460060436
cifar100,raspi4_latency,ga_only,63.81999969482422,4.999532460060436
cifar100,raspi4_latency,ga_only,63.81999969482422,4.999532460060436
cifar100,raspi4_latency,ga_only,63.926666259765625,5.005697899905499
cifar100,raspi4_latency,ga_only,63.926666259765625,5.005697899905499
cifar100,raspi4_latency,ga_only,63.926666259765625,5.005697899905499
cifar100,raspi4_latency,ga_only,63.926666259765625,5.005697899905499
cifar100,raspi4_latency,ga_only,63.926666259765625,5.005697899905499
cifar100,raspi4_latency,ga_only,63.926666259765625,5.005697899905499
cifar100,raspi4_latency,ga_only,63.926666259765625,5.005697899905499
cifar100,raspi4_latency,ga_only,63.926666259765625,5.005697899905499
cifar100,raspi4_latency,ga_only,63.926666259765625,5.005697899905499
cifar100,raspi4_latency,ga_only,63.926666259765625,5.005697899905499
cifar100,raspi4_latency,ga_only,63.926666259765625,5.005697899905499
cifar100,raspi4_latency,ga_only,63.926666259765625,5.005697899905499
cifar100,raspi4_latency,ga_only,63.926666259765625,5.005697899905499
cifar100,raspi4_latency,ga_only,63.926666259765625,5.005697899905499
cifar100,raspi4_latency,ga_only,63.926666259765625,5.005697899905499
cifar100,raspi4_latency,ga_only,63.926666259765625,5.005697899905499
cifar100,raspi4_latency,ga_only,64.16999816894531,5.009583739883965
cifar100,raspi4_latency,ga_only,64.16999816894531,5.009583739883965
cifar100,raspi4_latency,ga_only,64.16999816894531,5.009583739883965
cifar100,raspi4_latency,ga_only,64.16999816894531,5.009583739883965
cifar100,raspi4_latency,ga_only,64.16999816894531,5.009583739883965
cifar100,raspi4_latency,ga_only,64.16999816894531,5.009583739883965
cifar100,raspi4_latency,ga_only,64.16999816894531,5.009583739883965
cifar100,raspi4_latency,ga_only,64.16999816894531,5.009583739883965
cifar100,raspi4_latency,ga_only,64.16999816894531,5.009583739883965
cifar100,raspi4_latency,ga_only,64.16999816894531,5.009583739883965
cifar100,raspi4_latency,ga_only,64.16999816894531,5.009583739883965
cifar100,raspi4_latency,ga_only,64.16999816894531,5.009583739883965
cifar100,raspi4_latency,ga_only,64.16999816894531,5.009583739883965
cifar100,raspi4_latency,ga_only,64.16999816894531,5.009583739883965
cifar100,raspi4_latency,ga_only,64.16999816894531,5.009583739883965
cifar100,raspi4_latency,ga_only,64.44000244140625,5.099302119924687
cifar100,raspi4_latency,ga_only,64.44000244140625,5.099302119924687
cifar100,raspi4_latency,ga_only,64.44000244140625,5.099302119924687
cifar100,raspi4_latency,ga_only,64.44000244140625,5.099302119924687
cifar100,raspi4_latency,ga_only,64.5,5.100886540021747
cifar100,raspi4_latency,ga_only,64.5,5.100886540021747
cifar100,raspi4_latency,ga_only,64.5,5.100886540021747
cifar100,raspi4_latency,ga_only,64.5,5.100886540021747
cifar100,raspi4_latency,ga_only,64.5,5.100886540021747
cifar100,raspi4_latency,ga_only,64.5,5.100886540021747
cifar100,raspi4_latency,ga_only,64.5,5.100886540021747
cifar100,raspi4_latency,ga_only,64.5,5.100886540021747
cifar100,raspi4_latency,ga_only,64.5,5.100886540021747
cifar100,raspi4_latency,ga_only,64.66000366210938,5.126509760011686
cifar100,raspi4_latency,ga_only,64.66000366210938,5.126509760011686
cifar100,raspi4_latency,ga_only,64.66000366210938,5.126509760011686
cifar100,raspi4_latency,ga_only,64.66000366210938,5.126509760011686
cifar100,raspi4_latency,ga_only,64.66000366210938,5.126509760011686
cifar100,raspi4_latency,ga_only,64.66000366210938,5.126509760011686
cifar100,raspi4_latency,ga_only,64.66000366210938,5.126509760011686
cifar100,raspi4_latency,ga_only,66.91000366210938,7.203784659941448
cifar100,raspi4_latency,ga_only,66.91000366210938,7.203784659941448
cifar100,raspi4_latency,ga_only,66.91000366210938,7.203784659941448
cifar100,raspi4_latency,ga_only,66.91000366210938,7.203784659941448
cifar100,raspi4_latency,ga_only,66.91000366210938,7.203784659941448
cifar100,raspi4_latency,ga_only,66.91000366210938,7.203784659941448
cifar100,raspi4_latency,ga_only,66.91000366210938,7.203784659941448
cifar100,raspi4_latency,ga_only,66.91000366210938,7.203784659941448
cifar100,raspi4_latency,ga_only,66.91000366210938,7.203784659941448
cifar100,raspi4_latency,ga_only,66.91000366210938,7.203784659941448
cifar100,raspi4_latency,ga_only,66.91000366210938,7.203784659941448
cifar100,raspi4_latency,ga_only,66.91000366210938,7.203784659941448
cifar100,raspi4_latency,ga_only,66.91000366210938,7.203784659941448
cifar100,raspi4_latency,ga_only,66.91000366210938,7.203784659941448
cifar100,raspi4_latency,ga_only,66.91000366210938,7.203784659941448
cifar100,raspi4_latency,ga_only,66.91000366210938,7.203784659941448
cifar100,raspi4_latency,ga_only,66.94999694824219,7.226310760015622
cifar100,raspi4_latency,ga_only,66.94999694824219,7.226310760015622
cifar100,raspi4_latency,ga_only,66.94999694824219,7.226310760015622
cifar100,raspi4_latency,ga_only,66.94999694824219,7.226310760015622
cifar100,raspi4_latency,ga_only,66.94999694824219,7.226310760015622
cifar100,raspi4_latency,ga_only,66.94999694824219,7.226310760015622
cifar100,raspi4_latency,ga_only,66.94999694824219,7.226310760015622
cifar100,raspi4_latency,ga_only,66.94999694824219,7.226310760015622
cifar100,raspi4_latency,ga_only,66.94999694824219,7.226310760015622
cifar100,raspi4_latency,ga_only,66.94999694824219,7.226310760015622
cifar100,raspi4_latency,ga_only,66.94999694824219,7.226310760015622
cifar100,raspi4_latency,ga_only,66.94999694824219,7.226310760015622
cifar100,raspi4_latency,ga_only,66.94999694824219,7.226310760015622
cifar100,raspi4_latency,ga_only,66.94999694824219,7.226310760015622
cifar100,raspi4_latency,ga_only,66.94999694824219,7.226310760015622
cifar100,raspi4_latency,ga_only,66.94999694824219,7.226310760015622
cifar100,raspi4_latency,ga_only,66.94999694824219,7.226310760015622
cifar100,raspi4_latency,ga_only,66.94999694824219,7.226310760015622
cifar100,raspi4_latency,ga_only,66.94999694824219,7.226310760015622
cifar100,raspi4_latency,ga_only,66.94999694824219,7.226310760015622
cifar100,raspi4_latency,ga_only,67.17333221435547,7.228629239980364
cifar100,raspi4_latency,ga_only,67.17333221435547,7.228629239980364
cifar100,raspi4_latency,ga_only,67.17333221435547,7.228629239980364
cifar100,raspi4_latency,ga_only,67.17333221435547,7.228629239980364
cifar100,raspi4_latency,ga_only,67.17333221435547,7.228629239980364
cifar100,raspi4_latency,ga_only,67.17333221435547,7.228629239980364
cifar100,raspi4_latency,ga_only,67.17333221435547,7.228629239980364
cifar100,raspi4_latency,ga_only,67.17333221435547,7.228629239980364
cifar100,raspi4_latency,ga_only,67.47000122070312,9.632203979999758
cifar100,raspi4_latency,ga_only,67.47000122070312,9.632203979999758
cifar100,raspi4_latency,ga_only,67.47000122070312,9.632203979999758
cifar100,raspi4_latency,ga_only,67.47000122070312,9.632203979999758
cifar100,raspi4_latency,ga_only,67.47000122070312,9.632203979999758
cifar100,raspi4_latency,ga_only,67.47000122070312,9.632203979999758
cifar100,raspi4_latency,ga_only,67.47000122070312,9.632203979999758
cifar100,raspi4_latency,ga_only,67.47000122070312,9.632203979999758
cifar100,raspi4_latency,ga_only,67.47000122070312,9.632203979999758
cifar100,raspi4_latency,ga_only,67.47000122070312,9.632203979999758
cifar100,raspi4_latency,ga_only,67.47000122070312,9.632203979999758
cifar100,raspi4_latency,ga_only,67.47000122070312,9.632203979999758
cifar100,raspi4_latency,ga_only,67.47000122070312,9.632203979999758
cifar100,raspi4_latency,ga_only,67.47000122070312,9.632203979999758
cifar100,raspi4_latency,ga_only,67.47000122070312,9.632203979999758
cifar100,raspi4_latency,ga_only,67.47000122070312,9.632203979999758
cifar100,raspi4_latency,ga_only,67.47000122070312,9.632203979999758
cifar100,raspi4_latency,ga_only,67.47000122070312,9.632203979999758
cifar100,raspi4_latency,ga_only,67.47000122070312,9.632203979999758
cifar100,raspi4_latency,ga_only,67.47000122070312,9.632203979999758
cifar100,raspi4_latency,ga_only,67.47000122070312,9.632203979999758
cifar100,raspi4_latency,ga_only,67.47000122070312,9.632203979999758
cifar100,raspi4_latency,ga_only,67.47000122070312,9.632203979999758
cifar100,raspi4_latency,ga_only,67.47000122070312,9.632203979999758
cifar100,raspi4_latency,ga_only,67.47000122070312,9.632203979999758
cifar100,raspi4_latency,ga_only,67.47000122070312,9.632203979999758
cifar100,raspi4_latency,ga_only,67.47000122070312,9.632203979999758
cifar100,raspi4_latency,ga_only,67.47000122070312,9.632203979999758
cifar100,raspi4_latency,ga_only,67.47000122070312,9.632203979999758
cifar100,raspi4_latency,ga_only,67.47000122070312,9.632203979999758
cifar100,raspi4_latency,ga_only,67.47000122070312,9.632203979999758
cifar100,raspi4_latency,ga_only,67.47000122070312,9.632203979999758
cifar100,raspi4_latency,ga_only,67.47000122070312,9.632203979999758
cifar100,raspi4_latency,ga_only,67.47000122070312,9.632203979999758
cifar100,raspi4_latency,ga_only,67.47000122070312,9.632203979999758
cifar100,raspi4_latency,ga_only,67.47000122070312,9.632203979999758
cifar100,raspi4_latency,ga_only,67.47000122070312,9.632203979999758
cifar100,raspi4_latency,ga_only,67.47000122070312,9.632203979999758
cifar100,raspi4_latency,ga_only,67.47000122070312,9.632203979999758
cifar100,raspi4_latency,ga_only,67.47000122070312,9.632203979999758
cifar100,raspi4_latency,ga_only,67.47000122070312,9.632203979999758
cifar100,raspi4_latency,ga_only,67.47000122070312,9.632203979999758
cifar100,raspi4_latency,ga_only,67.47000122070312,9.632203979999758
cifar100,raspi4_latency,ga_only,67.47000122070312,9.632203979999758
cifar100,raspi4_latency,ga_only,67.47000122070312,9.632203979999758
cifar100,raspi4_latency,ga_only,67.47000122070312,9.632203979999758
cifar100,raspi4_latency,ga_only,67.47000122070312,9.632203979999758
cifar100,raspi4_latency,ga_only,67.47000122070312,9.632203979999758
cifar100,raspi4_latency,ga_only,67.47000122070312,9.632203979999758
cifar100,raspi4_latency,ga_only,67.47000122070312,9.632203979999758
cifar100,raspi4_latency,ga_only,67.47000122070312,9.632203979999758
cifar100,raspi4_latency,ga_only,67.47000122070312,9.632203979999758
cifar100,raspi4_latency,ga_only,67.47000122070312,9.632203979999758
cifar100,raspi4_latency,ga_only,67.47000122070312,9.632203979999758
cifar100,raspi4_latency,ga_only,67.47000122070312,9.632203979999758
cifar100,raspi4_latency,ga_only,67.47000122070312,9.632203979999758
cifar100,raspi4_latency,ga_only,67.47000122070312,9.632203979999758
cifar100,raspi4_latency,ga_only,67.47000122070312,9.632203979999758
cifar100,raspi4_latency,ga_only,67.47000122070312,9.632203979999758
cifar100,raspi4_latency,ga_only,67.47000122070312,9.632203979999758
cifar100,raspi4_latency,ga_only,67.47000122070312,9.632203979999758
cifar100,raspi4_latency,ga_only,67.47000122070312,9.632203979999758
cifar100,raspi4_latency,ga_only,67.47000122070312,9.632203979999758
cifar100,raspi4_latency,ga_only,67.47000122070312,9.632203979999758
cifar100,raspi4_latency,ga_only,67.47000122070312,9.632203979999758
cifar100,raspi4_latency,ga_only,67.47000122070312,9.632203979999758
cifar100,raspi4_latency,ga_only,67.47000122070312,9.632203979999758
cifar100,raspi4_latency,ga_only,67.47000122070312,9.632203979999758
cifar100,raspi4_latency,ga_only,67.47000122070312,9.632203979999758
cifar100,raspi4_latency,ga_only,67.47000122070312,9.632203979999758
cifar100,raspi4_latency,ga_only,67.47000122070312,9.632203979999758
cifar100,raspi4_latency,ga_only,67.47000122070312,9.632203979999758
cifar100,raspi4_latency,ga_only,67.47000122070312,9.632203979999758
cifar100,raspi4_latency,ga_only,67.47000122070312,9.632203979999758
cifar100,raspi4_latency,ga_only,67.47000122070312,9.632203979999758
cifar100,raspi4_latency,ga_only,67.47000122070312,9.632203979999758
cifar100,raspi4_latency,ga_only,67.47000122070312,9.632203979999758
cifar100,raspi4_latency,ga_only,67.47000122070312,9.632203979999758
cifar100,raspi4_latency,ga_only,67.47000122070312,9.632203979999758
cifar100,raspi4_latency,ga_only,67.47000122070312,9.632203979999758
cifar100,raspi4_latency,ga_only,67.47000122070312,9.632203979999758
cifar100,raspi4_latency,ga_only,67.47000122070312,9.632203979999758
cifar100,raspi4_latency,ga_only,67.47000122070312,9.632203979999758
cifar100,raspi4_latency,ga_only,67.47000122070312,9.632203979999758
cifar100,raspi4_latency,ga_only,67.47000122070312,9.632203979999758
cifar100,raspi4_latency,ga_only,67.47000122070312,9.632203979999758
cifar100,raspi4_latency,ga_only,67.48999786376953,9.786122880032053
cifar100,raspi4_latency,ga_only,67.48999786376953,9.786122880032053
cifar100,raspi4_latency,ga_only,67.48999786376953,9.786122880032053
cifar100,raspi4_latency,ga_only,67.48999786376953,9.786122880032053
cifar100,raspi4_latency,ga_only,67.48999786376953,9.786122880032053
cifar100,raspi4_latency,ga_only,67.48999786376953,9.786122880032053
cifar100,raspi4_latency,ga_only,67.48999786376953,9.786122880032053
cifar100,raspi4_latency,ga_only,67.48999786376953,9.786122880032053
cifar100,raspi4_latency,ga_only,67.48999786376953,9.786122880032053
cifar100,raspi4_latency,ga_only,67.48999786376953,9.786122880032053
cifar100,raspi4_latency,ga_only,67.48999786376953,9.786122880032053
cifar100,raspi4_latency,ga_only,67.48999786376953,9.786122880032053
cifar100,raspi4_latency,ga_only,67.48999786376953,9.786122880032053
cifar100,raspi4_latency,ga_only,67.48999786376953,9.786122880032053
cifar100,raspi4_latency,ga_only,67.48999786376953,9.786122880032053
cifar100,raspi4_latency,ga_only,67.48999786376953,9.786122880032053
cifar100,raspi4_latency,ga_only,67.48999786376953,9.786122880032053
cifar100,raspi4_latency,ga_only,67.48999786376953,9.786122880032053
cifar100,raspi4_latency,ga_only,67.48999786376953,9.786122880032053
cifar100,raspi4_latency,ga_only,67.48999786376953,9.786122880032053
cifar100,raspi4_latency,ga_only,67.48999786376953,9.786122880032053
cifar100,raspi4_latency,ga_only,67.48999786376953,9.786122880032053
cifar100,raspi4_latency,ga_only,67.48999786376953,9.786122880032053
cifar100,raspi4_latency,ga_only,67.48999786376953,9.786122880032053
cifar100,raspi4_latency,ga_only,67.48999786376953,9.786122880032053
cifar100,raspi4_latency,ga_only,67.48999786376953,9.786122880032053
cifar100,raspi4_latency,ga_only,67.48999786376953,9.786122880032053
cifar100,raspi4_latency,ga_only,67.48999786376953,9.786122880032053
cifar100,raspi4_latency,ga_only,67.48999786376953,9.786122880032053
cifar100,raspi4_latency,ga_only,67.48999786376953,9.786122880032053
cifar100,raspi4_latency,ga_only,67.48999786376953,9.786122880032053
cifar100,raspi4_latency,ga_only,67.48999786376953,9.786122880032053
cifar100,raspi4_latency,ga_only,67.48999786376953,9.786122880032053
cifar100,raspi4_latency,ga_only,67.48999786376953,9.786122880032053
cifar100,raspi4_latency,ga_only,67.48999786376953,9.786122880032053
cifar100,raspi4_latency,ga_only,67.48999786376953,9.786122880032053
cifar100,raspi4_latency,ga_only,67.48999786376953,9.786122880032053
cifar100,raspi4_latency,ga_only,67.48999786376953,9.786122880032053
cifar100,raspi4_latency,ga_only,67.48999786376953,9.786122880032053
cifar100,raspi4_latency,ga_only,67.48999786376953,9.786122880032053
cifar100,raspi4_latency,ga_only,67.48999786376953,9.786122880032053
cifar100,raspi4_latency,ga_only,67.48999786376953,9.786122880032053
cifar100,raspi4_latency,ga_only,67.48999786376953,9.786122880032053
cifar100,raspi4_latency,ga_only,67.48999786376953,9.786122880032053
cifar100,raspi4_latency,ga_only,67.48999786376953,9.786122880032053
cifar100,raspi4_latency,ga_only,67.48999786376953,9.786122880032053
cifar100,raspi4_latency,ga_only,67.48999786376953,9.786122880032053
cifar100,raspi4_latency,ga_only,67.48999786376953,9.786122880032053
cifar100,raspi4_latency,ga_only,67.48999786376953,9.786122880032053
cifar100,raspi4_latency,ga_only,67.48999786376953,9.786122880032053
cifar100,raspi4_latency,ga_only,67.48999786376953,9.786122880032053
cifar100,raspi4_latency,ga_only,67.48999786376953,9.786122880032053
cifar100,raspi4_latency,ga_only,67.48999786376953,9.786122880032053
cifar100,raspi4_latency,ga_only,67.48999786376953,9.786122880032053
cifar100,raspi4_latency,ga_only,67.48999786376953,9.786122880032053
cifar100,raspi4_latency,ga_only,67.48999786376953,9.786122880032053
cifar100,raspi4_latency,ga_only,67.48999786376953,9.786122880032053
cifar100,raspi4_latency,ga_only,67.48999786376953,9.786122880032053
cifar100,raspi4_latency,ga_only,67.48999786376953,9.786122880032053
cifar100,raspi4_latency,ga_only,67.48999786376953,9.786122880032053
cifar100,raspi4_latency,ga_only,67.48999786376953,9.786122880032053
cifar100,raspi4_latency,ga_only,67.48999786376953,9.786122880032053
cifar100,raspi4_latency,ga_only,67.48999786376953,9.786122880032053
cifar100,raspi4_latency,ga_only,67.48999786376953,9.786122880032053
cifar100,raspi4_latency,ga_only,67.48999786376953,9.786122880032053
cifar100,raspi4_latency,ga_only,67.48999786376953,9.786122880032053
cifar100,raspi4_latency,ga_only,67.48999786376953,9.786122880032053
cifar100,raspi4_latency,ga_only,67.48999786376953,9.786122880032053
cifar100,raspi4_latency,ga_only,67.48999786376953,9.786122880032053
cifar100,raspi4_latency,ga_only,67.48999786376953,9.786122880032053
cifar100,raspi4_latency,ga_only,67.48999786376953,9.786122880032053
cifar100,raspi4_latency,ga_only,67.48999786376953,9.786122880032053
cifar100,raspi4_latency,ga_only,67.48999786376953,9.786122880032053
cifar100,raspi4_latency,ga_only,67.48999786376953,9.786122880032053
cifar100,raspi4_latency,ga_only,67.48999786376953,9.786122880032053
cifar100,raspi4_latency,ga_only,67.48999786376953,9.786122880032053
cifar100,raspi4_latency,ga_only,67.48999786376953,9.786122880032053
cifar100,raspi4_latency,ga_only,67.48999786376953,9.786122880032053
cifar100,raspi4_latency,ga_only,67.48999786376953,9.786122880032053
cifar100,raspi4_latency,ga_only,67.48999786376953,9.786122880032053
cifar100,raspi4_latency,ga_only,67.48999786376953,9.786122880032053
cifar100,raspi4_latency,ga_only,67.48999786376953,9.786122880032053
cifar100,raspi4_latency,ga_only,67.48999786376953,9.786122880032053
cifar100,raspi4_latency,ga_only,67.48999786376953,9.786122880032053
cifar100,raspi4_latency,ga_only,67.48999786376953,9.786122880032053
cifar100,raspi4_latency,ga_only,67.48999786376953,9.786122880032053
cifar100,raspi4_latency,ga_only,67.48999786376953,9.786122880032053
cifar100,raspi4_latency,ga_only,67.48999786376953,9.786122880032053
cifar100,raspi4_latency,ga_only,67.48999786376953,9.786122880032053
cifar100,raspi4_latency,ga_only,67.48999786376953,9.786122880032053
cifar100,raspi4_latency,ga_only,67.48999786376953,9.786122880032053
cifar100,raspi4_latency,ga_only,67.48999786376953,9.786122880032053
cifar100,raspi4_latency,ga_only,67.48999786376953,9.786122880032053
cifar100,raspi4_latency,ga_only,67.48999786376953,9.786122880032053
cifar100,raspi4_latency,ga_only,67.48999786376953,9.786122880032053
cifar100,raspi4_latency,ga_only,67.48999786376953,9.786122880032053
cifar100,raspi4_latency,ga_only,67.48999786376953,9.786122880032053
cifar100,raspi4_latency,ga_only,67.48999786376953,9.786122880032053
cifar100,raspi4_latency,ga_only,67.48999786376953,9.786122880032053
cifar100,raspi4_latency,ga_only,67.48999786376953,9.786122880032053
cifar100,raspi4_latency,ga_only,67.73999786376953,12.135427519970108
cifar100,raspi4_latency,ga_only,67.73999786376953,12.135427519970108
cifar100,raspi4_latency,ga_only,67.73999786376953,12.135427519970108
cifar100,raspi4_latency,ga_only,67.73999786376953,12.135427519970108
cifar100,raspi4_latency,ga_only,68.38666534423828,14.423307999968529
cifar100,raspi4_latency,ga_only,68.38666534423828,14.423307999968529
cifar100,raspi4_latency,ga_only,68.38666534423828,14.423307999968529
cifar100,raspi4_latency,ga_only,68.38666534423828,14.423307999968529
cifar100,raspi4_latency,ga_only,68.38666534423828,14.423307999968529
cifar100,raspi4_latency,ga_only,68.38666534423828,14.423307999968529
cifar100,raspi4_latency,ga_only,68.38666534423828,14.423307999968529
cifar100,raspi4_latency,ga_only,68.38666534423828,14.423307999968529
cifar100,raspi4_latency,ga_only,68.38666534423828,14.423307999968529
cifar100,raspi4_latency,ga_only,68.38666534423828,14.423307999968529
cifar100,raspi4_latency,ga_only,68.38666534423828,14.423307999968529
cifar100,raspi4_latency,ga_only,68.38666534423828,14.423307999968529
cifar100,raspi4_latency,ga_only,68.38666534423828,14.423307999968529
cifar100,raspi4_latency,ga_only,68.4800033569336,16.93290941999294
cifar100,raspi4_latency,ga_only,68.4800033569336,16.93290941999294
cifar100,raspi4_latency,ga_only,68.4800033569336,16.93290941999294
cifar100,raspi4_latency,ga_only,68.4800033569336,16.93290941999294
cifar100,raspi4_latency,ga_only,68.4800033569336,16.93290941999294
cifar100,raspi4_latency,ga_only,69.19000244140625,19.111843919963576
cifar100,raspi4_latency,ga_only,69.19000244140625,19.111843919963576
cifar100,raspi4_latency,ga_only,69.19000244140625,19.111843919963576
cifar100,raspi4_latency,ga_only,69.33999633789062,19.21187900006771
cifar100,raspi4_latency,ga_only,69.33999633789062,19.21187900006771
cifar100,raspi4_latency,ga_only,69.33999633789062,19.21187900006771
cifar100,raspi4_latency,ga_only,69.33999633789062,19.21187900006771
cifar100,raspi4_latency,ga_only,69.33999633789062,19.21187900006771
cifar100,raspi4_latency,ga_only,69.5999984741211,19.218203380005434
cifar100,raspi4_latency,ga_only,69.5999984741211,19.218203380005434
cifar100,raspi4_latency,ga_only,69.5999984741211,19.218203380005434
cifar100,raspi4_latency,ga_only,69.5999984741211,19.218203380005434
cifar100,raspi4_latency,ga_only,69.5999984741211,19.218203380005434
cifar100,raspi4_latency,ga_only,69.5999984741211,19.218203380005434
cifar100,raspi4_latency,ga_only,69.5999984741211,19.218203380005434
cifar100,raspi4_latency,ga_only,69.5999984741211,19.218203380005434
cifar100,raspi4_latency,ga_only,69.5999984741211,19.218203380005434
cifar100,raspi4_latency,ga_only,69.5999984741211,19.218203380005434
cifar100,raspi4_latency,ga_only,69.5999984741211,19.218203380005434
cifar100,raspi4_latency,ga_only,69.5999984741211,19.218203380005434
cifar100,raspi4_latency,ga_only,69.5999984741211,19.218203380005434
cifar100,raspi4_latency,ga_only,69.5999984741211,19.218203380005434
cifar100,raspi4_latency,ga_only,69.5999984741211,19.218203380005434
cifar100,raspi4_latency,ga_only,69.5999984741211,19.218203380005434
cifar100,raspi4_latency,ga_only,69.5999984741211,19.218203380005434
cifar100,raspi4_latency,ga_only,69.9000015258789,19.916142180009047
cifar100,raspi4_latency,ga_only,69.9000015258789,19.916142180009047
cifar100,raspi4_latency,ga_only,69.9000015258789,19.916142180009047
cifar100,raspi4_latency,ga_only,69.9000015258789,19.916142180009047
cifar100,raspi4_latency,ga_only,69.9000015258789,19.916142180009047
cifar100,raspi4_latency,ga_only,69.9000015258789,19.916142180009047
cifar100,raspi4_latency,ga_only,69.9000015258789,19.916142180009047
cifar100,raspi4_latency,ga_only,69.9000015258789,19.916142180009047
cifar100,raspi4_latency,ga_only,69.9000015258789,19.916142180009047
cifar100,raspi4_latency,ga_only,69.9000015258789,19.916142180009047
cifar100,raspi4_latency,ga_only,69.9000015258789,19.916142180009047
cifar100,raspi4_latency,ga_only,69.9000015258789,19.916142180009047
cifar100,raspi4_latency,ga_only,69.9000015258789,19.916142180009047
cifar100,raspi4_latency,ga_only,69.9000015258789,19.916142180009047
cifar100,raspi4_latency,ga_only,69.9000015258789,19.916142180009047
cifar100,raspi4_latency,ga_only,69.9000015258789,19.916142180009047
cifar100,raspi4_latency,ga_only,69.9000015258789,19.916142180009047
cifar100,raspi4_latency,ga_only,69.9000015258789,19.916142180009047
cifar100,raspi4_latency,ga_only,69.9000015258789,19.916142180009047
cifar100,raspi4_latency,ga_only,69.9000015258789,19.916142180009047
cifar100,raspi4_latency,ga_only,69.9000015258789,19.916142180009047
cifar100,raspi4_latency,ga_only,69.9000015258789,19.916142180009047
cifar100,raspi4_latency,ga_only,69.9000015258789,19.916142180009047
cifar100,raspi4_latency,ga_only,69.9000015258789,19.916142180009047
cifar100,raspi4_latency,ga_only,69.9000015258789,19.916142180009047
cifar100,raspi4_latency,ga_only,69.9000015258789,19.916142180009047
cifar100,raspi4_latency,ga_only,69.9000015258789,19.916142180009047
cifar100,raspi4_latency,ga_only,69.9000015258789,19.916142180009047
cifar100,raspi4_latency,ga_only,69.9000015258789,19.916142180009047
cifar100,raspi4_latency,ga_only,69.9000015258789,19.916142180009047
cifar100,raspi4_latency,ga_only,69.9000015258789,19.916142180009047
cifar100,raspi4_latency,ga_only,69.9000015258789,19.916142180009047
cifar100,raspi4_latency,ga_only,69.9000015258789,19.916142180009047
cifar100,raspi4_latency,ga_only,69.9000015258789,19.916142180009047
cifar100,raspi4_latency,ga_only,69.9000015258789,19.916142180009047
cifar100,raspi4_latency,ga_only,69.9000015258789,19.916142180009047
cifar100,raspi4_latency,ga_only,69.9000015258789,19.916142180009047
cifar100,raspi4_latency,ga_only,69.9000015258789,19.916142180009047
cifar100,raspi4_latency,ga_only,69.9000015258789,19.916142180009047
cifar100,raspi4_latency,ga_only,69.9000015258789,19.916142180009047
cifar100,raspi4_latency,ga_only,69.9000015258789,19.916142180009047
cifar100,raspi4_latency,ga_only,69.9000015258789,19.916142180009047
cifar100,raspi4_latency,ga_only,69.9000015258789,19.916142180009047
cifar100,raspi4_latency,ga_only,69.9000015258789,19.916142180009047
cifar100,raspi4_latency,ga_only,69.9000015258789,19.916142180009047
cifar100,raspi4_latency,ga_only,69.9000015258789,19.916142180009047
cifar100,raspi4_latency,ga_only,69.9000015258789,19.916142180009047
cifar100,raspi4_latency,ga_only,69.9000015258789,19.916142180009047
cifar100,raspi4_latency,ga_only,69.9000015258789,19.916142180009047
cifar100,raspi4_latency,ga_only,69.9000015258789,19.916142180009047
cifar100,raspi4_latency,ga_only,69.9000015258789,19.916142180009047
cifar100,raspi4_latency,ga_only,69.9000015258789,19.916142180009047
cifar100,raspi4_latency,ga_only,69.9000015258789,19.916142180009047
cifar100,raspi4_latency,ga_only,69.9000015258789,19.916142180009047
cifar100,raspi4_latency,ga_only,69.9000015258789,19.916142180009047
cifar100,raspi4_latency,ga_only,69.9000015258789,19.916142180009047
cifar100,raspi4_latency,ga_only,69.9000015258789,19.916142180009047
cifar100,raspi4_latency,ga_only,69.9000015258789,19.916142180009047
cifar100,raspi4_latency,ga_only,69.9000015258789,19.916142180009047
cifar100,raspi4_latency,ga_only,69.9000015258789,19.916142180009047
cifar100,raspi4_latency,ga_only,69.9000015258789,19.916142180009047
cifar100,raspi4_latency,ga_only,69.9000015258789,19.916142180009047
cifar100,raspi4_latency,ga_only,69.9000015258789,19.916142180009047
cifar100,raspi4_latency,ga_only,69.9000015258789,19.916142180009047
cifar100,raspi4_latency,ga_only,69.9000015258789,19.916142180009047
cifar100,raspi4_latency,ga_only,69.9000015258789,19.916142180009047
cifar100,raspi4_latency,ga_only,69.9000015258789,19.916142180009047
cifar100,raspi4_latency,ga_only,69.9000015258789,19.916142180009047
cifar100,raspi4_latency,ga_only,69.9000015258789,19.916142180009047
cifar100,raspi4_latency,ga_only,69.9000015258789,19.916142180009047
cifar100,raspi4_latency,ga_only,69.9000015258789,19.916142180009047
cifar100,raspi4_latency,ga_only,69.9000015258789,19.916142180009047
cifar100,raspi4_latency,ga_only,69.9000015258789,19.916142180009047
cifar100,raspi4_latency,ga_only,69.9000015258789,19.916142180009047
cifar100,raspi4_latency,ga_only,69.9000015258789,19.916142180009047
cifar100,raspi4_latency,ga_only,69.9000015258789,19.916142180009047
cifar100,raspi4_latency,ga_only,69.9000015258789,19.916142180009047
cifar100,raspi4_latency,ga_only,69.9000015258789,19.916142180009047
cifar100,raspi4_latency,ga_only,69.9000015258789,19.916142180009047
cifar100,raspi4_latency,ga_only,69.9000015258789,19.916142180009047
cifar100,raspi4_latency,ga_only,69.9000015258789,19.916142180009047
cifar100,raspi4_latency,ga_only,69.9000015258789,19.916142180009047
cifar100,raspi4_latency,ga_only,69.9000015258789,19.916142180009047
cifar100,raspi4_latency,ga_only,69.9000015258789,19.916142180009047
cifar100,raspi4_latency,ga_only,69.9000015258789,19.916142180009047
cifar100,raspi4_latency,ga_only,69.9000015258789,19.916142180009047
cifar100,raspi4_latency,ga_only,69.9000015258789,19.916142180009047
cifar100,raspi4_latency,ga_only,69.9000015258789,19.916142180009047
cifar100,raspi4_latency,ga_only,69.9000015258789,19.916142180009047
cifar100,raspi4_latency,ga_only,69.9000015258789,19.916142180009047
cifar100,raspi4_latency,ga_only,69.9000015258789,19.916142180009047
cifar100,raspi4_latency,ga_only,69.9000015258789,19.916142180009047
cifar100,raspi4_latency,ga_only,69.9000015258789,19.916142180009047
cifar100,raspi4_latency,ga_only,69.9000015258789,19.916142180009047
cifar100,raspi4_latency,ga_only,69.9000015258789,19.916142180009047
cifar100,raspi4_latency,ga_only,69.9000015258789,19.916142180009047
cifar100,raspi4_latency,ga_only,69.9000015258789,19.916142180009047
cifar100,raspi4_latency,ga_only,69.9000015258789,19.916142180009047
cifar100,raspi4_latency,ga_only,69.9000015258789,19.916142180009047
cifar100,raspi4_latency,ga_only,69.9000015258789,19.916142180009047
cifar100,raspi4_latency,ga_only,69.9000015258789,19.916142180009047
cifar100,raspi4_latency,ga_only,69.9000015258789,19.916142180009047
cifar100,raspi4_latency,ga_only,69.9000015258789,19.916142180009047
cifar100,raspi4_latency,ga_only,69.9000015258789,19.916142180009047
cifar100,raspi4_latency,ga_only,69.9000015258789,19.916142180009047
cifar100,raspi4_latency,ga_only,69.9000015258789,19.916142180009047
cifar100,raspi4_latency,ga_only,69.9000015258789,19.916142180009047
cifar100,raspi4_latency,ga_only,69.9000015258789,19.916142180009047
cifar100,raspi4_latency,ga_only,70.0,21.5061619199696
cifar100,raspi4_latency,ga_only,70.0,21.5061619199696
cifar100,raspi4_latency,ga_only,70.0,21.5061619199696
cifar100,raspi4_latency,ga_only,70.0,21.5061619199696
cifar100,raspi4_latency,ga_only,70.0,21.5061619199696
cifar100,raspi4_latency,ga_only,70.0,21.5061619199696
cifar100,raspi4_latency,ga_only,70.0,21.5061619199696
cifar100,raspi4_latency,ga_only,70.0,21.5061619199696
cifar100,raspi4_latency,ga_only,70.0,21.5061619199696
cifar100,raspi4_latency,ga_only,70.0,21.5061619199696
cifar100,raspi4_latency,ga_only,70.0,21.5061619199696
cifar100,raspi4_latency,ga_only,70.0,21.5061619199696
cifar100,raspi4_latency,ga_only,70.0,21.5061619199696
cifar100,raspi4_latency,ga_only,70.0,21.5061619199696
cifar100,raspi4_latency,ga_only,70.0,21.5061619199696
cifar100,raspi4_latency,ga_only,70.0,21.5061619199696
cifar100,raspi4_latency,ga_only,70.0,21.5061619199696
cifar100,raspi4_latency,ga_only,70.0,21.5061619199696
cifar100,raspi4_latency,ga_only,70.0,21.5061619199696
cifar100,raspi4_latency,ga_only,70.0,21.5061619199696
cifar100,raspi4_latency,ga_only,70.0,21.5061619199696
cifar100,raspi4_latency,ga_only,70.0,21.5061619199696
cifar100,raspi4_latency,ga_only,70.0,21.5061619199696
cifar100,raspi4_latency,ga_only,70.0,21.5061619199696
cifar100,raspi4_latency,ga_only,70.0,21.5061619199696
cifar100,raspi4_latency,ga_only,70.0,21.5061619199696
cifar100,raspi4_latency,ga_only,70.0,21.5061619199696
cifar100,raspi4_latency,ga_only,70.0,21.5061619199696
cifar100,raspi4_latency,ga_only,70.0,21.5061619199696
cifar100,raspi4_latency,ga_only,70.0,21.5061619199696
cifar100,raspi4_latency,ga_only,70.09333038330078,21.603349200013326
cifar100,raspi4_latency,ga_only,70.09333038330078,21.603349200013326
cifar100,raspi4_latency,ga_only,70.09333038330078,21.603349200013326
cifar100,raspi4_latency,ga_only,70.09333038330078,21.603349200013326
cifar100,raspi4_latency,ga_only,70.09333038330078,21.603349200013326
cifar100,raspi4_latency,ga_only,70.09333038330078,21.603349200013326
cifar100,raspi4_latency,ga_only,70.09333038330078,21.603349200013326
cifar100,raspi4_latency,ga_only,70.09333038330078,21.603349200013326
cifar100,raspi4_latency,ga_only,70.09333038330078,21.603349200013326
cifar100,raspi4_latency,ga_only,70.86000061035156,21.809428999986267
cifar100,raspi4_latency,ga_only,70.86000061035156,21.809428999986267
cifar100,raspi4_latency,ga_only,70.86000061035156,21.809428999986267
cifar100,raspi4_latency,ga_only,70.86000061035156,21.809428999986267
cifar100,raspi4_latency,ga_only,70.86000061035156,21.809428999986267
cifar100,raspi4_latency,ga_only,70.86000061035156,21.809428999986267
cifar100,raspi4_latency,ga_only,70.86000061035156,21.809428999986267
cifar100,raspi4_latency,ga_only,70.86000061035156,21.809428999986267
cifar100,raspi4_latency,ga_only,70.86000061035156,21.809428999986267
cifar100,raspi4_latency,ga_only,70.86000061035156,21.809428999986267
cifar100,raspi4_latency,ga_only,70.86000061035156,21.809428999986267
cifar100,raspi4_latency,ga_only,70.87000274658203,23.08183540008031
cifar100,raspi4_latency,ga_only,71.62999725341797,24.195029300026363
cifar100,raspi4_latency,ga_only,71.62999725341797,24.195029300026363
cifar100,raspi4_latency,ga_only,71.62999725341797,24.195029300026363
cifar100,raspi4_latency,ga_only,71.62999725341797,24.195029300026363
cifar100,raspi4_latency,ga_only,71.62999725341797,24.195029300026363
cifar100,raspi4_latency,ga_only,71.62999725341797,24.195029300026363
cifar100,raspi4_latency,ga_only,71.62999725341797,24.195029300026363
cifar100,raspi4_latency,ga_only,71.62999725341797,24.195029300026363
cifar100,raspi4_latency,ga_only,71.62999725341797,24.195029300026363
cifar100,raspi4_latency,ga_only,71.62999725341797,24.195029300026363
cifar100,raspi4_latency,ga_only,71.62999725341797,24.195029300026363
cifar100,raspi4_latency,ga_only,72.27999877929688,36.371254099940415
cifar100,raspi4_latency,ga_only,72.27999877929688,36.371254099940415
cifar100,raspi4_latency,ga_only,72.27999877929688,36.371254099940415
cifar100,raspi4_latency,ga_only,72.36000061035156,39.34586738003418
cifar100,raspi4_latency,ga_only,72.36000061035156,39.34586738003418
cifar100,raspi4_latency,ga_only,72.36000061035156,39.34586738003418
cifar100,raspi4_latency,ga_only,72.43000030517578,43.01757331995759
cifar100,raspi4_latency,ga_only,72.43000030517578,43.01757331995759
cifar100,raspi4_latency,ga_only,72.43000030517578,43.01757331995759
cifar100,raspi4_latency,ga_only,72.56666564941406,54.353985419875244
cifar100,raspi4_latency,ga_only,72.56666564941406,54.353985419875244
cifar100,raspi4_latency,ga_only,72.56666564941406,54.353985419875244
cifar100,raspi4_latency,ga_only,73.4800033569336,55.0295181000547
cifar100,raspi4_latency,ga_only,73.4800033569336,55.0295181000547
cifar100,raspi4_latency,ga_only,73.4800033569336,55.0295181000547
cifar100,raspi4_latency,ga_only,73.4800033569336,55.0295181000547
cifar100,raspi4_latency,ga_only,73.4800033569336,55.0295181000547
cifar100,eyeriss_latency,ga_only,58.4466667175293,1.68256
cifar100,eyeriss_latency,ga_only,58.4466667175293,1.68256
cifar100,eyeriss_latency,ga_only,58.4466667175293,1.68256
cifar100,eyeriss_latency,ga_only,64.44000244140625,1.9283200000000003
cifar100,eyeriss_latency,ga_only,64.44000244140625,1.9283200000000003
cifar100,eyeriss_latency,ga_only,64.44000244140625,1.9283200000000003
cifar100,eyeriss_latency,ga_only,64.44000244140625,1.9283200000000003
cifar100,eyeriss_latency,ga_only,64.44000244140625,1.9283200000000003
cifar100,eyeriss_latency,ga_only,64.44000244140625,1.9283200000000003
cifar100,eyeriss_latency,ga_only,64.44000244140625,1.9283200000000003
cifar100,eyeriss_latency,ga_only,66.96666717529297,2.1740800000000005
cifar100,eyeriss_latency,ga_only,66.96666717529297,2.1740800000000005
cifar100,eyeriss_latency,ga_only,66.96666717529297,2.1740800000000005
cifar100,eyeriss_latency,ga_only,66.96666717529297,2.1740800000000005
cifar100,eyeriss_latency,ga_only,66.96666717529297,2.1740800000000005
cifar100,eyeriss_latency,ga_only,66.96666717529297,2.1740800000000005
cifar100,eyeriss_latency,ga_only,66.96666717529297,2.1740800000000005
cifar100,eyeriss_latency,ga_only,66.96666717529297,2.1740800000000005
cifar100,eyeriss_latency,ga_only,66.96666717529297,2.1740800000000005
cifar100,eyeriss_latency,ga_only,66.96666717529297,2.1740800000000005
cifar100,eyeriss_latency,ga_only,66.96666717529297,2.1740800000000005
cifar100,eyeriss_latency,ga_only,66.96666717529297,2.1740800000000005
cifar100,eyeriss_latency,ga_only,66.96666717529297,2.1740800000000005
cifar100,eyeriss_latency,ga_only,66.96666717529297,2.1740800000000005
cifar100,eyeriss_latency,ga_only,66.96666717529297,2.1740800000000005
cifar100,eyeriss_latency,ga_only,66.96666717529297,2.1740800000000005
cifar100,eyeriss_latency,ga_only,66.96666717529297,2.1740800000000005
cifar100,eyeriss_latency,ga_only,66.96666717529297,2.1740800000000005
cifar100,eyeriss_latency,ga_only,66.96666717529297,2.1740800000000005
cifar100,eyeriss_latency,ga_only,66.96666717529297,2.1740800000000005
cifar100,eyeriss_latency,ga_only,66.96666717529297,2.1740800000000005
cifar100,eyeriss_latency,ga_only,66.96666717529297,2.1740800000000005
cifar100,eyeriss_latency,ga_only,66.96666717529297,2.1740800000000005
cifar100,eyeriss_latency,ga_only,66.96666717529297,2.1740800000000005
cifar100,eyeriss_latency,ga_only,66.96666717529297,2.1740800000000005
cifar100,eyeriss_latency,ga_only,66.96666717529297,2.1740800000000005
cifar100,eyeriss_latency,ga_only,66.96666717529297,2.1740800000000005
cifar100,eyeriss_latency,ga_only,66.96666717529297,2.1740800000000005
cifar100,eyeriss_latency,ga_only,66.96666717529297,2.1740800000000005
cifar100,eyeriss_latency,ga_only,66.96666717529297,2.1740800000000005
cifar100,eyeriss_latency,ga_only,66.96666717529297,2.1740800000000005
cifar100,eyeriss_latency,ga_only,66.96666717529297,2.1740800000000005
cifar100,eyeriss_latency,ga_only,66.96666717529297,2.1740800000000005
cifar100,eyeriss_latency,ga_only,66.96666717529297,2.1740800000000005
cifar100,eyeriss_latency,ga_only,66.96666717529297,2.1740800000000005
cifar100,eyeriss_latency,ga_only,66.96666717529297,2.1740800000000005
cifar100,eyeriss_latency,ga_only,66.96666717529297,2.1740800000000005
cifar100,eyeriss_latency,ga_only,67.59333038330078,2.4198400000000007
cifar100,eyeriss_latency,ga_only,67.59333038330078,2.4198400000000007
cifar100,eyeriss_latency,ga_only,67.59333038330078,2.4198400000000007
cifar100,eyeriss_latency,ga_only,67.59333038330078,2.4198400000000007
cifar100,eyeriss_latency,ga_only,67.59333038330078,2.4198400000000007
cifar100,eyeriss_latency,ga_only,67.59333038330078,2.4198400000000007
cifar100,eyeriss_latency,ga_only,67.59333038330078,2.4198400000000007
cifar100,eyeriss_latency,ga_only,67.59333038330078,2.4198400000000007
cifar100,eyeriss_latency,ga_only,67.59333038330078,2.4198400000000007
cifar100,eyeriss_latency,ga_only,67.59333038330078,2.4198400000000007
cifar100,eyeriss_latency,ga_only,67.59333038330078,2.4198400000000007
cifar100,eyeriss_latency,ga_only,67.59333038330078,2.4198400000000007
cifar100,eyeriss_latency,ga_only,67.59333038330078,2.4198400000000007
cifar100,eyeriss_latency,ga_only,67.59333038330078,2.4198400000000007
cifar100,eyeriss_latency,ga_only,67.59333038330078,2.4198400000000007
cifar100,eyeriss_latency,ga_only,67.59333038330078,2.4198400000000007
cifar100,eyeriss_latency,ga_only,67.59333038330078,2.4198400000000007
cifar100,eyeriss_latency,ga_only,68.4800033569336,2.6656000000000013
cifar100,eyeriss_latency,ga_only,68.4800033569336,2.6656000000000013
cifar100,eyeriss_latency,ga_only,68.4800033569336,2.6656000000000013
cifar100,eyeriss_latency,ga_only,68.4800033569336,2.6656000000000013
cifar100,eyeriss_latency,ga_only,68.4800033569336,2.6656000000000013
cifar100,eyeriss_latency,ga_only,68.4800033569336,2.6656000000000013
cifar100,eyeriss_latency,ga_only,68.4800033569336,2.6656000000000013
cifar100,eyeriss_latency,ga_only,68.4800033569336,2.6656000000000013
cifar100,eyeriss_latency,ga_only,68.4800033569336,2.6656000000000013
cifar100,eyeriss_latency,ga_only,68.4800033569336,2.6656000000000013
cifar100,eyeriss_latency,ga_only,68.4800033569336,2.6656000000000013
cifar100,eyeriss_latency,ga_only,68.4800033569336,2.6656000000000013
cifar100,eyeriss_latency,ga_only,68.4800033569336,2.6656000000000013
cifar100,eyeriss_latency,ga_only,68.4800033569336,2.6656000000000013
cifar100,eyeriss_latency,ga_only,68.4800033569336,2.6656000000000013
cifar100,eyeriss_latency,ga_only,68.4800033569336,2.6656000000000013
cifar100,eyeriss_latency,ga_only,68.4800033569336,2.6656000000000013
cifar100,eyeriss_latency,ga_only,68.4800033569336,2.6656000000000013
cifar100,eyeriss_latency,ga_only,68.4800033569336,2.6656000000000013
cifar100,eyeriss_latency,ga_only,68.4800033569336,2.6656000000000013
cifar100,eyeriss_latency,ga_only,68.4800033569336,2.6656000000000013
cifar100,eyeriss_latency,ga_only,68.4800033569336,2.6656000000000013
cifar100,eyeriss_latency,ga_only,68.4800033569336,2.6656000000000013
cifar100,eyeriss_latency,ga_only,68.4800033569336,2.6656000000000013
cifar100,eyeriss_latency,ga_only,68.4800033569336,2.6656000000000013
cifar100,eyeriss_latency,ga_only,68.4800033569336,2.6656000000000013
cifar100,eyeriss_latency,ga_only,68.4800033569336,2.6656000000000013
cifar100,eyeriss_latency,ga_only,68.4800033569336,2.6656000000000013
cifar100,eyeriss_latency,ga_only,68.4800033569336,2.6656000000000013
cifar100,eyeriss_latency,ga_only,68.4800033569336,2.6656000000000013
cifar100,eyeriss_latency,ga_only,68.4800033569336,2.6656000000000013
cifar100,eyeriss_latency,ga_only,68.4800033569336,2.6656000000000013
cifar100,eyeriss_latency,ga_only,68.4800033569336,2.6656000000000013
cifar100,eyeriss_latency,ga_only,68.4800033569336,2.6656000000000013
cifar100,eyeriss_latency,ga_only,68.4800033569336,2.6656000000000013
cifar100,eyeriss_latency,ga_only,68.4800033569336,2.6656000000000013
cifar100,eyeriss_latency,ga_only,68.4800033569336,2.6656000000000013
cifar100,eyeriss_latency,ga_only,68.4800033569336,2.6656000000000013
cifar100,eyeriss_latency,ga_only,68.4800033569336,2.6656000000000013
cifar100,eyeriss_latency,ga_only,68.4800033569336,2.6656000000000013
cifar100,eyeriss_latency,ga_only,68.4800033569336,2.6656000000000013
cifar100,eyeriss_latency,ga_only,68.4800033569336,2.6656000000000013
cifar100,eyeriss_latency,ga_only,68.4800033569336,2.6656000000000013
cifar100,eyeriss_latency,ga_only,68.4800033569336,2.6656000000000013
cifar100,eyeriss_latency,ga_only,68.4800033569336,2.6656000000000013
cifar100,eyeriss_latency,ga_only,68.4800033569336,2.6656000000000013
cifar100,eyeriss_latency,ga_only,68.4800033569336,2.6656000000000013
cifar100,eyeriss_latency,ga_only,68.4800033569336,2.6656000000000013
cifar100,eyeriss_latency,ga_only,68.4800033569336,2.6656000000000013
cifar100,eyeriss_latency,ga_only,68.4800033569336,2.6656000000000013
cifar100,eyeriss_latency,ga_only,68.4800033569336,2.6656000000000013
cifar100,eyeriss_latency,ga_only,68.4800033569336,2.6656000000000013
cifar100,eyeriss_latency,ga_only,68.4800033569336,2.6656000000000013
cifar100,eyeriss_latency,ga_only,68.4800033569336,2.6656000000000013
cifar100,eyeriss_latency,ga_only,68.4800033569336,2.6656000000000013
cifar100,eyeriss_latency,ga_only,68.4800033569336,2.6656000000000013
cifar100,eyeriss_latency,ga_only,68.4800033569336,2.6656000000000013
cifar100,eyeriss_latency,ga_only,68.4800033569336,2.6656000000000013
cifar100,eyeriss_latency,ga_only,68.4800033569336,2.6656000000000013
cifar100,eyeriss_latency,ga_only,68.4800033569336,2.6656000000000013
cifar100,eyeriss_latency,ga_only,68.4800033569336,2.6656000000000013
cifar100,eyeriss_latency,ga_only,68.4800033569336,2.6656000000000013
cifar100,eyeriss_latency,ga_only,68.4800033569336,2.6656000000000013
cifar100,eyeriss_latency,ga_only,68.4800033569336,2.6656000000000013
cifar100,eyeriss_latency,ga_only,68.4800033569336,2.6656000000000013
cifar100,eyeriss_latency,ga_only,68.4800033569336,2.6656000000000013
cifar100,eyeriss_latency,ga_only,68.4800033569336,2.6656000000000013
cifar100,eyeriss_latency,ga_only,68.4800033569336,2.6656000000000013
cifar100,eyeriss_latency,ga_only,68.4800033569336,2.6656000000000013
cifar100,eyeriss_latency,ga_only,68.4800033569336,2.6656000000000013
cifar100,eyeriss_latency,ga_only,68.4800033569336,2.6656000000000013
cifar100,eyeriss_latency,ga_only,68.4800033569336,2.6656000000000013
cifar100,eyeriss_latency,ga_only,68.4800033569336,2.6656000000000013
cifar100,eyeriss_latency,ga_only,68.4800033569336,2.6656000000000013
cifar100,eyeriss_latency,ga_only,68.4800033569336,2.6656000000000013
cifar100,eyeriss_latency,ga_only,68.4800033569336,2.6656000000000013
cifar100,eyeriss_latency,ga_only,68.4800033569336,2.6656000000000013
cifar100,eyeriss_latency,ga_only,68.4800033569336,2.6656000000000013
cifar100,eyeriss_latency,ga_only,68.4800033569336,2.6656000000000013
cifar100,eyeriss_latency,ga_only,68.4800033569336,2.6656000000000013
cifar100,eyeriss_latency,ga_only,68.4800033569336,2.6656000000000013
cifar100,eyeriss_latency,ga_only,68.4800033569336,2.6656000000000013
cifar100,eyeriss_latency,ga_only,68.4800033569336,2.6656000000000013
cifar100,eyeriss_latency,ga_only,68.4800033569336,2.6656000000000013
cifar100,eyeriss_latency,ga_only,68.4800033569336,2.6656000000000013
cifar100,eyeriss_latency,ga_only,68.4800033569336,2.6656000000000013
cifar100,eyeriss_latency,ga_only,68.4800033569336,2.6656000000000013
cifar100,eyeriss_latency,ga_only,68.4800033569336,2.6656000000000013
cifar100,eyeriss_latency,ga_only,68.4800033569336,2.6656000000000013
cifar100,eyeriss_latency,ga_only,68.4800033569336,2.6656000000000013
cifar100,eyeriss_latency,ga_only,68.4800033569336,2.6656000000000013
cifar100,eyeriss_latency,ga_only,68.4800033569336,2.6656000000000013
cifar100,eyeriss_latency,ga_only,68.4800033569336,2.6656000000000013
cifar100,eyeriss_latency,ga_only,68.4800033569336,2.6656000000000013
cifar100,eyeriss_latency,ga_only,68.4800033569336,2.6656000000000013
cifar100,eyeriss_latency,ga_only,68.4800033569336,2.6656000000000013
cifar100,eyeriss_latency,ga_only,68.4800033569336,2.6656000000000013
cifar100,eyeriss_latency,ga_only,68.4800033569336,2.6656000000000013
cifar100,eyeriss_latency,ga_only,68.4800033569336,2.6656000000000013
cifar100,eyeriss_latency,ga_only,68.4800033569336,2.6656000000000013
cifar100,eyeriss_latency,ga_only,68.4800033569336,2.6656000000000013
cifar100,eyeriss_latency,ga_only,68.4800033569336,2.6656000000000013
cifar100,eyeriss_latency,ga_only,68.4800033569336,2.6656000000000013
cifar100,eyeriss_latency,ga_only,68.4800033569336,2.6656000000000013
cifar100,eyeriss_latency,ga_only,68.4800033569336,2.6656000000000013
cifar100,eyeriss_latency,ga_only,68.4800033569336,2.6656000000000013
cifar100,eyeriss_latency,ga_only,68.4800033569336,2.6656000000000013
cifar100,eyeriss_latency,ga_only,68.4800033569336,2.6656000000000013
cifar100,eyeriss_latency,ga_only,68.4800033569336,2.6656000000000013
cifar100,eyeriss_latency,ga_only,68.4800033569336,2.6656000000000013
cifar100,eyeriss_latency,ga_only,68.4800033569336,2.6656000000000013
cifar100,eyeriss_latency,ga_only,68.4800033569336,2.6656000000000013
cifar100,eyeriss_latency,ga_only,68.4800033569336,2.6656000000000013
cifar100,eyeriss_latency,ga_only,68.4800033569336,2.6656000000000013
cifar100,eyeriss_latency,ga_only,68.4800033569336,2.6656000000000013
cifar100,eyeriss_latency,ga_only,68.4800033569336,2.6656000000000013
cifar100,eyeriss_latency,ga_only,68.4800033569336,2.6656000000000013
cifar100,eyeriss_latency,ga_only,68.4800033569336,2.6656000000000013
cifar100,eyeriss_latency,ga_only,68.4800033569336,2.6656000000000013
cifar100,eyeriss_latency,ga_only,68.4800033569336,2.6656000000000013
cifar100,eyeriss_latency,ga_only,68.4800033569336,2.6656000000000013
cifar100,eyeriss_latency,ga_only,68.4800033569336,2.6656000000000013
cifar100,eyeriss_latency,ga_only,68.4800033569336,2.6656000000000013
cifar100,eyeriss_latency,ga_only,68.4800033569336,2.6656000000000013
cifar100,eyeriss_latency,ga_only,68.4800033569336,2.6656000000000013
cifar100,eyeriss_latency,ga_only,68.4800033569336,2.6656000000000013
cifar100,eyeriss_latency,ga_only,68.4800033569336,2.6656000000000013
cifar100,eyeriss_latency,ga_only,68.4800033569336,2.6656000000000013
cifar100,eyeriss_latency,ga_only,68.4800033569336,2.6656000000000013
cifar100,eyeriss_latency,ga_only,68.4800033569336,2.6656000000000013
cifar100,eyeriss_latency,ga_only,68.4800033569336,2.6656000000000013
cifar100,eyeriss_latency,ga_only,68.4800033569336,2.6656000000000013
cifar100,eyeriss_latency,ga_only,68.4800033569336,2.6656000000000013
cifar100,eyeriss_latency,ga_only,68.4800033569336,2.6656000000000013
cifar100,eyeriss_latency,ga_only,68.4800033569336,2.6656000000000013
cifar100,eyeriss_latency,ga_only,68.4800033569336,2.6656000000000013
cifar100,eyeriss_latency,ga_only,68.4800033569336,2.6656000000000013
cifar100,eyeriss_latency,ga_only,68.4800033569336,2.6656000000000013
cifar100,eyeriss_latency,ga_only,68.4800033569336,2.6656000000000013
cifar100,eyeriss_latency,ga_only,68.4800033569336,2.6656000000000013
cifar100,eyeriss_latency,ga_only,68.4800033569336,2.6656000000000013
cifar100,eyeriss_latency,ga_only,68.4800033569336,2.6656000000000013
cifar100,eyeriss_latency,ga_only,68.4800033569336,2.6656000000000013
cifar100,eyeriss_latency,ga_only,68.4800033569336,2.6656000000000013
cifar100,eyeriss_latency,ga_only,68.4800033569336,2.6656000000000013
cifar100,eyeriss_latency,ga_only,68.4800033569336,2.6656000000000013
cifar100,eyeriss_latency,ga_only,68.4800033569336,2.6656000000000013
cifar100,eyeriss_latency,ga_only,68.4800033569336,2.6656000000000013
cifar100,eyeriss_latency,ga_only,68.4800033569336,2.6656000000000013
cifar100,eyeriss_latency,ga_only,68.4800033569336,2.6656000000000013
cifar100,eyeriss_latency,ga_only,68.4800033569336,2.6656000000000013
cifar100,eyeriss_latency,ga_only,68.4800033569336,2.6656000000000013
cifar100,eyeriss_latency,ga_only,68.4800033569336,2.6656000000000013
cifar100,eyeriss_latency,ga_only,68.4800033569336,2.6656000000000013
cifar100,eyeriss_latency,ga_only,68.4800033569336,2.6656000000000013
cifar100,eyeriss_latency,ga_only,68.4800033569336,2.6656000000000013
cifar100,eyeriss_latency,ga_only,68.4800033569336,2.6656000000000013
cifar100,eyeriss_latency,ga_only,68.4800033569336,2.6656000000000013
cifar100,eyeriss_latency,ga_only,68.4800033569336,2.6656000000000013
cifar100,eyeriss_latency,ga_only,68.4800033569336,2.6656000000000013
cifar100,eyeriss_latency,ga_only,68.4800033569336,2.6656000000000013
cifar100,eyeriss_latency,ga_only,68.4800033569336,2.6656000000000013
cifar100,eyeriss_latency,ga_only,68.4800033569336,2.6656000000000013
cifar100,eyeriss_latency,ga_only,68.4800033569336,2.6656000000000013
cifar100,eyeriss_latency,ga_only,68.4800033569336,2.6656000000000013
cifar100,eyeriss_latency,ga_only,68.4800033569336,2.6656000000000013
cifar100,eyeriss_latency,ga_only,68.4800033569336,2.6656000000000013
cifar100,eyeriss_latency,ga_only,68.4800033569336,2.6656000000000013
cifar100,eyeriss_latency,ga_only,68.4800033569336,2.6656000000000013
cifar100,eyeriss_latency,ga_only,68.4800033569336,2.6656000000000013
cifar100,eyeriss_latency,ga_only,68.4800033569336,2.6656000000000013
cifar100,eyeriss_latency,ga_only,68.4800033569336,2.6656000000000013
cifar100,eyeriss_latency,ga_only,68.4800033569336,2.6656000000000013
cifar100,eyeriss_latency,ga_only,68.4800033569336,2.6656000000000013
cifar100,eyeriss_latency,ga_only,68.4800033569336,2.6656000000000013
cifar100,eyeriss_latency,ga_only,68.4800033569336,2.6656000000000013
cifar100,eyeriss_latency,ga_only,68.4800033569336,2.6656000000000013
cifar100,eyeriss_latency,ga_only,68.4800033569336,2.6656000000000013
cifar100,eyeriss_latency,ga_only,68.4800033569336,2.6656000000000013
cifar100,eyeriss_latency,ga_only,68.4800033569336,2.6656000000000013
cifar100,eyeriss_latency,ga_only,68.4800033569336,2.6656000000000013
cifar100,eyeriss_latency,ga_only,68.4800033569336,2.6656000000000013
cifar100,eyeriss_latency,ga_only,68.4800033569336,2.6656000000000013
cifar100,eyeriss_latency,ga_only,68.4800033569336,2.6656000000000013
cifar100,eyeriss_latency,ga_only,68.4800033569336,2.6656000000000013
cifar100,eyeriss_latency,ga_only,68.4800033569336,2.6656000000000013
cifar100,eyeriss_latency,ga_only,68.4800033569336,2.6656000000000013
cifar100,eyeriss_latency,ga_only,68.4800033569336,2.6656000000000013
cifar100,eyeriss_latency,ga_only,68.4800033569336,2.6656000000000013
cifar100,eyeriss_latency,ga_only,68.4800033569336,2.6656000000000013
cifar100,eyeriss_latency,ga_only,68.4800033569336,2.6656000000000013
cifar100,eyeriss_latency,ga_only,68.4800033569336,2.6656000000000013
cifar100,eyeriss_latency,ga_only,68.4800033569336,2.6656000000000013
cifar100,eyeriss_latency,ga_only,68.4800033569336,2.6656000000000013
cifar100,eyeriss_latency,ga_only,68.4800033569336,2.6656000000000013
cifar100,eyeriss_latency,ga_only,68.4800033569336,2.6656000000000013
cifar100,eyeriss_latency,ga_only,68.4800033569336,2.6656000000000013
cifar100,eyeriss_latency,ga_only,68.4800033569336,2.6656000000000013
cifar100,eyeriss_latency,ga_only,68.4800033569336,2.6656000000000013
cifar100,eyeriss_latency,ga_only,68.4800033569336,2.6656000000000013
cifar100,eyeriss_latency,ga_only,68.4800033569336,2.6656000000000013
cifar100,eyeriss_latency,ga_only,68.4800033569336,2.6656000000000013
cifar100,eyeriss_latency,ga_only,68.4800033569336,2.6656000000000013
cifar100,eyeriss_latency,ga_only,68.4800033569336,2.6656000000000013
cifar100,eyeriss_latency,ga_only,68.4800033569336,2.6656000000000013
cifar100,eyeriss_latency,ga_only,68.4800033569336,2.6656000000000013
cifar100,eyeriss_latency,ga_only,68.4800033569336,2.6656000000000013
cifar100,eyeriss_latency,ga_only,68.4800033569336,2.6656000000000013
cifar100,eyeriss_latency,ga_only,68.4800033569336,2.6656000000000013
cifar100,eyeriss_latency,ga_only,68.4800033569336,2.6656000000000013
cifar100,eyeriss_latency,ga_only,68.4800033569336,2.6656000000000013
cifar100,eyeriss_latency,ga_only,68.4800033569336,2.6656000000000013
cifar100,eyeriss_latency,ga_only,68.4800033569336,2.6656000000000013
cifar100,eyeriss_latency,ga_only,68.4800033569336,2.6656000000000013
cifar100,eyeriss_latency,ga_only,68.4800033569336,2.6656000000000013
cifar100,eyeriss_latency,ga_only,68.4800033569336,2.6656000000000013
cifar100,eyeriss_latency,ga_only,68.4800033569336,2.6656000000000013
cifar100,eyeriss_latency,ga_only,68.4800033569336,2.6656000000000013
cifar100,eyeriss_latency,ga_only,68.4800033569336,2.6656000000000013
cifar100,eyeriss_latency,ga_only,68.4800033569336,2.6656000000000013
cifar100,eyeriss_latency,ga_only,68.4800033569336,2.6656000000000013
cifar100,eyeriss_latency,ga_only,68.4800033569336,2.6656000000000013
cifar100,eyeriss_latency,ga_only,68.4800033569336,2.6656000000000013
cifar100,eyeriss_latency,ga_only,68.4800033569336,2.6656000000000013
cifar100,eyeriss_latency,ga_only,68.4800033569336,2.6656000000000013
cifar100,eyeriss_latency,ga_only,68.4800033569336,2.6656000000000013
cifar100,eyeriss_latency,ga_only,68.4800033569336,2.6656000000000013
cifar100,eyeriss_latency,ga_only,68.4800033569336,2.6656000000000013
cifar100,eyeriss_latency,ga_only,68.4800033569336,2.6656000000000013
cifar100,eyeriss_latency,ga_only,68.4800033569336,2.6656000000000013
cifar100,eyeriss_latency,ga_only,68.4800033569336,2.6656000000000013
cifar100,eyeriss_latency,ga_only,68.4800033569336,2.6656000000000013
cifar100,eyeriss_latency,ga_only,68.4800033569336,2.6656000000000013
cifar100,eyeriss_latency,ga_only,68.4800033569336,2.6656000000000013
cifar100,eyeriss_latency,ga_only,68.4800033569336,2.6656000000000013
cifar100,eyeriss_latency,ga_only,68.4800033569336,2.6656000000000013
cifar100,eyeriss_latency,ga_only,68.4800033569336,2.6656000000000013
cifar100,eyeriss_latency,ga_only,68.4800033569336,2.6656000000000013
cifar100,eyeriss_latency,ga_only,68.4800033569336,2.6656000000000013
cifar100,eyeriss_latency,ga_only,68.4800033569336,2.6656000000000013
cifar100,eyeriss_latency,ga_only,68.4800033569336,2.6656000000000013
cifar100,eyeriss_latency,ga_only,68.4800033569336,2.6656000000000013
cifar100,eyeriss_latency,ga_only,68.4800033569336,2.6656000000000013
cifar100,eyeriss_latency,ga_only,68.4800033569336,2.6656000000000013
cifar100,eyeriss_latency,ga_only,68.4800033569336,2.6656000000000013
cifar100,eyeriss_latency,ga_only,68.4800033569336,2.6656000000000013
cifar100,eyeriss_latency,ga_only,68.4800033569336,2.6656000000000013
cifar100,eyeriss_latency,ga_only,68.4800033569336,2.6656000000000013
cifar100,eyeriss_latency,ga_only,68.4800033569336,2.6656000000000013
cifar100,eyeriss_latency,ga_only,68.4800033569336,2.6656000000000013
cifar100,eyeriss_latency,ga_only,68.4800033569336,2.6656000000000013
cifar100,eyeriss_latency,ga_only,68.4800033569336,2.6656000000000013
cifar100,eyeriss_latency,ga_only,68.4800033569336,2.6656000000000013
cifar100,eyeriss_latency,ga_only,68.4800033569336,2.6656000000000013
cifar100,eyeriss_latency,ga_only,68.4800033569336,2.6656000000000013
cifar100,eyeriss_latency,ga_only,68.4800033569336,2.6656000000000013
cifar100,eyeriss_latency,ga_only,68.4800033569336,2.6656000000000013
cifar100,eyeriss_latency,ga_only,68.4800033569336,2.6656000000000013
cifar100,eyeriss_latency,ga_only,68.4800033569336,2.6656000000000013
cifar100,eyeriss_latency,ga_only,68.4800033569336,2.6656000000000013
cifar100,eyeriss_latency,ga_only,68.4800033569336,2.6656000000000013
cifar100,eyeriss_latency,ga_only,68.4800033569336,2.6656000000000013
cifar100,eyeriss_latency,ga_only,68.4800033569336,2.6656000000000013
cifar100,eyeriss_latency,ga_only,68.4800033569336,2.6656000000000013
cifar100,eyeriss_latency,ga_only,68.4800033569336,2.6656000000000013
cifar100,eyeriss_latency,ga_only,68.4800033569336,2.6656000000000013
cifar100,eyeriss_latency,ga_only,68.4800033569336,2.6656000000000013
cifar100,eyeriss_latency,ga_only,68.4800033569336,2.6656000000000013
cifar100,eyeriss_latency,ga_only,68.4800033569336,2.6656000000000013
cifar100,eyeriss_latency,ga_only,68.4800033569336,2.6656000000000013
cifar100,eyeriss_latency,ga_only,68.4800033569336,2.6656000000000013
cifar100,eyeriss_latency,ga_only,68.4800033569336,2.6656000000000013
cifar100,eyeriss_latency,ga_only,68.4800033569336,2.6656000000000013
cifar100,eyeriss_latency,ga_only,68.4800033569336,2.6656000000000013
cifar100,eyeriss_latency,ga_only,68.4800033569336,2.6656000000000013
cifar100,eyeriss_latency,ga_only,68.4800033569336,2.6656000000000013
cifar100,eyeriss_latency,ga_only,68.4800033569336,2.6656000000000013
cifar100,eyeriss_latency,ga_only,68.4800033569336,2.6656000000000013
cifar100,eyeriss_latency,ga_only,68.4800033569336,2.6656000000000013
cifar100,eyeriss_latency,ga_only,68.4800033569336,2.6656000000000013
cifar100,eyeriss_latency,ga_only,68.4800033569336,2.6656000000000013
cifar100,eyeriss_latency,ga_only,68.4800033569336,2.6656000000000013
cifar100,eyeriss_latency,ga_only,68.4800033569336,2.6656000000000013
cifar100,eyeriss_latency,ga_only,68.4800033569336,2.6656000000000013
cifar100,eyeriss_latency,ga_only,68.4800033569336,2.6656000000000013
cifar100,eyeriss_latency,ga_only,68.4800033569336,2.6656000000000013
cifar100,eyeriss_latency,ga_only,68.4800033569336,2.6656000000000013
cifar100,eyeriss_latency,ga_only,68.4800033569336,2.6656000000000013
cifar100,eyeriss_latency,ga_only,68.4800033569336,2.6656000000000013
cifar100,eyeriss_latency,ga_only,68.4800033569336,2.6656000000000013
cifar100,eyeriss_latency,ga_only,68.4800033569336,2.6656000000000013
cifar100,eyeriss_latency,ga_only,68.4800033569336,2.6656000000000013
cifar100,eyeriss_latency,ga_only,68.4800033569336,2.6656000000000013
cifar100,eyeriss_latency,ga_only,68.4800033569336,2.6656000000000013
cifar100,eyeriss_latency,ga_only,68.4800033569336,2.6656000000000013
cifar100,eyeriss_latency,ga_only,68.4800033569336,2.6656000000000013
cifar100,eyeriss_latency,ga_only,68.4800033569336,2.6656000000000013
cifar100,eyeriss_latency,ga_only,68.4800033569336,2.6656000000000013
cifar100,eyeriss_latency,ga_only,68.4800033569336,2.6656000000000013
cifar100,eyeriss_latency,ga_only,68.4800033569336,2.6656000000000013
cifar100,eyeriss_latency,ga_only,68.4800033569336,2.6656000000000013
cifar100,eyeriss_latency,ga_only,68.4800033569336,2.6656000000000013
cifar100,eyeriss_latency,ga_only,68.4800033569336,2.6656000000000013
cifar100,eyeriss_latency,ga_only,68.4800033569336,2.6656000000000013
cifar100,eyeriss_latency,ga_only,68.4800033569336,2.6656000000000013
cifar100,eyeriss_latency,ga_only,68.4800033569336,2.6656000000000013
cifar100,eyeriss_latency,ga_only,68.4800033569336,2.6656000000000013
cifar100,eyeriss_latency,ga_only,68.4800033569336,2.6656000000000013
cifar100,eyeriss_latency,ga_only,68.4800033569336,2.6656000000000013
cifar100,eyeriss_latency,ga_only,68.4800033569336,2.6656000000000013
cifar100,eyeriss_latency,ga_only,68.4800033569336,2.6656000000000013
cifar100,eyeriss_latency,ga_only,68.4800033569336,2.6656000000000013
cifar100,eyeriss_latency,ga_only,68.4800033569336,2.6656000000000013
cifar100,eyeriss_latency,ga_only,68.4800033569336,2.6656000000000013
cifar100,eyeriss_latency,ga_only,68.4800033569336,2.6656000000000013
cifar100,eyeriss_latency,ga_only,68.4800033569336,2.6656000000000013
cifar100,eyeriss_latency,ga_only,68.4800033569336,2.6656000000000013
cifar100,eyeriss_latency,ga_only,68.4800033569336,2.6656000000000013
cifar100,eyeriss_latency,ga_only,68.4800033569336,2.6656000000000013
cifar100,eyeriss_latency,ga_only,68.4800033569336,2.6656000000000013
cifar100,eyeriss_latency,ga_only,68.4800033569336,2.6656000000000013
cifar100,eyeriss_latency,ga_only,68.4800033569336,2.6656000000000013
cifar100,eyeriss_latency,ga_only,68.4800033569336,2.6656000000000013
cifar100,eyeriss_latency,ga_only,68.4800033569336,2.6656000000000013
cifar100,eyeriss_latency,ga_only,68.4800033569336,2.6656000000000013
cifar100,eyeriss_latency,ga_only,68.4800033569336,2.6656000000000013
cifar100,eyeriss_latency,ga_only,68.4800033569336,2.6656000000000013
cifar100,eyeriss_latency,ga_only,68.4800033569336,2.6656000000000013
cifar100,eyeriss_latency,ga_only,68.4800033569336,2.6656000000000013
cifar100,eyeriss_latency,ga_only,68.4800033569336,2.6656000000000013
cifar100,eyeriss_latency,ga_only,68.4800033569336,2.6656000000000013
cifar100,eyeriss_latency,ga_only,68.4800033569336,2.6656000000000013
cifar100,eyeriss_latency,ga_only,68.4800033569336,2.6656000000000013
cifar100,eyeriss_latency,ga_only,68.4800033569336,2.6656000000000013
cifar100,eyeriss_latency,ga_only,68.4800033569336,2.6656000000000013
cifar100,eyeriss_latency,ga_only,68.4800033569336,2.6656000000000013
cifar100,eyeriss_latency,ga_only,68.4800033569336,2.6656000000000013
cifar100,eyeriss_latency,ga_only,68.4800033569336,2.6656000000000013
cifar100,eyeriss_latency,ga_only,68.4800033569336,2.6656000000000013
cifar100,eyeriss_latency,ga_only,68.4800033569336,2.6656000000000013
cifar100,eyeriss_latency,ga_only,68.4800033569336,2.6656000000000013
cifar100,eyeriss_latency,ga_only,68.4800033569336,2.6656000000000013
cifar100,eyeriss_latency,ga_only,68.4800033569336,2.6656000000000013
cifar100,eyeriss_latency,ga_only,68.4800033569336,2.6656000000000013
cifar100,eyeriss_latency,ga_only,68.4800033569336,2.6656000000000013
cifar100,eyeriss_latency,ga_only,68.4800033569336,2.6656000000000013
cifar100,eyeriss_latency,ga_only,68.4800033569336,2.6656000000000013
cifar100,eyeriss_latency,ga_only,68.4800033569336,2.6656000000000013
cifar100,eyeriss_latency,ga_only,68.4800033569336,2.6656000000000013
cifar100,eyeriss_latency,ga_only,68.4800033569336,2.6656000000000013
cifar100,eyeriss_latency,ga_only,68.4800033569336,2.6656000000000013
cifar100,eyeriss_latency,ga_only,68.4800033569336,2.6656000000000013
cifar100,eyeriss_latency,ga_only,68.4800033569336,2.6656000000000013
cifar100,eyeriss_latency,ga_only,68.4800033569336,2.6656000000000013
cifar100,eyeriss_latency,ga_only,68.4800033569336,2.6656000000000013
cifar100,eyeriss_latency,ga_only,68.4800033569336,2.6656000000000013
cifar100,eyeriss_latency,ga_only,68.4800033569336,2.6656000000000013
cifar100,eyeriss_latency,ga_only,68.4800033569336,2.6656000000000013
cifar100,eyeriss_latency,ga_only,68.4800033569336,2.6656000000000013
cifar100,eyeriss_latency,ga_only,68.4800033569336,2.6656000000000013
cifar100,eyeriss_latency,ga_only,68.4800033569336,2.6656000000000013
cifar100,eyeriss_latency,ga_only,68.4800033569336,2.6656000000000013
cifar100,eyeriss_latency,ga_only,68.4800033569336,2.6656000000000013
cifar100,eyeriss_latency,ga_only,68.4800033569336,2.6656000000000013
cifar100,eyeriss_latency,ga_only,68.4800033569336,2.6656000000000013
cifar100,eyeriss_latency,ga_only,68.4800033569336,2.6656000000000013
cifar100,eyeriss_latency,ga_only,68.4800033569336,2.6656000000000013
cifar100,eyeriss_latency,ga_only,68.4800033569336,2.6656000000000013
cifar100,eyeriss_latency,ga_only,68.4800033569336,2.6656000000000013
cifar100,eyeriss_latency,ga_only,68.4800033569336,2.6656000000000013
cifar100,eyeriss_latency,ga_only,68.4800033569336,2.6656000000000013
cifar100,eyeriss_latency,ga_only,68.4800033569336,2.6656000000000013
cifar100,eyeriss_latency,ga_only,68.4800033569336,2.6656000000000013
cifar100,eyeriss_latency,ga_only,68.4800033569336,2.6656000000000013
cifar100,eyeriss_latency,ga_only,68.4800033569336,2.6656000000000013
cifar100,eyeriss_latency,ga_only,68.4800033569336,2.6656000000000013
cifar100,eyeriss_latency,ga_only,68.4800033569336,2.6656000000000013
cifar100,eyeriss_latency,ga_only,68.4800033569336,2.6656000000000013
cifar100,eyeriss_latency,ga_only,68.4800033569336,2.6656000000000013
cifar100,eyeriss_latency,ga_only,68.4800033569336,2.6656000000000013
cifar100,eyeriss_latency,ga_only,68.4800033569336,2.6656000000000013
cifar100,eyeriss_latency,ga_only,68.4800033569336,2.6656000000000013
cifar100,eyeriss_latency,ga_only,68.4800033569336,2.6656000000000013
cifar100,eyeriss_latency,ga_only,68.4800033569336,2.6656000000000013
cifar100,eyeriss_latency,ga_only,68.4800033569336,2.6656000000000013
cifar100,eyeriss_latency,ga_only,68.4800033569336,2.6656000000000013
cifar100,eyeriss_latency,ga_only,68.4800033569336,2.6656000000000013
cifar100,eyeriss_latency,ga_only,68.4800033569336,2.6656000000000013
cifar100,eyeriss_latency,ga_only,68.4800033569336,2.6656000000000013
cifar100,eyeriss_latency,ga_only,68.4800033569336,2.6656000000000013
cifar100,eyeriss_latency,ga_only,68.4800033569336,2.6656000000000013
cifar100,eyeriss_latency,ga_only,68.4800033569336,2.6656000000000013
cifar100,eyeriss_latency,ga_only,68.4800033569336,2.6656000000000013
cifar100,eyeriss_latency,ga_only,68.4800033569336,2.6656000000000013
cifar100,eyeriss_latency,ga_only,68.4800033569336,2.6656000000000013
cifar100,eyeriss_latency,ga_only,68.4800033569336,2.6656000000000013
cifar100,eyeriss_latency,ga_only,68.4800033569336,2.6656000000000013
cifar100,eyeriss_latency,ga_only,68.4800033569336,2.6656000000000013
cifar100,eyeriss_latency,ga_only,68.4800033569336,2.6656000000000013
cifar100,eyeriss_latency,ga_only,68.4800033569336,2.6656000000000013
cifar100,eyeriss_latency,ga_only,68.4800033569336,2.6656000000000013
cifar100,eyeriss_latency,ga_only,68.4800033569336,2.6656000000000013
cifar100,eyeriss_latency,ga_only,68.4800033569336,2.6656000000000013
cifar100,eyeriss_latency,ga_only,68.4800033569336,2.6656000000000013
cifar100,eyeriss_latency,ga_only,68.4800033569336,2.6656000000000013
cifar100,eyeriss_latency,ga_only,68.4800033569336,2.6656000000000013
cifar100,eyeriss_latency,ga_only,68.4800033569336,2.6656000000000013
cifar100,eyeriss_latency,ga_only,68.4800033569336,2.6656000000000013
cifar100,eyeriss_latency,ga_only,68.4800033569336,2.6656000000000013
cifar100,eyeriss_latency,ga_only,68.4800033569336,2.6656000000000013
cifar100,eyeriss_latency,ga_only,68.4800033569336,2.6656000000000013
cifar100,eyeriss_latency,ga_only,68.4800033569336,2.6656000000000013
cifar100,eyeriss_latency,ga_only,68.4800033569336,2.6656000000000013
cifar100,eyeriss_latency,ga_only,68.4800033569336,2.6656000000000013
cifar100,eyeriss_latency,ga_only,68.4800033569336,2.6656000000000013
cifar100,eyeriss_latency,ga_only,68.4800033569336,2.6656000000000013
cifar100,eyeriss_latency,ga_only,68.4800033569336,2.6656000000000013
cifar100,eyeriss_latency,ga_only,68.4800033569336,2.6656000000000013
cifar100,eyeriss_latency,ga_only,68.4800033569336,2.6656000000000013
cifar100,eyeriss_latency,ga_only,68.4800033569336,2.6656000000000013
cifar100,eyeriss_latency,ga_only,68.4800033569336,2.6656000000000013
cifar100,eyeriss_latency,ga_only,68.4800033569336,2.6656000000000013
cifar100,eyeriss_latency,ga_only,68.4800033569336,2.6656000000000013
cifar100,eyeriss_latency,ga_only,68.4800033569336,2.6656000000000013
cifar100,eyeriss_latency,ga_only,68.4800033569336,2.6656000000000013
cifar100,eyeriss_latency,ga_only,68.4800033569336,2.6656000000000013
cifar100,eyeriss_latency,ga_only,68.4800033569336,2.6656000000000013
cifar100,eyeriss_latency,ga_only,68.4800033569336,2.6656000000000013
cifar100,eyeriss_latency,ga_only,68.4800033569336,2.6656000000000013
cifar100,eyeriss_latency,ga_only,68.4800033569336,2.6656000000000013
cifar100,eyeriss_latency,ga_only,68.4800033569336,2.6656000000000013
cifar100,eyeriss_latency,ga_only,68.4800033569336,2.6656000000000013
cifar100,eyeriss_latency,ga_only,68.4800033569336,2.6656000000000013
cifar100,eyeriss_latency,ga_only,68.4800033569336,2.6656000000000013
cifar100,eyeriss_latency,ga_only,68.4800033569336,2.6656000000000013
cifar100,eyeriss_latency,ga_only,68.4800033569336,2.6656000000000013
cifar100,eyeriss_latency,ga_only,68.4800033569336,2.6656000000000013
cifar100,eyeriss_latency,ga_only,68.4800033569336,2.6656000000000013
cifar100,eyeriss_latency,ga_only,68.4800033569336,2.6656000000000013
cifar100,eyeriss_latency,ga_only,68.4800033569336,2.6656000000000013
cifar100,eyeriss_latency,ga_only,68.4800033569336,2.6656000000000013
cifar100,eyeriss_latency,ga_only,68.4800033569336,2.6656000000000013
cifar100,eyeriss_latency,ga_only,68.4800033569336,2.6656000000000013
cifar100,eyeriss_latency,ga_only,68.4800033569336,2.6656000000000013
cifar100,eyeriss_latency,ga_only,68.4800033569336,2.6656000000000013
cifar100,eyeriss_latency,ga_only,68.4800033569336,2.6656000000000013
cifar100,eyeriss_latency,ga_only,68.4800033569336,2.6656000000000013
cifar100,eyeriss_latency,ga_only,68.4800033569336,2.6656000000000013
cifar100,eyeriss_latency,ga_only,68.4800033569336,2.6656000000000013
cifar100,eyeriss_latency,ga_only,68.4800033569336,2.6656000000000013
cifar100,eyeriss_latency,ga_only,68.4800033569336,2.6656000000000013
cifar100,eyeriss_latency,ga_only,68.4800033569336,2.6656000000000013
cifar100,eyeriss_latency,ga_only,68.4800033569336,2.6656000000000013
cifar100,eyeriss_latency,ga_only,68.4800033569336,2.6656000000000013
cifar100,eyeriss_latency,ga_only,68.4800033569336,2.6656000000000013
cifar100,eyeriss_latency,ga_only,68.4800033569336,2.6656000000000013
cifar100,eyeriss_latency,ga_only,68.4800033569336,2.6656000000000013
cifar100,eyeriss_latency,ga_only,68.4800033569336,2.6656000000000013
cifar100,eyeriss_latency,ga_only,68.4800033569336,2.6656000000000013
cifar100,eyeriss_latency,ga_only,68.4800033569336,2.6656000000000013
cifar100,eyeriss_latency,ga_only,68.4800033569336,2.6656000000000013
cifar100,eyeriss_latency,ga_only,68.4800033569336,2.6656000000000013
cifar100,eyeriss_latency,ga_only,68.4800033569336,2.6656000000000013
cifar100,eyeriss_latency,ga_only,68.4800033569336,2.6656000000000013
cifar100,eyeriss_latency,ga_only,68.4800033569336,2.6656000000000013
cifar100,eyeriss_latency,ga_only,68.4800033569336,2.6656000000000013
cifar100,eyeriss_latency,ga_only,68.4800033569336,2.6656000000000013
cifar100,eyeriss_latency,ga_only,68.4800033569336,2.6656000000000013
cifar100,eyeriss_latency,ga_only,68.4800033569336,2.6656000000000013
cifar100,eyeriss_latency,ga_only,68.4800033569336,2.6656000000000013
cifar100,eyeriss_latency,ga_only,68.4800033569336,2.6656000000000013
cifar100,eyeriss_latency,ga_only,68.4800033569336,2.6656000000000013
cifar100,eyeriss_latency,ga_only,68.4800033569336,2.6656000000000013
cifar100,eyeriss_latency,ga_only,68.4800033569336,2.6656000000000013
cifar100,eyeriss_latency,ga_only,68.4800033569336,2.6656000000000013
cifar100,eyeriss_latency,ga_only,68.4800033569336,2.6656000000000013
cifar100,eyeriss_latency,ga_only,68.4800033569336,2.6656000000000013
cifar100,eyeriss_latency,ga_only,68.4800033569336,2.6656000000000013
cifar100,eyeriss_latency,ga_only,68.4800033569336,2.6656000000000013
cifar100,eyeriss_latency,ga_only,68.4800033569336,2.6656000000000013
cifar100,eyeriss_latency,ga_only,68.4800033569336,2.6656000000000013
cifar100,eyeriss_latency,ga_only,68.4800033569336,2.6656000000000013
cifar100,eyeriss_latency,ga_only,68.4800033569336,2.6656000000000013
cifar100,eyeriss_latency,ga_only,68.4800033569336,2.6656000000000013
cifar100,eyeriss_latency,ga_only,68.4800033569336,2.6656000000000013
cifar100,eyeriss_latency,ga_only,68.4800033569336,2.6656000000000013
cifar100,eyeriss_latency,ga_only,68.4800033569336,2.6656000000000013
cifar100,eyeriss_latency,ga_only,68.4800033569336,2.6656000000000013
cifar100,eyeriss_latency,ga_only,68.4800033569336,2.6656000000000013
cifar100,eyeriss_latency,ga_only,68.4800033569336,2.6656000000000013
cifar100,eyeriss_latency,ga_only,68.4800033569336,2.6656000000000013
cifar100,eyeriss_latency,ga_only,68.4800033569336,2.6656000000000013
cifar100,eyeriss_latency,ga_only,68.4800033569336,2.6656000000000013
cifar100,eyeriss_latency,ga_only,68.4800033569336,2.6656000000000013
cifar100,eyeriss_latency,ga_only,68.4800033569336,2.6656000000000013
cifar100,eyeriss_latency,ga_only,68.4800033569336,2.6656000000000013
cifar100,eyeriss_latency,ga_only,68.4800033569336,2.6656000000000013
cifar100,eyeriss_latency,ga_only,68.4800033569336,2.6656000000000013
cifar100,eyeriss_latency,ga_only,68.4800033569336,2.6656000000000013
cifar100,eyeriss_latency,ga_only,68.4800033569336,2.6656000000000013
cifar100,eyeriss_latency,ga_only,68.4800033569336,2.6656000000000013
cifar100,eyeriss_latency,ga_only,68.4800033569336,2.6656000000000013
cifar100,eyeriss_latency,ga_only,68.4800033569336,2.6656000000000013
cifar100,eyeriss_latency,ga_only,68.4800033569336,2.6656000000000013
cifar100,eyeriss_latency,ga_only,68.4800033569336,2.6656000000000013
cifar100,eyeriss_latency,ga_only,68.4800033569336,2.6656000000000013
cifar100,eyeriss_latency,ga_only,68.4800033569336,2.6656000000000013
cifar100,eyeriss_latency,ga_only,68.4800033569336,2.6656000000000013
cifar100,eyeriss_latency,ga_only,68.4800033569336,2.6656000000000013
cifar100,eyeriss_latency,ga_only,68.4800033569336,2.6656000000000013
cifar100,eyeriss_latency,ga_only,68.4800033569336,2.6656000000000013
cifar100,eyeriss_latency,ga_only,68.4800033569336,2.6656000000000013
cifar100,eyeriss_latency,ga_only,68.4800033569336,2.6656000000000013
cifar100,eyeriss_latency,ga_only,68.4800033569336,2.6656000000000013
cifar100,eyeriss_latency,ga_only,68.4800033569336,2.6656000000000013
cifar100,eyeriss_latency,ga_only,68.4800033569336,2.6656000000000013
cifar100,eyeriss_latency,ga_only,68.4800033569336,2.6656000000000013
cifar100,eyeriss_latency,ga_only,68.4800033569336,2.6656000000000013
cifar100,eyeriss_latency,ga_only,68.4800033569336,2.6656000000000013
cifar100,eyeriss_latency,ga_only,68.4800033569336,2.6656000000000013
cifar100,eyeriss_latency,ga_only,68.4800033569336,2.6656000000000013
cifar100,eyeriss_latency,ga_only,68.4800033569336,2.6656000000000013
cifar100,eyeriss_latency,ga_only,68.4800033569336,2.6656000000000013
cifar100,eyeriss_latency,ga_only,68.4800033569336,2.6656000000000013
cifar100,eyeriss_latency,ga_only,68.4800033569336,2.6656000000000013
cifar100,eyeriss_latency,ga_only,68.4800033569336,2.6656000000000013
cifar100,eyeriss_latency,ga_only,68.4800033569336,2.6656000000000013
cifar100,eyeriss_latency,ga_only,68.4800033569336,2.6656000000000013
cifar100,eyeriss_latency,ga_only,68.4800033569336,2.6656000000000013
cifar100,eyeriss_latency,ga_only,68.4800033569336,2.6656000000000013
cifar100,eyeriss_latency,ga_only,68.4800033569336,2.6656000000000013
cifar100,eyeriss_latency,ga_only,68.4800033569336,2.6656000000000013
cifar100,eyeriss_latency,ga_only,68.4800033569336,2.6656000000000013
cifar100,eyeriss_latency,ga_only,68.4800033569336,2.6656000000000013
cifar100,eyeriss_latency,ga_only,68.4800033569336,2.6656000000000013
cifar100,eyeriss_latency,ga_only,68.4800033569336,2.6656000000000013
cifar100,eyeriss_latency,ga_only,68.4800033569336,2.6656000000000013
cifar100,eyeriss_latency,ga_only,68.4800033569336,2.6656000000000013
cifar100,eyeriss_latency,ga_only,68.4800033569336,2.6656000000000013
cifar100,eyeriss_latency,ga_only,68.4800033569336,2.6656000000000013
cifar100,eyeriss_latency,ga_only,68.4800033569336,2.6656000000000013
cifar100,eyeriss_latency,ga_only,68.4800033569336,2.6656000000000013
cifar100,eyeriss_latency,ga_only,68.4800033569336,2.6656000000000013
cifar100,eyeriss_latency,ga_only,68.4800033569336,2.6656000000000013
cifar100,eyeriss_latency,ga_only,68.4800033569336,2.6656000000000013
cifar100,eyeriss_latency,ga_only,68.4800033569336,2.6656000000000013
cifar100,eyeriss_latency,ga_only,68.4800033569336,2.6656000000000013
cifar100,eyeriss_latency,ga_only,68.4800033569336,2.6656000000000013
cifar100,eyeriss_latency,ga_only,68.4800033569336,2.6656000000000013
cifar100,eyeriss_latency,ga_only,68.4800033569336,2.6656000000000013
cifar100,eyeriss_latency,ga_only,68.4800033569336,2.6656000000000013
cifar100,eyeriss_latency,ga_only,68.4800033569336,2.6656000000000013
cifar100,eyeriss_latency,ga_only,68.4800033569336,2.6656000000000013
cifar100,eyeriss_latency,ga_only,68.4800033569336,2.6656000000000013
cifar100,eyeriss_latency,ga_only,68.4800033569336,2.6656000000000013
cifar100,eyeriss_latency,ga_only,68.4800033569336,2.6656000000000013
cifar100,eyeriss_latency,ga_only,68.4800033569336,2.6656000000000013
cifar100,eyeriss_latency,ga_only,68.4800033569336,2.6656000000000013
cifar100,eyeriss_latency,ga_only,68.4800033569336,2.6656000000000013
cifar100,eyeriss_latency,ga_only,68.4800033569336,2.6656000000000013
cifar100,eyeriss_latency,ga_only,68.4800033569336,2.6656000000000013
cifar100,eyeriss_latency,ga_only,68.4800033569336,2.6656000000000013
cifar100,eyeriss_latency,ga_only,68.4800033569336,2.6656000000000013
cifar100,eyeriss_latency,ga_only,68.4800033569336,2.6656000000000013
cifar100,eyeriss_latency,ga_only,68.4800033569336,2.6656000000000013
cifar100,eyeriss_latency,ga_only,68.4800033569336,2.6656000000000013
cifar100,eyeriss_latency,ga_only,68.4800033569336,2.6656000000000013
cifar100,eyeriss_latency,ga_only,68.4800033569336,2.6656000000000013
cifar100,eyeriss_latency,ga_only,68.4800033569336,2.6656000000000013
cifar100,eyeriss_latency,ga_only,68.4800033569336,2.6656000000000013
cifar100,eyeriss_latency,ga_only,68.4800033569336,2.6656000000000013
cifar100,eyeriss_latency,ga_only,68.4800033569336,2.6656000000000013
cifar100,eyeriss_latency,ga_only,68.4800033569336,2.6656000000000013
cifar100,eyeriss_latency,ga_only,68.4800033569336,2.6656000000000013
cifar100,eyeriss_latency,ga_only,68.4800033569336,2.6656000000000013
cifar100,eyeriss_latency,ga_only,68.4800033569336,2.6656000000000013
cifar100,eyeriss_latency,ga_only,68.4800033569336,2.6656000000000013
cifar100,eyeriss_latency,ga_only,68.4800033569336,2.6656000000000013
cifar100,eyeriss_latency,ga_only,68.4800033569336,2.6656000000000013
cifar100,eyeriss_latency,ga_only,68.4800033569336,2.6656000000000013
cifar100,eyeriss_latency,ga_only,68.4800033569336,2.6656000000000013
cifar100,eyeriss_latency,ga_only,68.4800033569336,2.6656000000000013
cifar100,eyeriss_latency,ga_only,68.4800033569336,2.6656000000000013
cifar100,eyeriss_latency,ga_only,68.4800033569336,2.6656000000000013
cifar100,eyeriss_latency,ga_only,68.4800033569336,2.6656000000000013
cifar100,eyeriss_latency,ga_only,68.4800033569336,2.6656000000000013
cifar100,eyeriss_latency,ga_only,68.4800033569336,2.6656000000000013
cifar100,eyeriss_latency,ga_only,68.4800033569336,2.6656000000000013
cifar100,eyeriss_latency,ga_only,68.4800033569336,2.6656000000000013
cifar100,eyeriss_latency,ga_only,68.4800033569336,2.6656000000000013
cifar100,eyeriss_latency,ga_only,68.4800033569336,2.6656000000000013
cifar100,eyeriss_latency,ga_only,68.4800033569336,2.6656000000000013
cifar100,eyeriss_latency,ga_only,68.4800033569336,2.6656000000000013
cifar100,eyeriss_latency,ga_only,68.4800033569336,2.6656000000000013
cifar100,eyeriss_latency,ga_only,68.4800033569336,2.6656000000000013
cifar100,eyeriss_latency,ga_only,68.4800033569336,2.6656000000000013
cifar100,eyeriss_latency,ga_only,68.4800033569336,2.6656000000000013
cifar100,eyeriss_latency,ga_only,68.4800033569336,2.6656000000000013
cifar100,eyeriss_latency,ga_only,68.4800033569336,2.6656000000000013
cifar100,eyeriss_latency,ga_only,68.4800033569336,2.6656000000000013
cifar100,eyeriss_latency,ga_only,68.4800033569336,2.6656000000000013
cifar100,eyeriss_latency,ga_only,68.4800033569336,2.6656000000000013
cifar100,eyeriss_latency,ga_only,68.4800033569336,2.6656000000000013
cifar100,eyeriss_latency,ga_only,68.4800033569336,2.6656000000000013
cifar100,eyeriss_latency,ga_only,68.4800033569336,2.6656000000000013
cifar100,eyeriss_latency,ga_only,68.4800033569336,2.6656000000000013
cifar100,eyeriss_latency,ga_only,68.4800033569336,2.6656000000000013
cifar100,eyeriss_latency,ga_only,68.4800033569336,2.6656000000000013
cifar100,eyeriss_latency,ga_only,68.4800033569336,2.6656000000000013
cifar100,eyeriss_latency,ga_only,68.4800033569336,2.6656000000000013
cifar100,eyeriss_latency,ga_only,68.4800033569336,2.6656000000000013
cifar100,eyeriss_latency,ga_only,68.4800033569336,2.6656000000000013
cifar100,eyeriss_latency,ga_only,68.4800033569336,2.6656000000000013
cifar100,eyeriss_latency,ga_only,68.4800033569336,2.6656000000000013
cifar100,eyeriss_latency,ga_only,68.4800033569336,2.6656000000000013
cifar100,eyeriss_latency,ga_only,68.4800033569336,2.6656000000000013
cifar100,eyeriss_latency,ga_only,68.4800033569336,2.6656000000000013
cifar100,eyeriss_latency,ga_only,68.4800033569336,2.6656000000000013
cifar100,eyeriss_latency,ga_only,68.4800033569336,2.6656000000000013
cifar100,eyeriss_latency,ga_only,68.4800033569336,2.6656000000000013
cifar100,eyeriss_latency,ga_only,68.4800033569336,2.6656000000000013
cifar100,eyeriss_latency,ga_only,68.4800033569336,2.6656000000000013
cifar100,eyeriss_latency,ga_only,68.4800033569336,2.6656000000000013
cifar100,eyeriss_latency,ga_only,68.4800033569336,2.6656000000000013
cifar100,eyeriss_latency,ga_only,68.4800033569336,2.6656000000000013
cifar100,eyeriss_latency,ga_only,68.4800033569336,2.6656000000000013
cifar100,eyeriss_latency,ga_only,68.4800033569336,2.6656000000000013
cifar100,eyeriss_latency,ga_only,68.4800033569336,2.6656000000000013
cifar100,eyeriss_latency,ga_only,68.4800033569336,2.6656000000000013
cifar100,eyeriss_latency,ga_only,68.4800033569336,2.6656000000000013
cifar100,eyeriss_latency,ga_only,68.4800033569336,2.6656000000000013
cifar100,eyeriss_latency,ga_only,68.4800033569336,2.6656000000000013
cifar100,eyeriss_latency,ga_only,68.4800033569336,2.6656000000000013
cifar100,eyeriss_latency,ga_only,68.4800033569336,2.6656000000000013
cifar100,eyeriss_latency,ga_only,68.4800033569336,2.6656000000000013
cifar100,eyeriss_latency,ga_only,68.4800033569336,2.6656000000000013
cifar100,eyeriss_latency,ga_only,68.4800033569336,2.6656000000000013
cifar100,eyeriss_latency,ga_only,68.4800033569336,2.6656000000000013
cifar100,eyeriss_latency,ga_only,68.4800033569336,2.6656000000000013
cifar100,eyeriss_latency,ga_only,68.4800033569336,2.6656000000000013
cifar100,eyeriss_latency,ga_only,68.4800033569336,2.6656000000000013
cifar100,eyeriss_latency,ga_only,68.4800033569336,2.6656000000000013
cifar100,eyeriss_latency,ga_only,68.4800033569336,2.6656000000000013
cifar100,eyeriss_latency,ga_only,68.4800033569336,2.6656000000000013
cifar100,eyeriss_latency,ga_only,68.4800033569336,2.6656000000000013
cifar100,eyeriss_latency,ga_only,68.4800033569336,2.6656000000000013
cifar100,eyeriss_latency,ga_only,68.4800033569336,2.6656000000000013
cifar100,eyeriss_latency,ga_only,68.4800033569336,2.6656000000000013
cifar100,eyeriss_latency,ga_only,68.4800033569336,2.6656000000000013
cifar100,eyeriss_latency,ga_only,68.4800033569336,2.6656000000000013
cifar100,eyeriss_latency,ga_only,68.4800033569336,2.6656000000000013
cifar100,eyeriss_latency,ga_only,68.4800033569336,2.6656000000000013
cifar100,eyeriss_latency,ga_only,68.4800033569336,2.6656000000000013
cifar100,eyeriss_latency,ga_only,68.4800033569336,2.6656000000000013
cifar100,eyeriss_latency,ga_only,68.4800033569336,2.6656000000000013
cifar100,eyeriss_latency,ga_only,68.4800033569336,2.6656000000000013
cifar100,eyeriss_latency,ga_only,68.4800033569336,2.6656000000000013
cifar100,eyeriss_latency,ga_only,68.4800033569336,2.6656000000000013
cifar100,eyeriss_latency,ga_only,68.4800033569336,2.6656000000000013
cifar100,eyeriss_latency,ga_only,68.4800033569336,2.6656000000000013
cifar100,eyeriss_latency,ga_only,68.4800033569336,2.6656000000000013
cifar100,eyeriss_latency,ga_only,68.4800033569336,2.6656000000000013
cifar100,eyeriss_latency,ga_only,68.4800033569336,2.6656000000000013
cifar100,eyeriss_latency,ga_only,68.4800033569336,2.6656000000000013
cifar100,eyeriss_latency,ga_only,68.4800033569336,2.6656000000000013
cifar100,eyeriss_latency,ga_only,68.4800033569336,2.6656000000000013
cifar100,eyeriss_latency,ga_only,68.4800033569336,2.6656000000000013
cifar100,eyeriss_latency,ga_only,68.4800033569336,2.6656000000000013
cifar100,eyeriss_latency,ga_only,68.4800033569336,2.6656000000000013
cifar100,eyeriss_latency,ga_only,68.4800033569336,2.6656000000000013
cifar100,eyeriss_latency,ga_only,68.4800033569336,2.6656000000000013
cifar100,eyeriss_latency,ga_only,68.4800033569336,2.6656000000000013
cifar100,eyeriss_latency,ga_only,68.4800033569336,2.6656000000000013
cifar100,eyeriss_latency,ga_only,68.4800033569336,2.6656000000000013
cifar100,eyeriss_latency,ga_only,68.4800033569336,2.6656000000000013
cifar100,eyeriss_latency,ga_only,68.4800033569336,2.6656000000000013
cifar100,eyeriss_latency,ga_only,68.4800033569336,2.6656000000000013
cifar100,eyeriss_latency,ga_only,68.4800033569336,2.6656000000000013
cifar100,eyeriss_latency,ga_only,68.4800033569336,2.6656000000000013
cifar100,eyeriss_latency,ga_only,68.4800033569336,2.6656000000000013
cifar100,eyeriss_latency,ga_only,68.4800033569336,2.6656000000000013
cifar100,eyeriss_latency,ga_only,68.4800033569336,2.6656000000000013
cifar100,eyeriss_latency,ga_only,68.4800033569336,2.6656000000000013
cifar100,eyeriss_latency,ga_only,68.4800033569336,2.6656000000000013
cifar100,eyeriss_latency,ga_only,68.4800033569336,2.6656000000000013
cifar100,eyeriss_latency,ga_only,68.4800033569336,2.6656000000000013
cifar100,eyeriss_latency,ga_only,68.4800033569336,2.6656000000000013
cifar100,eyeriss_latency,ga_only,68.4800033569336,2.6656000000000013
cifar100,eyeriss_latency,ga_only,68.4800033569336,2.6656000000000013
cifar100,eyeriss_latency,ga_only,68.4800033569336,2.6656000000000013
cifar100,eyeriss_latency,ga_only,68.4800033569336,2.6656000000000013
cifar100,eyeriss_latency,ga_only,68.4800033569336,2.6656000000000013
cifar100,eyeriss_latency,ga_only,68.4800033569336,2.6656000000000013
cifar100,eyeriss_latency,ga_only,68.4800033569336,2.6656000000000013
cifar100,eyeriss_latency,ga_only,68.4800033569336,2.6656000000000013
cifar100,eyeriss_latency,ga_only,68.4800033569336,2.6656000000000013
cifar100,eyeriss_latency,ga_only,68.4800033569336,2.6656000000000013
cifar100,eyeriss_latency,ga_only,68.4800033569336,2.6656000000000013
cifar100,eyeriss_latency,ga_only,68.4800033569336,2.6656000000000013
cifar100,eyeriss_latency,ga_only,68.4800033569336,2.6656000000000013
cifar100,eyeriss_latency,ga_only,68.4800033569336,2.6656000000000013
cifar100,eyeriss_latency,ga_only,68.4800033569336,2.6656000000000013
cifar100,eyeriss_latency,ga_only,68.4800033569336,2.6656000000000013
cifar100,eyeriss_latency,ga_only,68.4800033569336,2.6656000000000013
cifar100,eyeriss_latency,ga_only,68.4800033569336,2.6656000000000013
cifar100,eyeriss_latency,ga_only,68.4800033569336,2.6656000000000013
cifar100,eyeriss_latency,ga_only,68.4800033569336,2.6656000000000013
cifar100,eyeriss_latency,ga_only,68.4800033569336,2.6656000000000013
cifar100,eyeriss_latency,ga_only,68.4800033569336,2.6656000000000013
cifar100,eyeriss_latency,ga_only,68.4800033569336,2.6656000000000013
cifar100,eyeriss_latency,ga_only,68.4800033569336,2.6656000000000013
cifar100,eyeriss_latency,ga_only,68.4800033569336,2.6656000000000013
cifar100,eyeriss_latency,ga_only,68.4800033569336,2.6656000000000013
cifar100,eyeriss_latency,ga_only,68.4800033569336,2.6656000000000013
cifar100,eyeriss_latency,ga_only,68.4800033569336,2.6656000000000013
cifar100,eyeriss_latency,ga_only,68.4800033569336,2.6656000000000013
cifar100,eyeriss_latency,ga_only,68.4800033569336,2.6656000000000013
cifar100,eyeriss_latency,ga_only,68.4800033569336,2.6656000000000013
cifar100,eyeriss_latency,ga_only,68.4800033569336,2.6656000000000013
cifar100,eyeriss_latency,ga_only,68.4800033569336,2.6656000000000013
cifar100,eyeriss_latency,ga_only,68.4800033569336,2.6656000000000013
cifar100,eyeriss_latency,ga_only,68.4800033569336,2.6656000000000013
cifar100,eyeriss_latency,ga_only,68.4800033569336,2.6656000000000013
cifar100,eyeriss_latency,ga_only,68.4800033569336,2.6656000000000013
cifar100,eyeriss_latency,ga_only,68.4800033569336,2.6656000000000013
cifar100,eyeriss_latency,ga_only,68.4800033569336,2.6656000000000013
cifar100,eyeriss_latency,ga_only,68.4800033569336,2.6656000000000013
cifar100,eyeriss_latency,ga_only,68.4800033569336,2.6656000000000013
cifar100,eyeriss_latency,ga_only,68.4800033569336,2.6656000000000013
cifar100,eyeriss_latency,ga_only,68.4800033569336,2.6656000000000013
cifar100,eyeriss_latency,ga_only,68.4800033569336,2.6656000000000013
cifar100,eyeriss_latency,ga_only,68.4800033569336,2.6656000000000013
cifar100,eyeriss_latency,ga_only,68.4800033569336,2.6656000000000013
cifar100,eyeriss_latency,ga_only,68.4800033569336,2.6656000000000013
cifar100,eyeriss_latency,ga_only,68.4800033569336,2.6656000000000013
cifar100,eyeriss_latency,ga_only,68.4800033569336,2.6656000000000013
cifar100,eyeriss_latency,ga_only,68.4800033569336,2.6656000000000013
cifar100,eyeriss_latency,ga_only,68.4800033569336,2.6656000000000013
cifar100,eyeriss_latency,ga_only,68.4800033569336,2.6656000000000013
cifar100,eyeriss_latency,ga_only,68.4800033569336,2.6656000000000013
cifar100,eyeriss_latency,ga_only,68.4800033569336,2.6656000000000013
cifar100,eyeriss_latency,ga_only,68.4800033569336,2.6656000000000013
cifar100,eyeriss_latency,ga_only,68.4800033569336,2.6656000000000013
cifar100,eyeriss_latency,ga_only,68.4800033569336,2.6656000000000013
cifar100,eyeriss_latency,ga_only,68.4800033569336,2.6656000000000013
cifar100,eyeriss_latency,ga_only,68.4800033569336,2.6656000000000013
cifar100,eyeriss_latency,ga_only,68.4800033569336,2.6656000000000013
cifar100,eyeriss_latency,ga_only,68.4800033569336,2.6656000000000013
cifar100,eyeriss_latency,ga_only,68.4800033569336,2.6656000000000013
cifar100,eyeriss_latency,ga_only,68.4800033569336,2.6656000000000013
cifar100,eyeriss_latency,ga_only,68.4800033569336,2.6656000000000013
cifar100,eyeriss_latency,ga_only,68.4800033569336,2.6656000000000013
cifar100,eyeriss_latency,ga_only,68.4800033569336,2.6656000000000013
cifar100,eyeriss_latency,ga_only,68.4800033569336,2.6656000000000013
cifar100,eyeriss_latency,ga_only,68.4800033569336,2.6656000000000013
cifar100,eyeriss_latency,ga_only,68.4800033569336,2.6656000000000013
cifar100,eyeriss_latency,ga_only,68.4800033569336,2.6656000000000013
cifar100,eyeriss_latency,ga_only,68.4800033569336,2.6656000000000013
cifar100,eyeriss_latency,ga_only,68.4800033569336,2.6656000000000013
cifar100,eyeriss_latency,ga_only,68.4800033569336,2.6656000000000013
cifar100,eyeriss_latency,ga_only,68.4800033569336,2.6656000000000013
cifar100,eyeriss_latency,ga_only,68.4800033569336,2.6656000000000013
cifar100,eyeriss_latency,ga_only,68.4800033569336,2.6656000000000013
cifar100,eyeriss_latency,ga_only,68.4800033569336,2.6656000000000013
cifar100,eyeriss_latency,ga_only,68.4800033569336,2.6656000000000013
cifar100,eyeriss_latency,ga_only,68.4800033569336,2.6656000000000013
cifar100,eyeriss_latency,ga_only,68.4800033569336,2.6656000000000013
cifar100,eyeriss_latency,ga_only,68.4800033569336,2.6656000000000013
cifar100,eyeriss_latency,ga_only,68.4800033569336,2.6656000000000013
cifar100,eyeriss_latency,ga_only,68.4800033569336,2.6656000000000013
cifar100,eyeriss_latency,ga_only,68.4800033569336,2.6656000000000013
cifar100,eyeriss_latency,ga_only,68.4800033569336,2.6656000000000013
cifar100,eyeriss_latency,ga_only,68.4800033569336,2.6656000000000013
cifar100,eyeriss_latency,ga_only,68.4800033569336,2.6656000000000013
cifar100,eyeriss_latency,ga_only,68.4800033569336,2.6656000000000013
cifar100,eyeriss_latency,ga_only,68.4800033569336,2.6656000000000013
cifar100,eyeriss_latency,ga_only,68.4800033569336,2.6656000000000013
cifar100,eyeriss_latency,ga_only,68.4800033569336,2.6656000000000013
cifar100,eyeriss_latency,ga_only,68.4800033569336,2.6656000000000013
cifar100,eyeriss_latency,ga_only,68.4800033569336,2.6656000000000013
cifar100,eyeriss_latency,ga_only,68.4800033569336,2.6656000000000013
cifar100,eyeriss_latency,ga_only,68.4800033569336,2.6656000000000013
cifar100,eyeriss_latency,ga_only,68.4800033569336,2.6656000000000013
cifar100,eyeriss_latency,ga_only,68.4800033569336,2.6656000000000013
cifar100,eyeriss_latency,ga_only,68.4800033569336,2.6656000000000013
cifar100,eyeriss_latency,ga_only,68.4800033569336,2.6656000000000013
cifar100,eyeriss_latency,ga_only,68.4800033569336,2.6656000000000013
cifar100,eyeriss_latency,ga_only,68.4800033569336,2.6656000000000013
cifar100,eyeriss_latency,ga_only,68.4800033569336,2.6656000000000013
cifar100,eyeriss_latency,ga_only,68.4800033569336,2.6656000000000013
cifar100,eyeriss_latency,ga_only,68.4800033569336,2.6656000000000013
cifar100,eyeriss_latency,ga_only,68.4800033569336,2.6656000000000013
cifar100,eyeriss_latency,ga_only,68.4800033569336,2.6656000000000013
cifar100,eyeriss_latency,ga_only,68.4800033569336,2.6656000000000013
cifar100,eyeriss_latency,ga_only,68.4800033569336,2.6656000000000013
cifar100,eyeriss_latency,ga_only,68.4800033569336,2.6656000000000013
cifar100,eyeriss_latency,ga_only,68.4800033569336,2.6656000000000013
cifar100,eyeriss_latency,ga_only,68.4800033569336,2.6656000000000013
cifar100,eyeriss_latency,ga_only,68.4800033569336,2.6656000000000013
cifar100,eyeriss_latency,ga_only,68.4800033569336,2.6656000000000013
cifar100,eyeriss_latency,ga_only,68.4800033569336,2.6656000000000013
cifar100,eyeriss_latency,ga_only,68.4800033569336,2.6656000000000013
cifar100,eyeriss_latency,ga_only,68.4800033569336,2.6656000000000013
cifar100,eyeriss_latency,ga_only,68.4800033569336,2.6656000000000013
cifar100,eyeriss_latency,ga_only,68.4800033569336,2.6656000000000013
cifar100,eyeriss_latency,ga_only,68.4800033569336,2.6656000000000013
cifar100,eyeriss_latency,ga_only,68.4800033569336,2.6656000000000013
cifar100,eyeriss_latency,ga_only,68.4800033569336,2.6656000000000013
cifar100,eyeriss_latency,ga_only,68.4800033569336,2.6656000000000013
cifar100,eyeriss_latency,ga_only,68.4800033569336,2.6656000000000013
cifar100,eyeriss_latency,ga_only,68.4800033569336,2.6656000000000013
cifar100,eyeriss_latency,ga_only,68.4800033569336,2.6656000000000013
cifar100,eyeriss_latency,ga_only,68.4800033569336,2.6656000000000013
cifar100,eyeriss_latency,ga_only,68.4800033569336,2.6656000000000013
cifar100,eyeriss_latency,ga_only,68.4800033569336,2.6656000000000013
cifar100,eyeriss_latency,ga_only,68.4800033569336,2.6656000000000013
cifar100,eyeriss_latency,ga_only,68.4800033569336,2.6656000000000013
cifar100,eyeriss_latency,ga_only,68.4800033569336,2.6656000000000013
cifar100,eyeriss_latency,ga_only,68.4800033569336,2.6656000000000013
cifar100,eyeriss_latency,ga_only,68.4800033569336,2.6656000000000013
cifar100,eyeriss_latency,ga_only,68.4800033569336,2.6656000000000013
cifar100,eyeriss_latency,ga_only,68.4800033569336,2.6656000000000013
cifar100,eyeriss_latency,ga_only,68.4800033569336,2.6656000000000013
cifar100,eyeriss_latency,ga_only,68.4800033569336,2.6656000000000013
cifar100,eyeriss_latency,ga_only,68.4800033569336,2.6656000000000013
cifar100,eyeriss_latency,ga_only,68.4800033569336,2.6656000000000013
cifar100,eyeriss_latency,ga_only,68.4800033569336,2.6656000000000013
cifar100,eyeriss_latency,ga_only,68.4800033569336,2.6656000000000013
cifar100,eyeriss_latency,ga_only,68.4800033569336,2.6656000000000013
cifar100,eyeriss_latency,ga_only,68.4800033569336,2.6656000000000013
cifar100,eyeriss_latency,ga_only,68.4800033569336,2.6656000000000013
cifar100,eyeriss_latency,ga_only,68.4800033569336,2.6656000000000013
cifar100,eyeriss_latency,ga_only,68.4800033569336,2.6656000000000013
cifar100,eyeriss_latency,ga_only,68.4800033569336,2.6656000000000013
cifar100,eyeriss_latency,ga_only,68.4800033569336,2.6656000000000013
cifar100,eyeriss_latency,ga_only,68.4800033569336,2.6656000000000013
cifar100,eyeriss_latency,ga_only,68.4800033569336,2.6656000000000013
cifar100,eyeriss_latency,ga_only,68.4800033569336,2.6656000000000013
cifar100,eyeriss_latency,ga_only,68.4800033569336,2.6656000000000013
cifar100,eyeriss_latency,ga_only,68.4800033569336,2.6656000000000013
cifar100,eyeriss_latency,ga_only,68.4800033569336,2.6656000000000013
cifar100,eyeriss_latency,ga_only,68.4800033569336,2.6656000000000013
cifar100,eyeriss_latency,ga_only,68.4800033569336,2.6656000000000013
cifar100,eyeriss_latency,ga_only,68.4800033569336,2.6656000000000013
cifar100,eyeriss_latency,ga_only,68.4800033569336,2.6656000000000013
cifar100,eyeriss_latency,ga_only,68.4800033569336,2.6656000000000013
cifar100,eyeriss_latency,ga_only,68.4800033569336,2.6656000000000013
cifar100,eyeriss_latency,ga_only,68.4800033569336,2.6656000000000013
cifar100,eyeriss_latency,ga_only,68.4800033569336,2.6656000000000013
cifar100,eyeriss_latency,ga_only,68.4800033569336,2.6656000000000013
cifar100,eyeriss_latency,ga_only,68.4800033569336,2.6656000000000013
cifar100,eyeriss_latency,ga_only,68.4800033569336,2.6656000000000013
cifar100,eyeriss_latency,ga_only,68.4800033569336,2.6656000000000013
cifar100,eyeriss_latency,ga_only,68.4800033569336,2.6656000000000013
cifar100,eyeriss_latency,ga_only,68.4800033569336,2.6656000000000013
cifar100,eyeriss_latency,ga_only,68.4800033569336,2.6656000000000013
cifar100,eyeriss_latency,ga_only,68.4800033569336,2.6656000000000013
cifar100,eyeriss_latency,ga_only,68.4800033569336,2.6656000000000013
cifar100,eyeriss_latency,ga_only,68.4800033569336,2.6656000000000013
cifar100,eyeriss_latency,ga_only,68.4800033569336,2.6656000000000013
cifar100,eyeriss_latency,ga_only,68.4800033569336,2.6656000000000013
cifar100,eyeriss_latency,ga_only,68.4800033569336,2.6656000000000013
cifar100,eyeriss_latency,ga_only,68.4800033569336,2.6656000000000013
cifar100,eyeriss_latency,ga_only,68.4800033569336,2.6656000000000013
cifar100,eyeriss_latency,ga_only,68.4800033569336,2.6656000000000013
cifar100,eyeriss_latency,ga_only,68.4800033569336,2.6656000000000013
cifar100,eyeriss_latency,ga_only,68.4800033569336,2.6656000000000013
cifar100,eyeriss_latency,ga_only,68.4800033569336,2.6656000000000013
cifar100,eyeriss_latency,ga_only,68.4800033569336,2.6656000000000013
cifar100,eyeriss_latency,ga_only,68.4800033569336,2.6656000000000013
cifar100,eyeriss_latency,ga_only,68.4800033569336,2.6656000000000013
cifar100,eyeriss_latency,ga_only,68.4800033569336,2.6656000000000013
cifar100,eyeriss_latency,ga_only,68.4800033569336,2.6656000000000013
cifar100,eyeriss_latency,ga_only,68.4800033569336,2.6656000000000013
cifar100,eyeriss_latency,ga_only,68.4800033569336,2.6656000000000013
cifar100,eyeriss_latency,ga_only,68.4800033569336,2.6656000000000013
cifar100,eyeriss_latency,ga_only,68.4800033569336,2.6656000000000013
cifar100,eyeriss_latency,ga_only,68.4800033569336,2.6656000000000013
cifar100,eyeriss_latency,ga_only,68.4800033569336,2.6656000000000013
cifar100,eyeriss_latency,ga_only,68.4800033569336,2.6656000000000013
cifar100,eyeriss_latency,ga_only,68.4800033569336,2.6656000000000013
cifar100,eyeriss_latency,ga_only,68.4800033569336,2.6656000000000013
cifar100,eyeriss_latency,ga_only,68.4800033569336,2.6656000000000013
cifar100,eyeriss_latency,ga_only,68.4800033569336,2.6656000000000013
cifar100,eyeriss_latency,ga_only,68.4800033569336,2.6656000000000013
cifar100,eyeriss_latency,ga_only,68.4800033569336,2.6656000000000013
cifar100,eyeriss_latency,ga_only,68.4800033569336,2.6656000000000013
cifar100,eyeriss_latency,ga_only,68.4800033569336,2.6656000000000013
cifar100,eyeriss_latency,ga_only,68.4800033569336,2.6656000000000013
cifar100,eyeriss_latency,ga_only,68.4800033569336,2.6656000000000013
cifar100,eyeriss_latency,ga_only,68.4800033569336,2.6656000000000013
cifar100,eyeriss_latency,ga_only,68.4800033569336,2.6656000000000013
cifar100,eyeriss_latency,ga_only,68.4800033569336,2.6656000000000013
cifar100,eyeriss_latency,ga_only,68.4800033569336,2.6656000000000013
cifar100,eyeriss_latency,ga_only,68.4800033569336,2.6656000000000013
cifar100,eyeriss_latency,ga_only,68.4800033569336,2.6656000000000013
cifar100,eyeriss_latency,ga_only,70.09333038330078,3.4028800000000006
cifar100,eyeriss_latency,ga_only,70.09333038330078,3.4028800000000006
cifar100,eyeriss_latency,ga_only,70.09333038330078,3.4028800000000006
cifar100,eyeriss_latency,ga_only,70.09333038330078,3.4028800000000006
cifar100,eyeriss_latency,ga_only,70.09333038330078,3.4028800000000006
cifar100,eyeriss_latency,ga_only,70.09333038330078,3.4028800000000006
cifar100,eyeriss_latency,ga_only,70.87000274658203,3.648640000000001
cifar100,eyeriss_latency,ga_only,70.87000274658203,3.648640000000001
cifar100,eyeriss_latency,ga_only,70.87000274658203,3.648640000000001
cifar100,eyeriss_latency,ga_only,70.87000274658203,3.648640000000001
cifar100,eyeriss_latency,ga_only,70.87000274658203,3.648640000000001
cifar100,eyeriss_latency,ga_only,70.87000274658203,3.648640000000001
cifar100,eyeriss_latency,ga_only,71.62999725341797,3.894400000000001
cifar100,eyeriss_latency,ga_only,71.62999725341797,3.894400000000001
cifar100,eyeriss_latency,ga_only,71.62999725341797,3.894400000000001
cifar100,eyeriss_latency,ga_only,71.62999725341797,3.894400000000001
cifar100,eyeriss_latency,ga_only,71.62999725341797,3.894400000000001
cifar100,eyeriss_latency,ga_only,71.62999725341797,3.894400000000001
cifar100,eyeriss_latency,ga_only,71.62999725341797,3.894400000000001
cifar100,eyeriss_latency,ga_only,71.62999725341797,3.894400000000001
cifar100,eyeriss_latency,ga_only,71.62999725341797,3.894400000000001
cifar100,eyeriss_latency,ga_only,71.62999725341797,3.894400000000001
cifar100,eyeriss_latency,ga_only,71.62999725341797,3.894400000000001
cifar100,eyeriss_latency,ga_only,71.62999725341797,3.894400000000001
cifar100,eyeriss_latency,ga_only,71.62999725341797,3.894400000000001
cifar100,eyeriss_latency,ga_only,71.62999725341797,3.894400000000001
cifar100,eyeriss_latency,ga_only,71.62999725341797,3.894400000000001
cifar100,eyeriss_latency,ga_only,71.62999725341797,3.894400000000001
cifar100,eyeriss_latency,ga_only,71.62999725341797,3.894400000000001
cifar100,eyeriss_latency,ga_only,71.62999725341797,3.894400000000001
cifar100,eyeriss_latency,ga_only,71.62999725341797,3.894400000000001
cifar100,eyeriss_latency,ga_only,71.62999725341797,3.894400000000001
cifar100,eyeriss_latency,ga_only,71.62999725341797,3.894400000000001
cifar100,eyeriss_latency,ga_only,72.27999877929688,5.1232000000000015
cifar100,eyeriss_latency,ga_only,72.27999877929688,5.1232000000000015
cifar100,eyeriss_latency,ga_only,72.27999877929688,5.1232000000000015
cifar100,eyeriss_latency,ga_only,72.27999877929688,5.1232000000000015
cifar100,eyeriss_latency,ga_only,72.27999877929688,5.1232000000000015
cifar100,eyeriss_latency,ga_only,72.27999877929688,5.1232000000000015
cifar100,eyeriss_latency,ga_only,72.27999877929688,5.1232000000000015
cifar100,eyeriss_latency,ga_only,72.27999877929688,5.1232000000000015
cifar100,eyeriss_latency,ga_only,72.27999877929688,5.1232000000000015
cifar100,eyeriss_latency,ga_only,72.27999877929688,5.1232000000000015
cifar100,eyeriss_latency,ga_only,72.27999877929688,5.1232000000000015
cifar100,eyeriss_latency,ga_only,72.27999877929688,5.1232000000000015
cifar100,eyeriss_latency,ga_only,72.27999877929688,5.1232000000000015
cifar100,eyeriss_latency,ga_only,72.27999877929688,5.1232000000000015
cifar100,eyeriss_latency,ga_only,72.27999877929688,5.1232000000000015
cifar100,eyeriss_latency,ga_only,72.27999877929688,5.1232000000000015
cifar100,eyeriss_latency,ga_only,72.27999877929688,5.1232000000000015
cifar100,eyeriss_latency,ga_only,72.27999877929688,5.1232000000000015
cifar100,eyeriss_latency,ga_only,72.27999877929688,5.1232000000000015
cifar100,eyeriss_latency,ga_only,72.27999877929688,5.1232000000000015
cifar100,eyeriss_latency,ga_only,72.27999877929688,5.1232000000000015
cifar100,eyeriss_latency,ga_only,72.27999877929688,5.1232000000000015
cifar100,eyeriss_latency,ga_only,72.27999877929688,5.1232000000000015
cifar100,eyeriss_latency,ga_only,72.27999877929688,5.1232000000000015
cifar100,eyeriss_latency,ga_only,72.27999877929688,5.1232000000000015
cifar100,eyeriss_latency,ga_only,72.27999877929688,5.1232000000000015
cifar100,eyeriss_latency,ga_only,72.27999877929688,5.1232000000000015
cifar100,eyeriss_latency,ga_only,72.27999877929688,5.1232000000000015
cifar100,eyeriss_latency,ga_only,72.27999877929688,5.1232000000000015
cifar100,eyeriss_latency,ga_only,72.27999877929688,5.1232000000000015
cifar100,eyeriss_latency,ga_only,72.27999877929688,5.1232000000000015
cifar100,eyeriss_latency,ga_only,72.27999877929688,5.1232000000000015
cifar100,eyeriss_latency,ga_only,72.27999877929688,5.1232000000000015
cifar100,eyeriss_latency,ga_only,72.27999877929688,5.1232000000000015
cifar100,eyeriss_latency,ga_only,72.27999877929688,5.1232000000000015
cifar100,eyeriss_latency,ga_only,72.27999877929688,5.1232000000000015
cifar100,eyeriss_latency,ga_only,72.27999877929688,5.1232000000000015
cifar100,eyeriss_latency,ga_only,72.27999877929688,5.1232000000000015
cifar100,eyeriss_latency,ga_only,72.27999877929688,5.1232000000000015
cifar100,eyeriss_latency,ga_only,72.27999877929688,5.1232000000000015
cifar100,eyeriss_latency,ga_only,72.27999877929688,5.1232000000000015
cifar100,eyeriss_latency,ga_only,72.27999877929688,5.1232000000000015
cifar100,eyeriss_latency,ga_only,72.27999877929688,5.1232000000000015
cifar100,eyeriss_latency,ga_only,72.27999877929688,5.1232000000000015
cifar100,eyeriss_latency,ga_only,72.27999877929688,5.1232000000000015
cifar100,eyeriss_latency,ga_only,72.27999877929688,5.1232000000000015
cifar100,eyeriss_latency,ga_only,72.27999877929688,5.1232000000000015
cifar100,eyeriss_latency,ga_only,72.27999877929688,5.1232000000000015
cifar100,eyeriss_latency,ga_only,72.27999877929688,5.1232000000000015
cifar100,eyeriss_latency,ga_only,72.27999877929688,5.1232000000000015
cifar100,eyeriss_latency,ga_only,72.27999877929688,5.1232000000000015
cifar100,eyeriss_latency,ga_only,72.27999877929688,5.1232000000000015
cifar100,eyeriss_latency,ga_only,72.27999877929688,5.1232000000000015
cifar100,eyeriss_latency,ga_only,72.27999877929688,5.1232000000000015
cifar100,eyeriss_latency,ga_only,72.27999877929688,5.1232000000000015
cifar100,eyeriss_latency,ga_only,72.27999877929688,5.1232000000000015
cifar100,eyeriss_latency,ga_only,72.27999877929688,5.1232000000000015
cifar100,eyeriss_latency,ga_only,72.27999877929688,5.1232000000000015
cifar100,eyeriss_latency,ga_only,72.27999877929688,5.1232000000000015
cifar100,eyeriss_latency,ga_only,72.27999877929688,5.1232000000000015
cifar100,eyeriss_latency,ga_only,72.27999877929688,5.1232000000000015
cifar100,eyeriss_latency,ga_only,72.27999877929688,5.1232000000000015
cifar100,eyeriss_latency,ga_only,72.27999877929688,5.1232000000000015
cifar100,eyeriss_latency,ga_only,72.27999877929688,5.1232000000000015
cifar100,eyeriss_latency,ga_only,72.27999877929688,5.1232000000000015
cifar100,eyeriss_latency,ga_only,72.27999877929688,5.1232000000000015
cifar100,eyeriss_latency,ga_only,72.27999877929688,5.1232000000000015
cifar100,eyeriss_latency,ga_only,72.27999877929688,5.1232000000000015
cifar100,eyeriss_latency,ga_only,72.27999877929688,5.1232000000000015
cifar100,eyeriss_latency,ga_only,72.27999877929688,5.1232000000000015
cifar100,eyeriss_latency,ga_only,72.27999877929688,5.1232000000000015
cifar100,eyeriss_latency,ga_only,72.27999877929688,5.1232000000000015
cifar100,eyeriss_latency,ga_only,72.27999877929688,5.1232000000000015
cifar100,eyeriss_latency,ga_only,72.27999877929688,5.1232000000000015
cifar100,eyeriss_latency,ga_only,72.27999877929688,5.1232000000000015
cifar100,eyeriss_latency,ga_only,72.27999877929688,5.1232000000000015
cifar100,eyeriss_latency,ga_only,72.27999877929688,5.1232000000000015
cifar100,eyeriss_latency,ga_only,72.27999877929688,5.1232000000000015
cifar100,eyeriss_latency,ga_only,72.27999877929688,5.1232000000000015
cifar100,eyeriss_latency,ga_only,72.27999877929688,5.1232000000000015
cifar100,eyeriss_latency,ga_only,72.27999877929688,5.1232000000000015
cifar100,eyeriss_latency,ga_only,72.27999877929688,5.1232000000000015
cifar100,eyeriss_latency,ga_only,72.27999877929688,5.1232000000000015
cifar100,eyeriss_latency,ga_only,72.27999877929688,5.1232000000000015
cifar100,eyeriss_latency,ga_only,72.27999877929688,5.1232000000000015
cifar100,eyeriss_latency,ga_only,72.27999877929688,5.1232000000000015
cifar100,eyeriss_latency,ga_only,72.27999877929688,5.1232000000000015
cifar100,eyeriss_latency,ga_only,72.27999877929688,5.1232000000000015
cifar100,eyeriss_latency,ga_only,72.27999877929688,5.1232000000000015
cifar100,eyeriss_latency,ga_only,72.27999877929688,5.1232000000000015
cifar100,eyeriss_latency,ga_only,72.27999877929688,5.1232000000000015
cifar100,eyeriss_latency,ga_only,72.27999877929688,5.1232000000000015
cifar100,eyeriss_latency,ga_only,72.27999877929688,5.1232000000000015
cifar100,eyeriss_latency,ga_only,72.27999877929688,5.1232000000000015
cifar100,eyeriss_latency,ga_only,72.27999877929688,5.1232000000000015
cifar100,eyeriss_latency,ga_only,72.27999877929688,5.1232000000000015
cifar100,eyeriss_latency,ga_only,72.27999877929688,5.1232000000000015
cifar100,eyeriss_latency,ga_only,72.27999877929688,5.1232000000000015
cifar100,eyeriss_latency,ga_only,72.27999877929688,5.1232000000000015
cifar100,eyeriss_latency,ga_only,72.27999877929688,5.1232000000000015
cifar100,eyeriss_latency,ga_only,72.27999877929688,5.1232000000000015
cifar100,eyeriss_latency,ga_only,72.27999877929688,5.1232000000000015
cifar100,eyeriss_latency,ga_only,72.27999877929688,5.1232000000000015
cifar100,eyeriss_latency,ga_only,72.27999877929688,5.1232000000000015
cifar100,eyeriss_latency,ga_only,72.27999877929688,5.1232000000000015
cifar100,eyeriss_latency,ga_only,72.27999877929688,5.1232000000000015
cifar100,eyeriss_latency,ga_only,72.27999877929688,5.1232000000000015
cifar100,eyeriss_latency,ga_only,72.27999877929688,5.1232000000000015
cifar100,eyeriss_latency,ga_only,72.27999877929688,5.1232000000000015
cifar100,eyeriss_latency,ga_only,72.27999877929688,5.1232000000000015
cifar100,eyeriss_latency,ga_only,72.27999877929688,5.1232000000000015
cifar100,eyeriss_latency,ga_only,72.27999877929688,5.1232000000000015
cifar100,eyeriss_latency,ga_only,72.27999877929688,5.1232000000000015
cifar100,eyeriss_latency,ga_only,72.27999877929688,5.1232000000000015
cifar100,eyeriss_latency,ga_only,72.27999877929688,5.1232000000000015
cifar100,eyeriss_latency,ga_only,72.27999877929688,5.1232000000000015
cifar100,eyeriss_latency,ga_only,72.27999877929688,5.1232000000000015
cifar100,eyeriss_latency,ga_only,72.27999877929688,5.1232000000000015
cifar100,eyeriss_latency,ga_only,72.27999877929688,5.1232000000000015
cifar100,eyeriss_latency,ga_only,72.27999877929688,5.1232000000000015
cifar100,eyeriss_latency,ga_only,72.27999877929688,5.1232000000000015
cifar100,eyeriss_latency,ga_only,72.27999877929688,5.1232000000000015
cifar100,eyeriss_latency,ga_only,72.27999877929688,5.1232000000000015
cifar100,eyeriss_latency,ga_only,72.27999877929688,5.1232000000000015
cifar100,eyeriss_latency,ga_only,72.27999877929688,5.1232000000000015
cifar100,eyeriss_latency,ga_only,72.27999877929688,5.1232000000000015
cifar100,eyeriss_latency,ga_only,72.27999877929688,5.1232000000000015
cifar100,eyeriss_latency,ga_only,72.27999877929688,5.1232000000000015
cifar100,eyeriss_latency,ga_only,72.27999877929688,5.1232000000000015
cifar100,eyeriss_latency,ga_only,72.27999877929688,5.1232000000000015
cifar100,eyeriss_latency,ga_only,72.27999877929688,5.1232000000000015
cifar100,eyeriss_latency,ga_only,72.27999877929688,5.1232000000000015
cifar100,eyeriss_latency,ga_only,72.27999877929688,5.1232000000000015
cifar100,eyeriss_latency,ga_only,72.27999877929688,5.1232000000000015
cifar100,eyeriss_latency,ga_only,72.27999877929688,5.1232000000000015
cifar100,eyeriss_latency,ga_only,72.27999877929688,5.1232000000000015
cifar100,eyeriss_latency,ga_only,72.27999877929688,5.1232000000000015
cifar100,eyeriss_latency,ga_only,72.27999877929688,5.1232000000000015
cifar100,eyeriss_latency,ga_only,72.27999877929688,5.1232000000000015
cifar100,eyeriss_latency,ga_only,72.27999877929688,5.1232000000000015
cifar100,eyeriss_latency,ga_only,72.27999877929688,5.1232000000000015
cifar100,eyeriss_latency,ga_only,72.27999877929688,5.1232000000000015
cifar100,eyeriss_latency,ga_only,72.27999877929688,5.1232000000000015
cifar100,eyeriss_latency,ga_only,72.27999877929688,5.1232000000000015
cifar100,eyeriss_latency,ga_only,72.27999877929688,5.1232000000000015
cifar100,eyeriss_latency,ga_only,72.27999877929688,5.1232000000000015
cifar100,eyeriss_latency,ga_only,72.27999877929688,5.1232000000000015
cifar100,eyeriss_latency,ga_only,72.27999877929688,5.1232000000000015
cifar100,eyeriss_latency,ga_only,72.27999877929688,5.1232000000000015
cifar100,eyeriss_latency,ga_only,72.27999877929688,5.1232000000000015
cifar100,eyeriss_latency,ga_only,72.27999877929688,5.1232000000000015
cifar100,eyeriss_latency,ga_only,72.27999877929688,5.1232000000000015
cifar100,eyeriss_latency,ga_only,72.27999877929688,5.1232000000000015
cifar100,eyeriss_latency,ga_only,72.27999877929688,5.1232000000000015
cifar100,eyeriss_latency,ga_only,72.27999877929688,5.1232000000000015
cifar100,eyeriss_latency,ga_only,72.27999877929688,5.1232000000000015
cifar100,eyeriss_latency,ga_only,72.27999877929688,5.1232000000000015
cifar100,eyeriss_latency,ga_only,72.27999877929688,5.1232000000000015
cifar100,eyeriss_latency,ga_only,72.27999877929688,5.1232000000000015
cifar100,eyeriss_latency,ga_only,72.27999877929688,5.1232000000000015
cifar100,eyeriss_latency,ga_only,72.27999877929688,5.1232000000000015
cifar100,eyeriss_latency,ga_only,72.27999877929688,5.1232000000000015
cifar100,eyeriss_latency,ga_only,72.27999877929688,5.1232000000000015
cifar100,eyeriss_latency,ga_only,72.27999877929688,5.1232000000000015
cifar100,eyeriss_latency,ga_only,72.27999877929688,5.1232000000000015
cifar100,eyeriss_latency,ga_only,72.27999877929688,5.1232000000000015
cifar100,eyeriss_latency,ga_only,72.27999877929688,5.1232000000000015
cifar100,eyeriss_latency,ga_only,72.27999877929688,5.1232000000000015
cifar100,eyeriss_latency,ga_only,72.27999877929688,5.1232000000000015
cifar100,eyeriss_latency,ga_only,72.27999877929688,5.1232000000000015
cifar100,eyeriss_latency,ga_only,72.27999877929688,5.1232000000000015
cifar100,eyeriss_latency,ga_only,72.27999877929688,5.1232000000000015
cifar100,eyeriss_latency,ga_only,72.27999877929688,5.1232000000000015
cifar100,eyeriss_latency,ga_only,72.27999877929688,5.1232000000000015
cifar100,eyeriss_latency,ga_only,72.27999877929688,5.1232000000000015
cifar100,eyeriss_latency,ga_only,72.27999877929688,5.1232000000000015
cifar100,eyeriss_latency,ga_only,72.27999877929688,5.1232000000000015
cifar100,eyeriss_latency,ga_only,72.27999877929688,5.1232000000000015
cifar100,eyeriss_latency,ga_only,72.27999877929688,5.1232000000000015
cifar100,eyeriss_latency,ga_only,72.27999877929688,5.1232000000000015
cifar100,eyeriss_latency,ga_only,72.27999877929688,5.1232000000000015
cifar100,eyeriss_latency,ga_only,72.27999877929688,5.1232000000000015
cifar100,eyeriss_latency,ga_only,72.27999877929688,5.1232000000000015
cifar100,eyeriss_latency,ga_only,72.27999877929688,5.1232000000000015
cifar100,eyeriss_latency,ga_only,72.27999877929688,5.1232000000000015
cifar100,eyeriss_latency,ga_only,72.27999877929688,5.1232000000000015
cifar100,eyeriss_latency,ga_only,72.27999877929688,5.1232000000000015
cifar100,eyeriss_latency,ga_only,72.27999877929688,5.1232000000000015
cifar100,eyeriss_latency,ga_only,72.27999877929688,5.1232000000000015
cifar100,eyeriss_latency,ga_only,72.27999877929688,5.1232000000000015
cifar100,eyeriss_latency,ga_only,72.27999877929688,5.1232000000000015
cifar100,eyeriss_latency,ga_only,72.27999877929688,5.1232000000000015
cifar100,eyeriss_latency,ga_only,72.27999877929688,5.1232000000000015
cifar100,eyeriss_latency,ga_only,72.27999877929688,5.1232000000000015
cifar100,eyeriss_latency,ga_only,72.27999877929688,5.1232000000000015
cifar100,eyeriss_latency,ga_only,72.27999877929688,5.1232000000000015
cifar100,eyeriss_latency,ga_only,72.27999877929688,5.1232000000000015
cifar100,eyeriss_latency,ga_only,72.27999877929688,5.1232000000000015
cifar100,eyeriss_latency,ga_only,72.27999877929688,5.1232000000000015
cifar100,eyeriss_latency,ga_only,72.43000030517578,5.368960000000003
cifar100,eyeriss_latency,ga_only,72.43000030517578,5.368960000000003
cifar100,eyeriss_latency,ga_only,72.43000030517578,5.368960000000003
cifar100,eyeriss_latency,ga_only,72.43000030517578,5.368960000000003
cifar100,eyeriss_latency,ga_only,72.43000030517578,5.368960000000003
cifar100,eyeriss_latency,ga_only,72.43000030517578,5.368960000000003
cifar100,eyeriss_latency,ga_only,72.43000030517578,5.368960000000003
cifar100,eyeriss_latency,ga_only,72.43000030517578,5.368960000000003
cifar100,eyeriss_latency,ga_only,72.43000030517578,5.368960000000003
cifar100,eyeriss_latency,ga_only,72.43000030517578,5.368960000000003
cifar100,eyeriss_latency,ga_only,72.43000030517578,5.368960000000003
cifar100,eyeriss_latency,ga_only,72.43000030517578,5.368960000000003
cifar100,eyeriss_latency,ga_only,72.43000030517578,5.368960000000003
cifar100,eyeriss_latency,ga_only,72.43000030517578,5.368960000000003
cifar100,eyeriss_latency,ga_only,72.74666595458984,6.352000000000002
cifar100,eyeriss_latency,ga_only,72.74666595458984,6.352000000000002
cifar100,eyeriss_latency,ga_only,72.74666595458984,6.352000000000002
cifar100,eyeriss_latency,ga_only,72.74666595458984,6.352000000000002
cifar100,eyeriss_latency,ga_only,72.74666595458984,6.352000000000002
cifar100,eyeriss_latency,ga_only,72.74666595458984,6.352000000000002
cifar100,eyeriss_latency,ga_only,72.74666595458984,6.352000000000002
cifar100,eyeriss_latency,ga_only,72.74666595458984,6.352000000000002
cifar100,eyeriss_latency,ga_only,72.74666595458984,6.352000000000002
cifar100,eyeriss_latency,ga_only,72.74666595458984,6.352000000000002
cifar100,eyeriss_latency,ga_only,72.74666595458984,6.352000000000002
cifar100,eyeriss_latency,ga_only,72.74666595458984,6.352000000000002
cifar100,eyeriss_latency,ga_only,72.74666595458984,6.352000000000002
cifar100,eyeriss_latency,ga_only,72.74666595458984,6.352000000000002
cifar100,eyeriss_latency,ga_only,72.74666595458984,6.352000000000002
cifar100,eyeriss_latency,ga_only,72.74666595458984,6.352000000000002
cifar100,eyeriss_latency,ga_only,72.74666595458984,6.352000000000002
cifar100,eyeriss_latency,ga_only,72.74666595458984,6.352000000000002
cifar100,eyeriss_latency,ga_only,73.4800033569336,6.597760000000003
cifar100,eyeriss_latency,ga_only,73.4800033569336,6.597760000000003
cifar100,eyeriss_latency,ga_only,73.4800033569336,6.597760000000003
cifar100,eyeriss_latency,ga_only,73.4800033569336,6.597760000000003
cifar100,eyeriss_latency,ga_only,73.4800033569336,6.597760000000003
cifar100,eyeriss_latency,ga_only,73.4800033569336,6.597760000000003
cifar100,eyeriss_latency,ga_only,73.4800033569336,6.597760000000003
cifar100,eyeriss_latency,ga_only,73.4800033569336,6.597760000000003
cifar100,eyeriss_latency,ga_only,73.4800033569336,6.597760000000003
cifar100,eyeriss_latency,ga_only,73.4800033569336,6.597760000000003
cifar100,eyeriss_latency,ga_only,73.4800033569336,6.597760000000003
cifar100,eyeriss_latency,ga_only,73.4800033569336,6.597760000000003
cifar100,eyeriss_latency,ga_only,73.4800033569336,6.597760000000003
cifar100,eyeriss_latency,ga_only,73.4800033569336,6.597760000000003
cifar100,eyeriss_latency,ga_only,73.4800033569336,6.597760000000003
cifar100,eyeriss_latency,ga_only,73.4800033569336,6.597760000000003
cifar100,eyeriss_latency,ga_only,73.4800033569336,6.597760000000003
cifar100,eyeriss_latency,ga_only,73.4800033569336,6.597760000000003
cifar100,eyeriss_latency,ga_only,73.4800033569336,6.597760000000003
cifar100,eyeriss_latency,ga_only,73.4800033569336,6.597760000000003
cifar100,eyeriss_latency,ga_only,73.4800033569336,6.597760000000003
cifar100,eyeriss_latency,ga_only,73.4800033569336,6.597760000000003
cifar100,eyeriss_latency,ga_only,73.4800033569336,6.597760000000003
cifar100,eyeriss_latency,ga_only,73.4800033569336,6.597760000000003
cifar100,eyeriss_latency,ga_only,73.4800033569336,6.597760000000003
cifar100,eyeriss_latency,ga_only,73.4800033569336,6.597760000000003
cifar100,eyeriss_latency,ga_only,73.4800033569336,6.597760000000003
cifar100,eyeriss_latency,ga_only,73.4800033569336,6.597760000000003
cifar100,eyeriss_latency,ga_only,73.4800033569336,6.597760000000003
cifar100,eyeriss_latency,ga_only,73.4800033569336,6.597760000000003
cifar100,eyeriss_latency,ga_only,73.4800033569336,6.597760000000003
cifar100,eyeriss_latency,ga_only,73.4800033569336,6.597760000000003
cifar100,eyeriss_latency,ga_only,73.4800033569336,6.597760000000003
cifar100,eyeriss_latency,ga_only,73.4800033569336,6.597760000000003
cifar100,eyeriss_latency,ga_only,73.4800033569336,6.597760000000003
cifar100,eyeriss_latency,ga_only,73.4800033569336,6.597760000000003
cifar100,eyeriss_latency,ga_only,73.4800033569336,6.597760000000003
cifar100,eyeriss_latency,ga_only,73.4800033569336,6.597760000000003
cifar100,eyeriss_latency,ga_only,73.4800033569336,6.597760000000003
cifar100,eyeriss_latency,ga_only,73.4800033569336,6.597760000000003
cifar100,eyeriss_latency,ga_only,73.4800033569336,6.597760000000003
cifar100,eyeriss_latency,ga_only,73.4800033569336,6.597760000000003
cifar100,eyeriss_latency,ga_only,73.4800033569336,6.597760000000003
cifar100,eyeriss_latency,ga_only,73.4800033569336,6.597760000000003
cifar100,eyeriss_latency,ga_only,73.4800033569336,6.597760000000003
cifar100,eyeriss_latency,ga_only,73.4800033569336,6.597760000000003
cifar100,eyeriss_latency,ga_only,73.4800033569336,6.597760000000003
cifar100,eyeriss_latency,ga_only,73.4800033569336,6.597760000000003
cifar100,eyeriss_latency,ga_only,73.4800033569336,6.597760000000003
cifar100,eyeriss_latency,ga_only,73.4800033569336,6.597760000000003
cifar100,eyeriss_latency,ga_only,73.4800033569336,6.597760000000003
cifar100,eyeriss_latency,ga_only,73.4800033569336,6.597760000000003
cifar100,eyeriss_latency,ga_only,73.4800033569336,6.597760000000003
cifar100,eyeriss_latency,ga_only,73.4800033569336,6.597760000000003
cifar100,eyeriss_latency,ga_only,73.4800033569336,6.597760000000003
cifar100,eyeriss_latency,ga_only,73.4800033569336,6.597760000000003
cifar100,eyeriss_latency,ga_only,73.4800033569336,6.597760000000003
cifar100,eyeriss_latency,ga_only,73.4800033569336,6.597760000000003
cifar100,eyeriss_latency,ga_only,73.4800033569336,6.597760000000003
cifar100,eyeriss_latency,ga_only,73.4800033569336,6.597760000000003
cifar100,eyeriss_latency,ga_only,73.4800033569336,6.597760000000003
cifar100,eyeriss_latency,ga_only,73.4800033569336,6.597760000000003
ImageNet16-120,edgegpu_latency,ga_only,0.8333333134651184,0.5390453338623047
ImageNet16-120,edgegpu_latency,ga_only,0.8333333134651184,0.5390453338623047
ImageNet16-120,edgegpu_latency,ga_only,28.422222137451172,1.4170408248901367
ImageNet16-120,edgegpu_latency,ga_only,28.422222137451172,1.4170408248901367
ImageNet16-120,edgegpu_latency,ga_only,28.488889694213867,1.4340639114379883
ImageNet16-120,edgegpu_latency,ga_only,28.488889694213867,1.4340639114379883
ImageNet16-120,edgegpu_latency,ga_only,28.488889694213867,1.4340639114379883
ImageNet16-120,edgegpu_latency,ga_only,28.488889694213867,1.4340639114379883
ImageNet16-120,edgegpu_latency,ga_only,28.488889694213867,1.4340639114379883
ImageNet16-120,edgegpu_latency,ga_only,28.677778244018555,1.435546875
ImageNet16-120,edgegpu_latency,ga_only,28.677778244018555,1.435546875
ImageNet16-120,edgegpu_latency,ga_only,28.677778244018555,1.435546875
ImageNet16-120,edgegpu_latency,ga_only,28.683332443237305,1.4438581466674805
ImageNet16-120,edgegpu_latency,ga_only,28.683332443237305,1.4438581466674805
ImageNet16-120,edgegpu_latency,ga_only,28.683332443237305,1.4438581466674805
ImageNet16-120,edgegpu_latency,ga_only,28.71666717529297,1.4451313018798828
ImageNet16-120,edgegpu_latency,ga_only,28.71666717529297,1.4451313018798828
ImageNet16-120,edgegpu_latency,ga_only,28.71666717529297,1.4451313018798828
ImageNet16-120,edgegpu_latency,ga_only,28.71666717529297,1.4451313018798828
ImageNet16-120,edgegpu_latency,ga_only,28.71666717529297,1.4451313018798828
ImageNet16-120,edgegpu_latency,ga_only,28.71666717529297,1.4451313018798828
ImageNet16-120,edgegpu_latency,ga_only,28.71666717529297,1.4451313018798828
ImageNet16-120,edgegpu_latency,ga_only,28.71666717529297,1.4451313018798828
ImageNet16-120,edgegpu_latency,ga_only,28.71666717529297,1.4451313018798828
ImageNet16-120,edgegpu_latency,ga_only,28.71666717529297,1.4451313018798828
ImageNet16-120,edgegpu_latency,ga_only,28.71666717529297,1.4451313018798828
ImageNet16-120,edgegpu_latency,ga_only,28.71666717529297,1.4451313018798828
ImageNet16-120,edgegpu_latency,ga_only,28.71666717529297,1.4451313018798828
ImageNet16-120,edgegpu_latency,ga_only,28.71666717529297,1.4451313018798828
ImageNet16-120,edgegpu_latency,ga_only,28.71666717529297,1.4451313018798828
ImageNet16-120,edgegpu_latency,ga_only,28.71666717529297,1.4451313018798828
ImageNet16-120,edgegpu_latency,ga_only,28.71666717529297,1.4451313018798828
ImageNet16-120,edgegpu_latency,ga_only,28.71666717529297,1.4451313018798828
ImageNet16-120,edgegpu_latency,ga_only,28.71666717529297,1.4451313018798828
ImageNet16-120,edgegpu_latency,ga_only,28.71666717529297,1.4451313018798828
ImageNet16-120,edgegpu_latency,ga_only,28.71666717529297,1.4451313018798828
ImageNet16-120,edgegpu_latency,ga_only,28.71666717529297,1.4451313018798828
ImageNet16-120,edgegpu_latency,ga_only,28.71666717529297,1.4451313018798828
ImageNet16-120,edgegpu_latency,ga_only,28.71666717529297,1.4451313018798828
ImageNet16-120,edgegpu_latency,ga_only,28.71666717529297,1.4451313018798828
ImageNet16-120,edgegpu_latency,ga_only,28.71666717529297,1.4451313018798828
ImageNet16-120,edgegpu_latency,ga_only,28.788888931274414,1.4530324935913086
ImageNet16-120,edgegpu_latency,ga_only,28.788888931274414,1.4530324935913086
ImageNet16-120,edgegpu_latency,ga_only,28.788888931274414,1.4530324935913086
ImageNet16-120,edgegpu_latency,ga_only,28.91111183166504,1.4619827270507812
ImageNet16-120,edgegpu_latency,ga_only,28.91111183166504,1.4619827270507812
ImageNet16-120,edgegpu_latency,ga_only,28.91111183166504,1.4619827270507812
ImageNet16-120,edgegpu_latency,ga_only,28.91111183166504,1.4619827270507812
ImageNet16-120,edgegpu_latency,ga_only,28.91111183166504,1.4619827270507812
ImageNet16-120,edgegpu_latency,ga_only,28.91111183166504,1.4619827270507812
ImageNet16-120,edgegpu_latency,ga_only,28.91111183166504,1.4619827270507812
ImageNet16-120,edgegpu_latency,ga_only,28.91111183166504,1.4619827270507812
ImageNet16-120,edgegpu_latency,ga_only,38.78333282470703,1.7423248291015625
ImageNet16-120,edgegpu_latency,ga_only,38.78333282470703,1.7423248291015625
ImageNet16-120,edgegpu_latency,ga_only,38.78333282470703,1.7423248291015625
ImageNet16-120,edgegpu_latency,ga_only,39.099998474121094,1.7437505722045898
ImageNet16-120,edgegpu_latency,ga_only,39.099998474121094,1.7437505722045898
ImageNet16-120,edgegpu_latency,ga_only,39.099998474121094,1.7437505722045898
ImageNet16-120,edgegpu_latency,ga_only,39.099998474121094,1.7437505722045898
ImageNet16-120,edgegpu_latency,ga_only,39.099998474121094,1.7437505722045898
ImageNet16-120,edgegpu_latency,ga_only,39.099998474121094,1.7437505722045898
ImageNet16-120,edgegpu_latency,ga_only,39.099998474121094,1.7437505722045898
ImageNet16-120,edgegpu_latency,ga_only,39.099998474121094,1.7437505722045898
ImageNet16-120,edgegpu_latency,ga_only,39.099998474121094,1.7437505722045898
ImageNet16-120,edgegpu_latency,ga_only,39.099998474121094,1.7437505722045898
ImageNet16-120,edgegpu_latency,ga_only,39.099998474121094,1.7437505722045898
ImageNet16-120,edgegpu_latency,ga_only,39.099998474121094,1.7437505722045898
ImageNet16-120,edgegpu_latency,ga_only,39.099998474121094,1.7437505722045898
ImageNet16-120,edgegpu_latency,ga_only,39.21110916137695,1.7460966110229492
ImageNet16-120,edgegpu_latency,ga_only,39.21110916137695,1.7460966110229492
ImageNet16-120,edgegpu_latency,ga_only,39.21110916137695,1.7460966110229492
ImageNet16-120,edgegpu_latency,ga_only,39.21110916137695,1.7460966110229492
ImageNet16-120,edgegpu_latency,ga_only,39.21110916137695,1.7460966110229492
ImageNet16-120,edgegpu_latency,ga_only,39.21110916137695,1.7460966110229492
ImageNet16-120,edgegpu_latency,ga_only,39.233333587646484,1.7499780654907227
ImageNet16-120,edgegpu_latency,ga_only,39.233333587646484,1.7499780654907227
ImageNet16-120,edgegpu_latency,ga_only,39.28333282470703,1.7504167556762695
ImageNet16-120,edgegpu_latency,ga_only,39.5,1.7566680908203125
ImageNet16-120,edgegpu_latency,ga_only,39.5,1.7566680908203125
ImageNet16-120,edgegpu_latency,ga_only,39.5,1.7566680908203125
ImageNet16-120,edgegpu_latency,ga_only,39.61666488647461,1.8010759353637695
ImageNet16-120,edgegpu_latency,ga_only,39.61666488647461,1.8010759353637695
ImageNet16-120,edgegpu_latency,ga_only,39.61666488647461,1.8010759353637695
ImageNet16-120,edgegpu_latency,ga_only,39.71666717529297,1.8760871887207031
ImageNet16-120,edgegpu_latency,ga_only,39.71666717529297,1.8760871887207031
ImageNet16-120,edgegpu_latency,ga_only,39.71666717529297,1.8760871887207031
ImageNet16-120,edgegpu_latency,ga_only,39.71666717529297,1.8760871887207031
ImageNet16-120,edgegpu_latency,ga_only,39.71666717529297,1.8760871887207031
ImageNet16-120,edgegpu_latency,ga_only,39.71666717529297,1.8760871887207031
ImageNet16-120,edgegpu_latency,ga_only,39.94444274902344,1.909799575805664
ImageNet16-120,edgegpu_latency,ga_only,40.0444450378418,2.4346256256103516
ImageNet16-120,edgegpu_latency,ga_only,40.07777786254883,3.075251579284668
ImageNet16-120,edgegpu_latency,ga_only,40.56666564941406,3.121342658996582
ImageNet16-120,edgegpu_latency,ga_only,41.27777862548828,3.3033132553100586
ImageNet16-120,edgegpu_latency,ga_only,42.43333435058594,3.309817314147949
ImageNet16-120,edgegpu_latency,ga_only,42.43333435058594,3.309817314147949
ImageNet16-120,edgegpu_latency,ga_only,42.43333435058594,3.309817314147949
ImageNet16-120,edgegpu_latency,ga_only,42.43333435058594,3.309817314147949
ImageNet16-120,edgegpu_latency,ga_only,42.43333435058594,3.309817314147949
ImageNet16-120,edgegpu_latency,ga_only,42.43333435058594,3.309817314147949
ImageNet16-120,edgegpu_latency,ga_only,42.43333435058594,3.309817314147949
ImageNet16-120,edgegpu_latency,ga_only,42.43333435058594,3.309817314147949
ImageNet16-120,edgegpu_latency,ga_only,42.43333435058594,3.309817314147949
ImageNet16-120,edgegpu_latency,ga_only,42.43333435058594,3.309817314147949
ImageNet16-120,edgegpu_latency,ga_only,42.43333435058594,3.309817314147949
ImageNet16-120,edgegpu_latency,ga_only,42.43333435058594,3.309817314147949
ImageNet16-120,edgegpu_latency,ga_only,42.43333435058594,3.309817314147949
ImageNet16-120,edgegpu_latency,ga_only,42.43333435058594,3.309817314147949
ImageNet16-120,edgegpu_latency,ga_only,42.43333435058594,3.309817314147949
ImageNet16-120,edgegpu_latency,ga_only,42.43333435058594,3.309817314147949
ImageNet16-120,edgegpu_latency,ga_only,42.43333435058594,3.309817314147949
ImageNet16-120,edgegpu_latency,ga_only,42.43333435058594,3.309817314147949
ImageNet16-120,edgegpu_latency,ga_only,42.43333435058594,3.309817314147949
ImageNet16-120,edgegpu_latency,ga_only,42.43333435058594,3.309817314147949
ImageNet16-120,edgegpu_latency,ga_only,42.43333435058594,3.309817314147949
ImageNet16-120,edgegpu_latency,ga_only,42.43333435058594,3.309817314147949
ImageNet16-120,edgegpu_latency,ga_only,42.43333435058594,3.309817314147949
ImageNet16-120,edgegpu_latency,ga_only,42.43333435058594,3.309817314147949
ImageNet16-120,edgegpu_latency,ga_only,42.43333435058594,3.309817314147949
ImageNet16-120,edgegpu_latency,ga_only,42.43333435058594,3.309817314147949
ImageNet16-120,edgegpu_latency,ga_only,42.43333435058594,3.309817314147949
ImageNet16-120,edgegpu_latency,ga_only,42.43333435058594,3.309817314147949
ImageNet16-120,edgegpu_latency,ga_only,42.43333435058594,3.309817314147949
ImageNet16-120,edgegpu_latency,ga_only,42.43333435058594,3.309817314147949
ImageNet16-120,edgegpu_latency,ga_only,42.43333435058594,3.309817314147949
ImageNet16-120,edgegpu_latency,ga_only,42.43333435058594,3.309817314147949
ImageNet16-120,edgegpu_latency,ga_only,42.43333435058594,3.309817314147949
ImageNet16-120,edgegpu_latency,ga_only,42.43333435058594,3.309817314147949
ImageNet16-120,edgegpu_latency,ga_only,42.43333435058594,3.309817314147949
ImageNet16-120,edgegpu_latency,ga_only,42.43333435058594,3.309817314147949
ImageNet16-120,edgegpu_latency,ga_only,42.43333435058594,3.309817314147949
ImageNet16-120,edgegpu_latency,ga_only,42.43333435058594,3.309817314147949
ImageNet16-120,edgegpu_latency,ga_only,42.43333435058594,3.309817314147949
ImageNet16-120,edgegpu_latency,ga_only,42.43333435058594,3.309817314147949
ImageNet16-120,edgegpu_latency,ga_only,42.43333435058594,3.309817314147949
ImageNet16-120,edgegpu_latency,ga_only,42.43333435058594,3.309817314147949
ImageNet16-120,edgegpu_latency,ga_only,42.43333435058594,3.309817314147949
ImageNet16-120,edgegpu_latency,ga_only,42.43333435058594,3.309817314147949
ImageNet16-120,edgegpu_latency,ga_only,42.43333435058594,3.309817314147949
ImageNet16-120,edgegpu_latency,ga_only,42.43333435058594,3.309817314147949
ImageNet16-120,edgegpu_latency,ga_only,42.43333435058594,3.309817314147949
ImageNet16-120,edgegpu_latency,ga_only,42.43333435058594,3.309817314147949
ImageNet16-120,edgegpu_latency,ga_only,42.43333435058594,3.309817314147949
ImageNet16-120,edgegpu_latency,ga_only,42.43333435058594,3.309817314147949
ImageNet16-120,edgegpu_latency,ga_only,42.43333435058594,3.309817314147949
ImageNet16-120,edgegpu_latency,ga_only,42.43333435058594,3.309817314147949
ImageNet16-120,edgegpu_latency,ga_only,42.43333435058594,3.309817314147949
ImageNet16-120,edgegpu_latency,ga_only,42.43333435058594,3.309817314147949
ImageNet16-120,edgegpu_latency,ga_only,42.43333435058594,3.309817314147949
ImageNet16-120,edgegpu_latency,ga_only,42.43333435058594,3.309817314147949
ImageNet16-120,edgegpu_latency,ga_only,42.43333435058594,3.309817314147949
ImageNet16-120,edgegpu_latency,ga_only,42.43333435058594,3.309817314147949
ImageNet16-120,edgegpu_latency,ga_only,42.43333435058594,3.309817314147949
ImageNet16-120,edgegpu_latency,ga_only,42.43333435058594,3.309817314147949
ImageNet16-120,edgegpu_latency,ga_only,42.43333435058594,3.309817314147949
ImageNet16-120,edgegpu_latency,ga_only,42.43333435058594,3.309817314147949
ImageNet16-120,edgegpu_latency,ga_only,42.43333435058594,3.309817314147949
ImageNet16-120,edgegpu_latency,ga_only,42.43333435058594,3.309817314147949
ImageNet16-120,edgegpu_latency,ga_only,42.43333435058594,3.309817314147949
ImageNet16-120,edgegpu_latency,ga_only,42.43333435058594,3.309817314147949
ImageNet16-120,edgegpu_latency,ga_only,42.43333435058594,3.309817314147949
ImageNet16-120,edgegpu_latency,ga_only,42.43333435058594,3.309817314147949
ImageNet16-120,edgegpu_latency,ga_only,42.43333435058594,3.309817314147949
ImageNet16-120,edgegpu_latency,ga_only,42.43333435058594,3.309817314147949
ImageNet16-120,edgegpu_latency,ga_only,42.43333435058594,3.309817314147949
ImageNet16-120,edgegpu_latency,ga_only,42.43333435058594,3.309817314147949
ImageNet16-120,edgegpu_latency,ga_only,42.43333435058594,3.309817314147949
ImageNet16-120,edgegpu_latency,ga_only,42.43333435058594,3.309817314147949
ImageNet16-120,edgegpu_latency,ga_only,42.43333435058594,3.309817314147949
ImageNet16-120,edgegpu_latency,ga_only,42.43333435058594,3.309817314147949
ImageNet16-120,edgegpu_latency,ga_only,42.43333435058594,3.309817314147949
ImageNet16-120,edgegpu_latency,ga_only,42.43333435058594,3.309817314147949
ImageNet16-120,edgegpu_latency,ga_only,42.43333435058594,3.309817314147949
ImageNet16-120,edgegpu_latency,ga_only,42.43333435058594,3.309817314147949
ImageNet16-120,edgegpu_latency,ga_only,42.43333435058594,3.309817314147949
ImageNet16-120,edgegpu_latency,ga_only,42.43333435058594,3.309817314147949
ImageNet16-120,edgegpu_latency,ga_only,42.43333435058594,3.309817314147949
ImageNet16-120,edgegpu_latency,ga_only,42.43333435058594,3.309817314147949
ImageNet16-120,edgegpu_latency,ga_only,42.43333435058594,3.309817314147949
ImageNet16-120,edgegpu_latency,ga_only,42.43333435058594,3.309817314147949
ImageNet16-120,edgegpu_latency,ga_only,42.43333435058594,3.309817314147949
ImageNet16-120,edgegpu_latency,ga_only,42.43333435058594,3.309817314147949
ImageNet16-120,edgegpu_latency,ga_only,42.43333435058594,3.309817314147949
ImageNet16-120,edgegpu_latency,ga_only,42.43333435058594,3.309817314147949
ImageNet16-120,edgegpu_latency,ga_only,42.43333435058594,3.309817314147949
ImageNet16-120,edgegpu_latency,ga_only,42.43333435058594,3.309817314147949
ImageNet16-120,edgegpu_latency,ga_only,42.43333435058594,3.309817314147949
ImageNet16-120,edgegpu_latency,ga_only,42.43333435058594,3.309817314147949
ImageNet16-120,edgegpu_latency,ga_only,42.43333435058594,3.309817314147949
ImageNet16-120,edgegpu_latency,ga_only,42.43333435058594,3.309817314147949
ImageNet16-120,edgegpu_latency,ga_only,42.43333435058594,3.309817314147949
ImageNet16-120,edgegpu_latency,ga_only,42.43333435058594,3.309817314147949
ImageNet16-120,edgegpu_latency,ga_only,42.43333435058594,3.309817314147949
ImageNet16-120,edgegpu_latency,ga_only,42.43333435058594,3.309817314147949
ImageNet16-120,edgegpu_latency,ga_only,42.43333435058594,3.309817314147949
ImageNet16-120,edgegpu_latency,ga_only,42.43333435058594,3.309817314147949
ImageNet16-120,edgegpu_latency,ga_only,42.43333435058594,3.309817314147949
ImageNet16-120,edgegpu_latency,ga_only,42.43333435058594,3.309817314147949
ImageNet16-120,edgegpu_latency,ga_only,42.43333435058594,3.309817314147949
ImageNet16-120,edgegpu_latency,ga_only,42.43333435058594,3.309817314147949
ImageNet16-120,edgegpu_latency,ga_only,42.43333435058594,3.309817314147949
ImageNet16-120,edgegpu_latency,ga_only,42.43333435058594,3.309817314147949
ImageNet16-120,edgegpu_latency,ga_only,42.43333435058594,3.309817314147949
ImageNet16-120,edgegpu_latency,ga_only,42.43333435058594,3.309817314147949
ImageNet16-120,edgegpu_latency,ga_only,42.43333435058594,3.309817314147949
ImageNet16-120,edgegpu_latency,ga_only,42.43333435058594,3.309817314147949
ImageNet16-120,edgegpu_latency,ga_only,42.43333435058594,3.309817314147949
ImageNet16-120,edgegpu_latency,ga_only,42.43333435058594,3.309817314147949
ImageNet16-120,edgegpu_latency,ga_only,42.43333435058594,3.309817314147949
ImageNet16-120,edgegpu_latency,ga_only,42.43333435058594,3.309817314147949
ImageNet16-120,edgegpu_latency,ga_only,42.43333435058594,3.309817314147949
ImageNet16-120,edgegpu_latency,ga_only,42.43333435058594,3.309817314147949
ImageNet16-120,edgegpu_latency,ga_only,42.43333435058594,3.309817314147949
ImageNet16-120,edgegpu_latency,ga_only,42.43333435058594,3.309817314147949
ImageNet16-120,edgegpu_latency,ga_only,42.43333435058594,3.309817314147949
ImageNet16-120,edgegpu_latency,ga_only,42.43333435058594,3.309817314147949
ImageNet16-120,edgegpu_latency,ga_only,42.43333435058594,3.309817314147949
ImageNet16-120,edgegpu_latency,ga_only,42.43333435058594,3.309817314147949
ImageNet16-120,edgegpu_latency,ga_only,42.43333435058594,3.309817314147949
ImageNet16-120,edgegpu_latency,ga_only,42.43333435058594,3.309817314147949
ImageNet16-120,edgegpu_latency,ga_only,42.43333435058594,3.309817314147949
ImageNet16-120,edgegpu_latency,ga_only,42.43333435058594,3.309817314147949
ImageNet16-120,edgegpu_latency,ga_only,42.43333435058594,3.309817314147949
ImageNet16-120,edgegpu_latency,ga_only,42.43333435058594,3.309817314147949
ImageNet16-120,edgegpu_latency,ga_only,42.43333435058594,3.309817314147949
ImageNet16-120,edgegpu_latency,ga_only,42.43333435058594,3.309817314147949
ImageNet16-120,edgegpu_latency,ga_only,42.43333435058594,3.309817314147949
ImageNet16-120,edgegpu_latency,ga_only,42.43333435058594,3.309817314147949
ImageNet16-120,edgegpu_latency,ga_only,42.43333435058594,3.309817314147949
ImageNet16-120,edgegpu_latency,ga_only,42.43333435058594,3.309817314147949
ImageNet16-120,edgegpu_latency,ga_only,42.43333435058594,3.309817314147949
ImageNet16-120,edgegpu_latency,ga_only,42.43333435058594,3.309817314147949
ImageNet16-120,edgegpu_latency,ga_only,42.43333435058594,3.309817314147949
ImageNet16-120,edgegpu_latency,ga_only,42.43333435058594,3.309817314147949
ImageNet16-120,edgegpu_latency,ga_only,42.43333435058594,3.309817314147949
ImageNet16-120,edgegpu_latency,ga_only,42.43333435058594,3.309817314147949
ImageNet16-120,edgegpu_latency,ga_only,42.43333435058594,3.309817314147949
ImageNet16-120,edgegpu_latency,ga_only,42.43333435058594,3.309817314147949
ImageNet16-120,edgegpu_latency,ga_only,42.43333435058594,3.309817314147949
ImageNet16-120,edgegpu_latency,ga_only,42.43333435058594,3.309817314147949
ImageNet16-120,edgegpu_latency,ga_only,42.43333435058594,3.309817314147949
ImageNet16-120,edgegpu_latency,ga_only,42.43333435058594,3.309817314147949
ImageNet16-120,edgegpu_latency,ga_only,42.43333435058594,3.309817314147949
ImageNet16-120,edgegpu_latency,ga_only,42.43333435058594,3.309817314147949
ImageNet16-120,edgegpu_latency,ga_only,42.43333435058594,3.309817314147949
ImageNet16-120,edgegpu_latency,ga_only,42.43333435058594,3.309817314147949
ImageNet16-120,edgegpu_latency,ga_only,42.43333435058594,3.309817314147949
ImageNet16-120,edgegpu_latency,ga_only,42.43333435058594,3.309817314147949
ImageNet16-120,edgegpu_latency,ga_only,42.43333435058594,3.309817314147949
ImageNet16-120,edgegpu_latency,ga_only,42.43333435058594,3.309817314147949
ImageNet16-120,edgegpu_latency,ga_only,42.43333435058594,3.309817314147949
ImageNet16-120,edgegpu_latency,ga_only,42.43333435058594,3.309817314147949
ImageNet16-120,edgegpu_latency,ga_only,42.43333435058594,3.309817314147949
ImageNet16-120,edgegpu_latency,ga_only,42.43333435058594,3.309817314147949
ImageNet16-120,edgegpu_latency,ga_only,42.43333435058594,3.309817314147949
ImageNet16-120,edgegpu_latency,ga_only,42.43333435058594,3.309817314147949
ImageNet16-120,edgegpu_latency,ga_only,42.43333435058594,3.309817314147949
ImageNet16-120,edgegpu_latency,ga_only,42.43333435058594,3.309817314147949
ImageNet16-120,edgegpu_latency,ga_only,42.43333435058594,3.309817314147949
ImageNet16-120,edgegpu_latency,ga_only,42.43333435058594,3.309817314147949
ImageNet16-120,edgegpu_latency,ga_only,42.43333435058594,3.309817314147949
ImageNet16-120,edgegpu_latency,ga_only,42.43333435058594,3.309817314147949
ImageNet16-120,edgegpu_latency,ga_only,42.43333435058594,3.309817314147949
ImageNet16-120,edgegpu_latency,ga_only,42.43333435058594,3.309817314147949
ImageNet16-120,edgegpu_latency,ga_only,42.43333435058594,3.309817314147949
ImageNet16-120,edgegpu_latency,ga_only,42.43333435058594,3.309817314147949
ImageNet16-120,edgegpu_latency,ga_only,42.43333435058594,3.309817314147949
ImageNet16-120,edgegpu_latency,ga_only,42.43333435058594,3.309817314147949
ImageNet16-120,edgegpu_latency,ga_only,42.43333435058594,3.309817314147949
ImageNet16-120,edgegpu_latency,ga_only,42.43333435058594,3.309817314147949
ImageNet16-120,edgegpu_latency,ga_only,42.43333435058594,3.309817314147949
ImageNet16-120,edgegpu_latency,ga_only,42.43333435058594,3.309817314147949
ImageNet16-120,edgegpu_latency,ga_only,42.43333435058594,3.309817314147949
ImageNet16-120,edgegpu_latency,ga_only,42.43333435058594,3.309817314147949
ImageNet16-120,edgegpu_latency,ga_only,42.43333435058594,3.309817314147949
ImageNet16-120,edgegpu_latency,ga_only,42.43333435058594,3.309817314147949
ImageNet16-120,edgegpu_latency,ga_only,42.43333435058594,3.309817314147949
ImageNet16-120,edgegpu_latency,ga_only,42.43333435058594,3.309817314147949
ImageNet16-120,edgegpu_latency,ga_only,42.43333435058594,3.309817314147949
ImageNet16-120,edgegpu_latency,ga_only,42.43333435058594,3.309817314147949
ImageNet16-120,edgegpu_latency,ga_only,42.43333435058594,3.309817314147949
ImageNet16-120,edgegpu_latency,ga_only,42.43333435058594,3.309817314147949
ImageNet16-120,edgegpu_latency,ga_only,42.43333435058594,3.309817314147949
ImageNet16-120,edgegpu_latency,ga_only,42.43333435058594,3.309817314147949
ImageNet16-120,edgegpu_latency,ga_only,42.43333435058594,3.309817314147949
ImageNet16-120,edgegpu_latency,ga_only,42.43333435058594,3.309817314147949
ImageNet16-120,edgegpu_latency,ga_only,42.43333435058594,3.309817314147949
ImageNet16-120,edgegpu_latency,ga_only,42.43333435058594,3.309817314147949
ImageNet16-120,edgegpu_latency,ga_only,42.43333435058594,3.309817314147949
ImageNet16-120,edgegpu_latency,ga_only,42.43333435058594,3.309817314147949
ImageNet16-120,edgegpu_latency,ga_only,42.43333435058594,3.309817314147949
ImageNet16-120,edgegpu_latency,ga_only,42.43333435058594,3.309817314147949
ImageNet16-120,edgegpu_latency,ga_only,42.43333435058594,3.309817314147949
ImageNet16-120,edgegpu_latency,ga_only,42.43333435058594,3.309817314147949
ImageNet16-120,edgegpu_latency,ga_only,42.43333435058594,3.309817314147949
ImageNet16-120,edgegpu_latency,ga_only,42.43333435058594,3.309817314147949
ImageNet16-120,edgegpu_latency,ga_only,42.43333435058594,3.309817314147949
ImageNet16-120,edgegpu_latency,ga_only,42.43333435058594,3.309817314147949
ImageNet16-120,edgegpu_latency,ga_only,42.43333435058594,3.309817314147949
ImageNet16-120,edgegpu_latency,ga_only,42.43333435058594,3.309817314147949
ImageNet16-120,edgegpu_latency,ga_only,42.43333435058594,3.309817314147949
ImageNet16-120,edgegpu_latency,ga_only,42.43333435058594,3.309817314147949
ImageNet16-120,edgegpu_latency,ga_only,42.43333435058594,3.309817314147949
ImageNet16-120,edgegpu_latency,ga_only,42.43333435058594,3.309817314147949
ImageNet16-120,edgegpu_latency,ga_only,42.43333435058594,3.309817314147949
ImageNet16-120,edgegpu_latency,ga_only,42.43333435058594,3.309817314147949
ImageNet16-120,edgegpu_latency,ga_only,42.43333435058594,3.309817314147949
ImageNet16-120,edgegpu_latency,ga_only,42.43333435058594,3.309817314147949
ImageNet16-120,edgegpu_latency,ga_only,42.43333435058594,3.309817314147949
ImageNet16-120,edgegpu_latency,ga_only,42.43333435058594,3.309817314147949
ImageNet16-120,edgegpu_latency,ga_only,42.43333435058594,3.309817314147949
ImageNet16-120,edgegpu_latency,ga_only,42.43333435058594,3.309817314147949
ImageNet16-120,edgegpu_latency,ga_only,42.43333435058594,3.309817314147949
ImageNet16-120,edgegpu_latency,ga_only,42.43333435058594,3.309817314147949
ImageNet16-120,edgegpu_latency,ga_only,42.43333435058594,3.309817314147949
ImageNet16-120,edgegpu_latency,ga_only,42.43333435058594,3.309817314147949
ImageNet16-120,edgegpu_latency,ga_only,42.43333435058594,3.309817314147949
ImageNet16-120,edgegpu_latency,ga_only,42.43333435058594,3.309817314147949
ImageNet16-120,edgegpu_latency,ga_only,42.43333435058594,3.309817314147949
ImageNet16-120,edgegpu_latency,ga_only,42.43333435058594,3.309817314147949
ImageNet16-120,edgegpu_latency,ga_only,42.43333435058594,3.309817314147949
ImageNet16-120,edgegpu_latency,ga_only,42.43333435058594,3.309817314147949
ImageNet16-120,edgegpu_latency,ga_only,42.43333435058594,3.309817314147949
ImageNet16-120,edgegpu_latency,ga_only,42.43333435058594,3.309817314147949
ImageNet16-120,edgegpu_latency,ga_only,42.43333435058594,3.309817314147949
ImageNet16-120,edgegpu_latency,ga_only,42.43333435058594,3.309817314147949
ImageNet16-120,edgegpu_latency,ga_only,42.43333435058594,3.309817314147949
ImageNet16-120,edgegpu_latency,ga_only,42.43333435058594,3.309817314147949
ImageNet16-120,edgegpu_latency,ga_only,42.43333435058594,3.309817314147949
ImageNet16-120,edgegpu_latency,ga_only,42.43333435058594,3.309817314147949
ImageNet16-120,edgegpu_latency,ga_only,42.43333435058594,3.309817314147949
ImageNet16-120,edgegpu_latency,ga_only,42.43333435058594,3.309817314147949
ImageNet16-120,edgegpu_latency,ga_only,42.43333435058594,3.309817314147949
ImageNet16-120,edgegpu_latency,ga_only,42.43333435058594,3.309817314147949
ImageNet16-120,edgegpu_latency,ga_only,42.43333435058594,3.309817314147949
ImageNet16-120,edgegpu_latency,ga_only,42.43333435058594,3.309817314147949
ImageNet16-120,edgegpu_latency,ga_only,42.43333435058594,3.309817314147949
ImageNet16-120,edgegpu_latency,ga_only,42.43333435058594,3.309817314147949
ImageNet16-120,edgegpu_latency,ga_only,42.43333435058594,3.309817314147949
ImageNet16-120,edgegpu_latency,ga_only,42.43333435058594,3.309817314147949
ImageNet16-120,edgegpu_latency,ga_only,42.43333435058594,3.309817314147949
ImageNet16-120,edgegpu_latency,ga_only,42.43333435058594,3.309817314147949
ImageNet16-120,edgegpu_latency,ga_only,42.43333435058594,3.309817314147949
ImageNet16-120,edgegpu_latency,ga_only,42.43333435058594,3.309817314147949
ImageNet16-120,edgegpu_latency,ga_only,42.43333435058594,3.309817314147949
ImageNet16-120,edgegpu_latency,ga_only,42.43333435058594,3.309817314147949
ImageNet16-120,edgegpu_latency,ga_only,42.43333435058594,3.309817314147949
ImageNet16-120,edgegpu_latency,ga_only,42.43333435058594,3.309817314147949
ImageNet16-120,edgegpu_latency,ga_only,42.43333435058594,3.309817314147949
ImageNet16-120,edgegpu_latency,ga_only,42.43333435058594,3.309817314147949
ImageNet16-120,edgegpu_latency,ga_only,42.43333435058594,3.309817314147949
ImageNet16-120,edgegpu_latency,ga_only,42.43333435058594,3.309817314147949
ImageNet16-120,edgegpu_latency,ga_only,42.43333435058594,3.309817314147949
ImageNet16-120,edgegpu_latency,ga_only,42.43333435058594,3.309817314147949
ImageNet16-120,edgegpu_latency,ga_only,42.43333435058594,3.309817314147949
ImageNet16-120,edgegpu_latency,ga_only,42.43333435058594,3.309817314147949
ImageNet16-120,edgegpu_latency,ga_only,42.43333435058594,3.309817314147949
ImageNet16-120,edgegpu_latency,ga_only,42.43333435058594,3.309817314147949
ImageNet16-120,edgegpu_latency,ga_only,42.43333435058594,3.309817314147949
ImageNet16-120,edgegpu_latency,ga_only,42.43333435058594,3.309817314147949
ImageNet16-120,edgegpu_latency,ga_only,42.43333435058594,3.309817314147949
ImageNet16-120,edgegpu_latency,ga_only,42.43333435058594,3.309817314147949
ImageNet16-120,edgegpu_latency,ga_only,42.43333435058594,3.309817314147949
ImageNet16-120,edgegpu_latency,ga_only,42.43333435058594,3.309817314147949
ImageNet16-120,edgegpu_latency,ga_only,42.43333435058594,3.309817314147949
ImageNet16-120,edgegpu_latency,ga_only,42.43333435058594,3.309817314147949
ImageNet16-120,edgegpu_latency,ga_only,42.43333435058594,3.309817314147949
ImageNet16-120,edgegpu_latency,ga_only,42.43333435058594,3.309817314147949
ImageNet16-120,edgegpu_latency,ga_only,42.43333435058594,3.309817314147949
ImageNet16-120,edgegpu_latency,ga_only,42.43333435058594,3.309817314147949
ImageNet16-120,edgegpu_latency,ga_only,42.43333435058594,3.309817314147949
ImageNet16-120,edgegpu_latency,ga_only,42.43333435058594,3.309817314147949
ImageNet16-120,edgegpu_latency,ga_only,42.43333435058594,3.309817314147949
ImageNet16-120,edgegpu_latency,ga_only,42.43333435058594,3.309817314147949
ImageNet16-120,edgegpu_latency,ga_only,42.43333435058594,3.309817314147949
ImageNet16-120,edgegpu_latency,ga_only,42.43333435058594,3.309817314147949
ImageNet16-120,edgegpu_latency,ga_only,42.43333435058594,3.309817314147949
ImageNet16-120,edgegpu_latency,ga_only,42.43333435058594,3.309817314147949
ImageNet16-120,edgegpu_latency,ga_only,42.43333435058594,3.309817314147949
ImageNet16-120,edgegpu_latency,ga_only,42.43333435058594,3.309817314147949
ImageNet16-120,edgegpu_latency,ga_only,42.43333435058594,3.309817314147949
ImageNet16-120,edgegpu_latency,ga_only,42.43333435058594,3.309817314147949
ImageNet16-120,edgegpu_latency,ga_only,42.43333435058594,3.309817314147949
ImageNet16-120,edgegpu_latency,ga_only,42.43333435058594,3.309817314147949
ImageNet16-120,edgegpu_latency,ga_only,42.43333435058594,3.309817314147949
ImageNet16-120,edgegpu_latency,ga_only,42.43333435058594,3.309817314147949
ImageNet16-120,edgegpu_latency,ga_only,42.43333435058594,3.309817314147949
ImageNet16-120,edgegpu_latency,ga_only,42.43333435058594,3.309817314147949
ImageNet16-120,edgegpu_latency,ga_only,42.43333435058594,3.309817314147949
ImageNet16-120,edgegpu_latency,ga_only,42.43333435058594,3.309817314147949
ImageNet16-120,edgegpu_latency,ga_only,42.43333435058594,3.309817314147949
ImageNet16-120,edgegpu_latency,ga_only,42.43333435058594,3.309817314147949
ImageNet16-120,edgegpu_latency,ga_only,42.43333435058594,3.309817314147949
ImageNet16-120,edgegpu_latency,ga_only,42.43333435058594,3.309817314147949
ImageNet16-120,edgegpu_latency,ga_only,42.43333435058594,3.309817314147949
ImageNet16-120,edgegpu_latency,ga_only,42.43333435058594,3.309817314147949
ImageNet16-120,edgegpu_latency,ga_only,42.43333435058594,3.309817314147949
ImageNet16-120,edgegpu_latency,ga_only,42.43333435058594,3.309817314147949
ImageNet16-120,edgegpu_latency,ga_only,42.43333435058594,3.309817314147949
ImageNet16-120,edgegpu_latency,ga_only,42.43333435058594,3.309817314147949
ImageNet16-120,edgegpu_latency,ga_only,42.43333435058594,3.309817314147949
ImageNet16-120,edgegpu_latency,ga_only,42.43333435058594,3.309817314147949
ImageNet16-120,edgegpu_latency,ga_only,42.43333435058594,3.309817314147949
ImageNet16-120,edgegpu_latency,ga_only,42.43333435058594,3.309817314147949
ImageNet16-120,edgegpu_latency,ga_only,42.43333435058594,3.309817314147949
ImageNet16-120,edgegpu_latency,ga_only,42.43333435058594,3.309817314147949
ImageNet16-120,edgegpu_latency,ga_only,42.43333435058594,3.309817314147949
ImageNet16-120,edgegpu_latency,ga_only,42.43333435058594,3.309817314147949
ImageNet16-120,edgegpu_latency,ga_only,42.43333435058594,3.309817314147949
ImageNet16-120,edgegpu_latency,ga_only,42.43333435058594,3.309817314147949
ImageNet16-120,edgegpu_latency,ga_only,42.43333435058594,3.309817314147949
ImageNet16-120,edgegpu_latency,ga_only,42.43333435058594,3.309817314147949
ImageNet16-120,edgegpu_latency,ga_only,42.43333435058594,3.309817314147949
ImageNet16-120,edgegpu_latency,ga_only,42.43333435058594,3.309817314147949
ImageNet16-120,edgegpu_latency,ga_only,42.43333435058594,3.309817314147949
ImageNet16-120,edgegpu_latency,ga_only,42.43333435058594,3.309817314147949
ImageNet16-120,edgegpu_latency,ga_only,42.43333435058594,3.309817314147949
ImageNet16-120,edgegpu_latency,ga_only,42.43333435058594,3.309817314147949
ImageNet16-120,edgegpu_latency,ga_only,43.75,3.3167076110839844
ImageNet16-120,edgegpu_latency,ga_only,43.75,3.3167076110839844
ImageNet16-120,edgegpu_latency,ga_only,43.75,3.3167076110839844
ImageNet16-120,edgegpu_latency,ga_only,43.75,3.3167076110839844
ImageNet16-120,edgegpu_latency,ga_only,43.75,3.3167076110839844
ImageNet16-120,edgegpu_latency,ga_only,43.75,3.3167076110839844
ImageNet16-120,edgegpu_latency,ga_only,43.75,3.3167076110839844
ImageNet16-120,edgegpu_latency,ga_only,43.75,3.3167076110839844
ImageNet16-120,edgegpu_latency,ga_only,43.75,3.3167076110839844
ImageNet16-120,edgegpu_latency,ga_only,43.75,3.3167076110839844
ImageNet16-120,edgegpu_latency,ga_only,43.75,3.3167076110839844
ImageNet16-120,edgegpu_latency,ga_only,43.75,3.3167076110839844
ImageNet16-120,edgegpu_latency,ga_only,43.75,3.3167076110839844
ImageNet16-120,edgegpu_latency,ga_only,43.75,3.3167076110839844
ImageNet16-120,edgegpu_latency,ga_only,43.75,3.3167076110839844
ImageNet16-120,edgegpu_latency,ga_only,43.75,3.3167076110839844
ImageNet16-120,edgegpu_latency,ga_only,43.75,3.3167076110839844
ImageNet16-120,edgegpu_latency,ga_only,43.75,3.3167076110839844
ImageNet16-120,edgegpu_latency,ga_only,43.75,3.3167076110839844
ImageNet16-120,edgegpu_latency,ga_only,43.75,3.3167076110839844
ImageNet16-120,edgegpu_latency,ga_only,43.75,3.3167076110839844
ImageNet16-120,edgegpu_latency,ga_only,43.75,3.3167076110839844
ImageNet16-120,edgegpu_latency,ga_only,43.75,3.3167076110839844
ImageNet16-120,edgegpu_latency,ga_only,43.75,3.3167076110839844
ImageNet16-120,edgegpu_latency,ga_only,43.75,3.3167076110839844
ImageNet16-120,edgegpu_latency,ga_only,43.75,3.3167076110839844
ImageNet16-120,edgegpu_latency,ga_only,43.75,3.3167076110839844
ImageNet16-120,edgegpu_latency,ga_only,43.75,3.3167076110839844
ImageNet16-120,edgegpu_latency,ga_only,43.75,3.3167076110839844
ImageNet16-120,edgegpu_latency,ga_only,43.75,3.3167076110839844
ImageNet16-120,edgegpu_latency,ga_only,43.75,3.3167076110839844
ImageNet16-120,edgegpu_latency,ga_only,43.75,3.3167076110839844
ImageNet16-120,edgegpu_latency,ga_only,43.75,3.3167076110839844
ImageNet16-120,edgegpu_latency,ga_only,43.75,3.3167076110839844
ImageNet16-120,edgegpu_latency,ga_only,43.75,3.3167076110839844
ImageNet16-120,edgegpu_latency,ga_only,43.75,3.3167076110839844
ImageNet16-120,edgegpu_latency,ga_only,43.75,3.3167076110839844
ImageNet16-120,edgegpu_latency,ga_only,43.75,3.3167076110839844
ImageNet16-120,edgegpu_latency,ga_only,43.75,3.3167076110839844
ImageNet16-120,edgegpu_latency,ga_only,43.75,3.3167076110839844
ImageNet16-120,edgegpu_latency,ga_only,43.75,3.3167076110839844
ImageNet16-120,edgegpu_latency,ga_only,43.75,3.3167076110839844
ImageNet16-120,edgegpu_latency,ga_only,43.75,3.3167076110839844
ImageNet16-120,edgegpu_latency,ga_only,43.75,3.3167076110839844
ImageNet16-120,edgegpu_latency,ga_only,43.75,3.3167076110839844
ImageNet16-120,edgegpu_latency,ga_only,43.75,3.3167076110839844
ImageNet16-120,edgegpu_latency,ga_only,43.75,3.3167076110839844
ImageNet16-120,edgegpu_latency,ga_only,43.75,3.3167076110839844
ImageNet16-120,edgegpu_latency,ga_only,43.75,3.3167076110839844
ImageNet16-120,edgegpu_latency,ga_only,43.75,3.3167076110839844
ImageNet16-120,edgegpu_latency,ga_only,43.75,3.3167076110839844
ImageNet16-120,edgegpu_latency,ga_only,43.75,3.3167076110839844
ImageNet16-120,edgegpu_latency,ga_only,43.75,3.3167076110839844
ImageNet16-120,edgegpu_latency,ga_only,43.75,3.3167076110839844
ImageNet16-120,edgegpu_latency,ga_only,43.75,3.3167076110839844
ImageNet16-120,edgegpu_latency,ga_only,43.75,3.3167076110839844
ImageNet16-120,edgegpu_latency,ga_only,43.75,3.3167076110839844
ImageNet16-120,edgegpu_latency,ga_only,43.75,3.3167076110839844
ImageNet16-120,edgegpu_latency,ga_only,43.75,3.3167076110839844
ImageNet16-120,edgegpu_latency,ga_only,43.75,3.3167076110839844
ImageNet16-120,edgegpu_latency,ga_only,43.75,3.3167076110839844
ImageNet16-120,edgegpu_latency,ga_only,43.75,3.3167076110839844
ImageNet16-120,edgegpu_latency,ga_only,43.75,3.3167076110839844
ImageNet16-120,edgegpu_latency,ga_only,43.75,3.3167076110839844
ImageNet16-120,edgegpu_latency,ga_only,43.75,3.3167076110839844
ImageNet16-120,edgegpu_latency,ga_only,43.75,3.3167076110839844
ImageNet16-120,edgegpu_latency,ga_only,43.75,3.3167076110839844
ImageNet16-120,edgegpu_latency,ga_only,43.75,3.3167076110839844
ImageNet16-120,edgegpu_latency,ga_only,43.75,3.3167076110839844
ImageNet16-120,edgegpu_latency,ga_only,43.75,3.3167076110839844
ImageNet16-120,edgegpu_latency,ga_only,43.75,3.3167076110839844
ImageNet16-120,edgegpu_latency,ga_only,43.75,3.3167076110839844
ImageNet16-120,edgegpu_latency,ga_only,43.75,3.3167076110839844
ImageNet16-120,edgegpu_latency,ga_only,43.75,3.3167076110839844
ImageNet16-120,edgegpu_latency,ga_only,43.75,3.3167076110839844
ImageNet16-120,edgegpu_latency,ga_only,43.75,3.3167076110839844
ImageNet16-120,edgegpu_latency,ga_only,43.75,3.3167076110839844
ImageNet16-120,edgegpu_latency,ga_only,43.75,3.3167076110839844
ImageNet16-120,edgegpu_latency,ga_only,43.75,3.3167076110839844
ImageNet16-120,edgegpu_latency,ga_only,43.75,3.3167076110839844
ImageNet16-120,edgegpu_latency,ga_only,43.75,3.3167076110839844
ImageNet16-120,edgegpu_latency,ga_only,43.75,3.3167076110839844
ImageNet16-120,edgegpu_latency,ga_only,43.75,3.3167076110839844
ImageNet16-120,edgegpu_latency,ga_only,43.75,3.3167076110839844
ImageNet16-120,edgegpu_latency,ga_only,43.75,3.3167076110839844
ImageNet16-120,edgegpu_latency,ga_only,43.75,3.3167076110839844
ImageNet16-120,edgegpu_latency,ga_only,43.75,3.3167076110839844
ImageNet16-120,edgegpu_latency,ga_only,43.75,3.3167076110839844
ImageNet16-120,edgegpu_latency,ga_only,43.75,3.3167076110839844
ImageNet16-120,edgegpu_latency,ga_only,43.75,3.3167076110839844
ImageNet16-120,edgegpu_latency,ga_only,43.75,3.3167076110839844
ImageNet16-120,edgegpu_latency,ga_only,43.75,3.3167076110839844
ImageNet16-120,edgegpu_latency,ga_only,43.75,3.3167076110839844
ImageNet16-120,edgegpu_latency,ga_only,43.75,3.3167076110839844
ImageNet16-120,edgegpu_latency,ga_only,43.75,3.3167076110839844
ImageNet16-120,edgegpu_latency,ga_only,43.75,3.3167076110839844
ImageNet16-120,edgegpu_latency,ga_only,43.75,3.3167076110839844
ImageNet16-120,edgegpu_latency,ga_only,43.75,3.3167076110839844
ImageNet16-120,edgegpu_latency,ga_only,43.75,3.3167076110839844
ImageNet16-120,edgegpu_latency,ga_only,43.75,3.3167076110839844
ImageNet16-120,edgegpu_latency,ga_only,43.75,3.3167076110839844
ImageNet16-120,edgegpu_latency,ga_only,43.75,3.3167076110839844
ImageNet16-120,edgegpu_latency,ga_only,43.75,3.3167076110839844
ImageNet16-120,edgegpu_latency,ga_only,43.75,3.3167076110839844
ImageNet16-120,edgegpu_latency,ga_only,43.75,3.3167076110839844
ImageNet16-120,edgegpu_latency,ga_only,43.75,3.3167076110839844
ImageNet16-120,edgegpu_latency,ga_only,43.75,3.3167076110839844
ImageNet16-120,edgegpu_latency,ga_only,43.75,3.3167076110839844
ImageNet16-120,edgegpu_latency,ga_only,43.75,3.3167076110839844
ImageNet16-120,edgegpu_latency,ga_only,43.75,3.3167076110839844
ImageNet16-120,edgegpu_latency,ga_only,43.75,3.3167076110839844
ImageNet16-120,edgegpu_latency,ga_only,43.75,3.3167076110839844
ImageNet16-120,edgegpu_latency,ga_only,43.75,3.3167076110839844
ImageNet16-120,edgegpu_latency,ga_only,43.75,3.3167076110839844
ImageNet16-120,edgegpu_latency,ga_only,43.75,3.3167076110839844
ImageNet16-120,edgegpu_latency,ga_only,43.75,3.3167076110839844
ImageNet16-120,edgegpu_latency,ga_only,43.75,3.3167076110839844
ImageNet16-120,edgegpu_latency,ga_only,43.75,3.3167076110839844
ImageNet16-120,edgegpu_latency,ga_only,43.75,3.3167076110839844
ImageNet16-120,edgegpu_latency,ga_only,43.75,3.3167076110839844
ImageNet16-120,edgegpu_latency,ga_only,43.75,3.3167076110839844
ImageNet16-120,edgegpu_latency,ga_only,43.75,3.3167076110839844
ImageNet16-120,edgegpu_latency,ga_only,43.75,3.3167076110839844
ImageNet16-120,edgegpu_latency,ga_only,43.75,3.3167076110839844
ImageNet16-120,edgegpu_latency,ga_only,43.75,3.3167076110839844
ImageNet16-120,edgegpu_latency,ga_only,43.75,3.3167076110839844
ImageNet16-120,edgegpu_latency,ga_only,43.75,3.3167076110839844
ImageNet16-120,edgegpu_latency,ga_only,43.75,3.3167076110839844
ImageNet16-120,edgegpu_latency,ga_only,43.75,3.3167076110839844
ImageNet16-120,edgegpu_latency,ga_only,43.75,3.3167076110839844
ImageNet16-120,edgegpu_latency,ga_only,43.75,3.3167076110839844
ImageNet16-120,edgegpu_latency,ga_only,43.75,3.3167076110839844
ImageNet16-120,edgegpu_latency,ga_only,43.75,3.3167076110839844
ImageNet16-120,edgegpu_latency,ga_only,43.75,3.3167076110839844
ImageNet16-120,edgegpu_latency,ga_only,43.75,3.3167076110839844
ImageNet16-120,edgegpu_latency,ga_only,43.75,3.3167076110839844
ImageNet16-120,edgegpu_latency,ga_only,43.75,3.3167076110839844
ImageNet16-120,edgegpu_latency,ga_only,43.75,3.3167076110839844
ImageNet16-120,edgegpu_latency,ga_only,43.75,3.3167076110839844
ImageNet16-120,edgegpu_latency,ga_only,43.75,3.3167076110839844
ImageNet16-120,edgegpu_latency,ga_only,43.75,3.3167076110839844
ImageNet16-120,edgegpu_latency,ga_only,43.75,3.3167076110839844
ImageNet16-120,edgegpu_latency,ga_only,43.75,3.3167076110839844
ImageNet16-120,edgegpu_latency,ga_only,43.75,3.3167076110839844
ImageNet16-120,edgegpu_latency,ga_only,43.75,3.3167076110839844
ImageNet16-120,edgegpu_latency,ga_only,43.75,3.3167076110839844
ImageNet16-120,edgegpu_latency,ga_only,43.75,3.3167076110839844
ImageNet16-120,edgegpu_latency,ga_only,43.75,3.3167076110839844
ImageNet16-120,edgegpu_latency,ga_only,43.75,3.3167076110839844
ImageNet16-120,edgegpu_latency,ga_only,43.75,3.3167076110839844
ImageNet16-120,edgegpu_latency,ga_only,43.75,3.3167076110839844
ImageNet16-120,edgegpu_latency,ga_only,43.75,3.3167076110839844
ImageNet16-120,edgegpu_latency,ga_only,43.75,3.3167076110839844
ImageNet16-120,edgegpu_latency,ga_only,43.75,3.3167076110839844
ImageNet16-120,edgegpu_latency,ga_only,43.75,3.3167076110839844
ImageNet16-120,edgegpu_latency,ga_only,43.75,3.3167076110839844
ImageNet16-120,edgegpu_latency,ga_only,43.75,3.3167076110839844
ImageNet16-120,edgegpu_latency,ga_only,43.75,3.3167076110839844
ImageNet16-120,edgegpu_latency,ga_only,43.75,3.3167076110839844
ImageNet16-120,edgegpu_latency,ga_only,43.75,3.3167076110839844
ImageNet16-120,edgegpu_latency,ga_only,43.75,3.3167076110839844
ImageNet16-120,edgegpu_latency,ga_only,43.75,3.3167076110839844
ImageNet16-120,edgegpu_latency,ga_only,43.75,3.3167076110839844
ImageNet16-120,edgegpu_latency,ga_only,43.75,3.3167076110839844
ImageNet16-120,edgegpu_latency,ga_only,43.75,3.3167076110839844
ImageNet16-120,edgegpu_latency,ga_only,43.75,3.3167076110839844
ImageNet16-120,edgegpu_latency,ga_only,43.75,3.3167076110839844
ImageNet16-120,edgegpu_latency,ga_only,43.75,3.3167076110839844
ImageNet16-120,edgegpu_latency,ga_only,43.75,3.3167076110839844
ImageNet16-120,edgegpu_latency,ga_only,43.75,3.3167076110839844
ImageNet16-120,edgegpu_latency,ga_only,43.75,3.3167076110839844
ImageNet16-120,edgegpu_latency,ga_only,43.75,3.3167076110839844
ImageNet16-120,edgegpu_latency,ga_only,43.75,3.3167076110839844
ImageNet16-120,edgegpu_latency,ga_only,43.75,3.3167076110839844
ImageNet16-120,edgegpu_latency,ga_only,43.75,3.3167076110839844
ImageNet16-120,edgegpu_latency,ga_only,43.75,3.3167076110839844
ImageNet16-120,edgegpu_latency,ga_only,43.75,3.3167076110839844
ImageNet16-120,edgegpu_latency,ga_only,43.75,3.3167076110839844
ImageNet16-120,edgegpu_latency,ga_only,43.75,3.3167076110839844
ImageNet16-120,edgegpu_latency,ga_only,43.75,3.3167076110839844
ImageNet16-120,edgegpu_latency,ga_only,43.75,3.3167076110839844
ImageNet16-120,edgegpu_latency,ga_only,43.75,3.3167076110839844
ImageNet16-120,edgegpu_latency,ga_only,43.75,3.3167076110839844
ImageNet16-120,edgegpu_latency,ga_only,43.75,3.3167076110839844
ImageNet16-120,edgegpu_latency,ga_only,43.75,3.3167076110839844
ImageNet16-120,edgegpu_latency,ga_only,43.75,3.3167076110839844
ImageNet16-120,edgegpu_latency,ga_only,43.75,3.3167076110839844
ImageNet16-120,edgegpu_latency,ga_only,43.75,3.3167076110839844
ImageNet16-120,edgegpu_latency,ga_only,43.75,3.3167076110839844
ImageNet16-120,edgegpu_latency,ga_only,43.75,3.3167076110839844
ImageNet16-120,edgegpu_latency,ga_only,43.75,3.3167076110839844
ImageNet16-120,edgegpu_latency,ga_only,43.75,3.3167076110839844
ImageNet16-120,edgegpu_latency,ga_only,43.75,3.3167076110839844
ImageNet16-120,edgegpu_latency,ga_only,43.75,3.3167076110839844
ImageNet16-120,edgegpu_latency,ga_only,43.75,3.3167076110839844
ImageNet16-120,edgegpu_latency,ga_only,43.75,3.3167076110839844
ImageNet16-120,edgegpu_latency,ga_only,43.75,3.3167076110839844
ImageNet16-120,edgegpu_latency,ga_only,43.75,3.3167076110839844
ImageNet16-120,edgegpu_latency,ga_only,43.75,3.3167076110839844
ImageNet16-120,edgegpu_latency,ga_only,43.75,3.3167076110839844
ImageNet16-120,edgegpu_latency,ga_only,43.75,3.3167076110839844
ImageNet16-120,edgegpu_latency,ga_only,43.75,3.3167076110839844
ImageNet16-120,edgegpu_latency,ga_only,43.75,3.3167076110839844
ImageNet16-120,edgegpu_latency,ga_only,43.75,3.3167076110839844
ImageNet16-120,edgegpu_latency,ga_only,43.75,3.3167076110839844
ImageNet16-120,edgegpu_latency,ga_only,43.75,3.3167076110839844
ImageNet16-120,edgegpu_latency,ga_only,43.75,3.3167076110839844
ImageNet16-120,edgegpu_latency,ga_only,43.75,3.3167076110839844
ImageNet16-120,edgegpu_latency,ga_only,43.75,3.3167076110839844
ImageNet16-120,edgegpu_latency,ga_only,43.75,3.3167076110839844
ImageNet16-120,edgegpu_latency,ga_only,43.75,3.3167076110839844
ImageNet16-120,edgegpu_latency,ga_only,43.75,3.3167076110839844
ImageNet16-120,edgegpu_latency,ga_only,43.75,3.3167076110839844
ImageNet16-120,edgegpu_latency,ga_only,43.75,3.3167076110839844
ImageNet16-120,edgegpu_latency,ga_only,43.75,3.3167076110839844
ImageNet16-120,edgegpu_latency,ga_only,43.75,3.3167076110839844
ImageNet16-120,edgegpu_latency,ga_only,43.75,3.3167076110839844
ImageNet16-120,edgegpu_latency,ga_only,43.75,3.3167076110839844
ImageNet16-120,edgegpu_latency,ga_only,43.75,3.3167076110839844
ImageNet16-120,edgegpu_latency,ga_only,43.75,3.3167076110839844
ImageNet16-120,edgegpu_latency,ga_only,43.75,3.3167076110839844
ImageNet16-120,edgegpu_latency,ga_only,43.75,3.3167076110839844
ImageNet16-120,edgegpu_latency,ga_only,43.75,3.3167076110839844
ImageNet16-120,edgegpu_latency,ga_only,43.75,3.3167076110839844
ImageNet16-120,edgegpu_latency,ga_only,43.75,3.3167076110839844
ImageNet16-120,edgegpu_latency,ga_only,43.75,3.3167076110839844
ImageNet16-120,edgegpu_latency,ga_only,43.75,3.3167076110839844
ImageNet16-120,edgegpu_latency,ga_only,43.75,3.3167076110839844
ImageNet16-120,edgegpu_latency,ga_only,43.75,3.3167076110839844
ImageNet16-120,edgegpu_latency,ga_only,43.75,3.3167076110839844
ImageNet16-120,edgegpu_latency,ga_only,43.75,3.3167076110839844
ImageNet16-120,edgegpu_latency,ga_only,43.75,3.3167076110839844
ImageNet16-120,edgegpu_latency,ga_only,43.75,3.3167076110839844
ImageNet16-120,edgegpu_latency,ga_only,43.75,3.3167076110839844
ImageNet16-120,edgegpu_latency,ga_only,43.75,3.3167076110839844
ImageNet16-120,edgegpu_latency,ga_only,43.75,3.3167076110839844
ImageNet16-120,edgegpu_latency,ga_only,43.75,3.3167076110839844
ImageNet16-120,edgegpu_latency,ga_only,43.75,3.3167076110839844
ImageNet16-120,edgegpu_latency,ga_only,43.75,3.3167076110839844
ImageNet16-120,edgegpu_latency,ga_only,43.75,3.3167076110839844
ImageNet16-120,edgegpu_latency,ga_only,43.75,3.3167076110839844
ImageNet16-120,edgegpu_latency,ga_only,43.75,3.3167076110839844
ImageNet16-120,edgegpu_latency,ga_only,43.75,3.3167076110839844
ImageNet16-120,edgegpu_latency,ga_only,43.75,3.3167076110839844
ImageNet16-120,edgegpu_latency,ga_only,43.75,3.3167076110839844
ImageNet16-120,edgegpu_latency,ga_only,43.75,3.3167076110839844
ImageNet16-120,edgegpu_latency,ga_only,43.75,3.3167076110839844
ImageNet16-120,edgegpu_latency,ga_only,43.75,3.3167076110839844
ImageNet16-120,edgegpu_latency,ga_only,43.75,3.3167076110839844
ImageNet16-120,edgegpu_latency,ga_only,43.75,3.3167076110839844
ImageNet16-120,edgegpu_latency,ga_only,43.75,3.3167076110839844
ImageNet16-120,edgegpu_latency,ga_only,43.75,3.3167076110839844
ImageNet16-120,edgegpu_latency,ga_only,43.75,3.3167076110839844
ImageNet16-120,edgegpu_latency,ga_only,43.75,3.3167076110839844
ImageNet16-120,edgegpu_latency,ga_only,43.75,3.3167076110839844
ImageNet16-120,edgegpu_latency,ga_only,43.75,3.3167076110839844
ImageNet16-120,edgegpu_latency,ga_only,43.75,3.3167076110839844
ImageNet16-120,edgegpu_latency,ga_only,43.75,3.3167076110839844
ImageNet16-120,edgegpu_latency,ga_only,43.75,3.3167076110839844
ImageNet16-120,edgegpu_latency,ga_only,43.75,3.3167076110839844
ImageNet16-120,edgegpu_latency,ga_only,43.75,3.3167076110839844
ImageNet16-120,edgegpu_latency,ga_only,43.75,3.3167076110839844
ImageNet16-120,edgegpu_latency,ga_only,43.75,3.3167076110839844
ImageNet16-120,edgegpu_latency,ga_only,43.75,3.3167076110839844
ImageNet16-120,edgegpu_latency,ga_only,43.75,3.3167076110839844
ImageNet16-120,edgegpu_latency,ga_only,43.75,3.3167076110839844
ImageNet16-120,edgegpu_latency,ga_only,43.75,3.3167076110839844
ImageNet16-120,edgegpu_latency,ga_only,43.75,3.3167076110839844
ImageNet16-120,edgegpu_latency,ga_only,43.75,3.3167076110839844
ImageNet16-120,edgegpu_latency,ga_only,43.75,3.3167076110839844
ImageNet16-120,edgegpu_latency,ga_only,43.75,3.3167076110839844
ImageNet16-120,edgegpu_latency,ga_only,43.75,3.3167076110839844
ImageNet16-120,edgegpu_latency,ga_only,43.75,3.3167076110839844
ImageNet16-120,edgegpu_latency,ga_only,43.75,3.3167076110839844
ImageNet16-120,edgegpu_latency,ga_only,43.75,3.3167076110839844
ImageNet16-120,edgegpu_latency,ga_only,43.75,3.3167076110839844
ImageNet16-120,edgegpu_latency,ga_only,43.75,3.3167076110839844
ImageNet16-120,edgegpu_latency,ga_only,43.75,3.3167076110839844
ImageNet16-120,edgegpu_latency,ga_only,43.75,3.3167076110839844
ImageNet16-120,edgegpu_latency,ga_only,43.75,3.3167076110839844
ImageNet16-120,edgegpu_latency,ga_only,43.75,3.3167076110839844
ImageNet16-120,edgegpu_latency,ga_only,43.75,3.3167076110839844
ImageNet16-120,edgegpu_latency,ga_only,43.75,3.3167076110839844
ImageNet16-120,edgegpu_latency,ga_only,43.75,3.3167076110839844
ImageNet16-120,edgegpu_latency,ga_only,43.75,3.3167076110839844
ImageNet16-120,edgegpu_latency,ga_only,43.75,3.3167076110839844
ImageNet16-120,edgegpu_latency,ga_only,43.75,3.3167076110839844
ImageNet16-120,edgegpu_latency,ga_only,43.75,3.3167076110839844
ImageNet16-120,edgegpu_latency,ga_only,43.75,3.3167076110839844
ImageNet16-120,edgegpu_latency,ga_only,43.75,3.3167076110839844
ImageNet16-120,edgegpu_latency,ga_only,43.75,3.3167076110839844
ImageNet16-120,edgegpu_latency,ga_only,43.75,3.3167076110839844
ImageNet16-120,edgegpu_latency,ga_only,43.75,3.3167076110839844
ImageNet16-120,edgegpu_latency,ga_only,43.75,3.3167076110839844
ImageNet16-120,edgegpu_latency,ga_only,43.75,3.3167076110839844
ImageNet16-120,edgegpu_latency,ga_only,43.75,3.3167076110839844
ImageNet16-120,edgegpu_latency,ga_only,43.75,3.3167076110839844
ImageNet16-120,edgegpu_latency,ga_only,43.75,3.3167076110839844
ImageNet16-120,edgegpu_latency,ga_only,43.75,3.3167076110839844
ImageNet16-120,edgegpu_latency,ga_only,43.75,3.3167076110839844
ImageNet16-120,edgegpu_latency,ga_only,43.75,3.3167076110839844
ImageNet16-120,edgegpu_latency,ga_only,43.75,3.3167076110839844
ImageNet16-120,edgegpu_latency,ga_only,43.75,3.3167076110839844
ImageNet16-120,edgegpu_latency,ga_only,43.75,3.3167076110839844
ImageNet16-120,edgegpu_latency,ga_only,43.75,3.3167076110839844
ImageNet16-120,edgegpu_latency,ga_only,43.75,3.3167076110839844
ImageNet16-120,edgegpu_latency,ga_only,43.75,3.3167076110839844
ImageNet16-120,edgegpu_latency,ga_only,43.75,3.3167076110839844
ImageNet16-120,edgegpu_latency,ga_only,43.75,3.3167076110839844
ImageNet16-120,edgegpu_latency,ga_only,43.75,3.3167076110839844
ImageNet16-120,edgegpu_latency,ga_only,43.75,3.3167076110839844
ImageNet16-120,edgegpu_latency,ga_only,43.75,3.3167076110839844
ImageNet16-120,edgegpu_latency,ga_only,43.75,3.3167076110839844
ImageNet16-120,edgegpu_latency,ga_only,43.75,3.3167076110839844
ImageNet16-120,edgegpu_latency,ga_only,43.75,3.3167076110839844
ImageNet16-120,edgegpu_latency,ga_only,43.75,3.3167076110839844
ImageNet16-120,edgegpu_latency,ga_only,43.75,3.3167076110839844
ImageNet16-120,edgegpu_latency,ga_only,43.75,3.3167076110839844
ImageNet16-120,edgegpu_latency,ga_only,43.75,3.3167076110839844
ImageNet16-120,edgegpu_latency,ga_only,43.75,3.3167076110839844
ImageNet16-120,edgegpu_latency,ga_only,43.75,3.3167076110839844
ImageNet16-120,edgegpu_latency,ga_only,43.75,3.3167076110839844
ImageNet16-120,edgegpu_latency,ga_only,43.75,3.3167076110839844
ImageNet16-120,edgegpu_latency,ga_only,43.75,3.3167076110839844
ImageNet16-120,edgegpu_latency,ga_only,43.75,3.3167076110839844
ImageNet16-120,edgegpu_latency,ga_only,43.75,3.3167076110839844
ImageNet16-120,edgegpu_latency,ga_only,43.75,3.3167076110839844
ImageNet16-120,edgegpu_latency,ga_only,43.75,3.3167076110839844
ImageNet16-120,edgegpu_latency,ga_only,43.75,3.3167076110839844
ImageNet16-120,edgegpu_latency,ga_only,43.75,3.3167076110839844
ImageNet16-120,edgegpu_latency,ga_only,43.75,3.3167076110839844
ImageNet16-120,edgegpu_latency,ga_only,43.75,3.3167076110839844
ImageNet16-120,edgegpu_latency,ga_only,43.75,3.3167076110839844
ImageNet16-120,edgegpu_latency,ga_only,43.75,3.3167076110839844
ImageNet16-120,edgegpu_latency,ga_only,43.75,3.3167076110839844
ImageNet16-120,edgegpu_latency,ga_only,43.75,3.3167076110839844
ImageNet16-120,edgegpu_latency,ga_only,43.75,3.3167076110839844
ImageNet16-120,edgegpu_latency,ga_only,43.75,3.3167076110839844
ImageNet16-120,edgegpu_latency,ga_only,43.75,3.3167076110839844
ImageNet16-120,edgegpu_latency,ga_only,43.75,3.3167076110839844
ImageNet16-120,edgegpu_latency,ga_only,43.75,3.3167076110839844
ImageNet16-120,edgegpu_latency,ga_only,43.75,3.3167076110839844
ImageNet16-120,edgegpu_latency,ga_only,43.75,3.3167076110839844
ImageNet16-120,edgegpu_latency,ga_only,43.75,3.3167076110839844
ImageNet16-120,edgegpu_latency,ga_only,43.75,3.3167076110839844
ImageNet16-120,edgegpu_latency,ga_only,43.75,3.3167076110839844
ImageNet16-120,edgegpu_latency,ga_only,43.75,3.3167076110839844
ImageNet16-120,edgegpu_latency,ga_only,44.41666793823242,3.327813148498535
ImageNet16-120,edgegpu_latency,ga_only,44.41666793823242,3.327813148498535
ImageNet16-120,edgegpu_latency,ga_only,44.41666793823242,3.327813148498535
ImageNet16-120,edgegpu_latency,ga_only,44.41666793823242,3.327813148498535
ImageNet16-120,edgegpu_latency,ga_only,44.41666793823242,3.327813148498535
ImageNet16-120,edgegpu_latency,ga_only,44.41666793823242,3.327813148498535
ImageNet16-120,edgegpu_latency,ga_only,44.41666793823242,3.327813148498535
ImageNet16-120,edgegpu_latency,ga_only,44.41666793823242,3.327813148498535
ImageNet16-120,edgegpu_latency,ga_only,44.41666793823242,3.327813148498535
ImageNet16-120,edgegpu_latency,ga_only,44.41666793823242,3.327813148498535
ImageNet16-120,edgegpu_latency,ga_only,44.41666793823242,3.327813148498535
ImageNet16-120,edgegpu_latency,ga_only,44.41666793823242,3.327813148498535
ImageNet16-120,edgegpu_latency,ga_only,44.41666793823242,3.327813148498535
ImageNet16-120,edgegpu_latency,ga_only,44.41666793823242,3.327813148498535
ImageNet16-120,edgegpu_latency,ga_only,44.41666793823242,3.327813148498535
ImageNet16-120,edgegpu_latency,ga_only,44.41666793823242,3.327813148498535
ImageNet16-120,edgegpu_latency,ga_only,44.41666793823242,3.327813148498535
ImageNet16-120,edgegpu_latency,ga_only,44.41666793823242,3.327813148498535
ImageNet16-120,edgegpu_latency,ga_only,44.41666793823242,3.327813148498535
ImageNet16-120,edgegpu_latency,ga_only,44.41666793823242,3.327813148498535
ImageNet16-120,edgegpu_latency,ga_only,44.41666793823242,3.327813148498535
ImageNet16-120,edgegpu_latency,ga_only,44.41666793823242,3.327813148498535
ImageNet16-120,edgegpu_latency,ga_only,44.41666793823242,3.327813148498535
ImageNet16-120,edgegpu_latency,ga_only,44.41666793823242,3.327813148498535
ImageNet16-120,edgegpu_latency,ga_only,44.41666793823242,3.327813148498535
ImageNet16-120,edgegpu_latency,ga_only,44.41666793823242,3.327813148498535
ImageNet16-120,edgegpu_latency,ga_only,44.41666793823242,3.327813148498535
ImageNet16-120,edgegpu_latency,ga_only,44.41666793823242,3.327813148498535
ImageNet16-120,edgegpu_latency,ga_only,44.41666793823242,3.327813148498535
ImageNet16-120,edgegpu_latency,ga_only,44.41666793823242,3.327813148498535
ImageNet16-120,edgegpu_latency,ga_only,44.41666793823242,3.327813148498535
ImageNet16-120,edgegpu_latency,ga_only,44.41666793823242,3.327813148498535
ImageNet16-120,edgegpu_latency,ga_only,44.41666793823242,3.327813148498535
ImageNet16-120,edgegpu_latency,ga_only,44.41666793823242,3.327813148498535
ImageNet16-120,edgegpu_latency,ga_only,44.41666793823242,3.327813148498535
ImageNet16-120,edgegpu_latency,ga_only,44.41666793823242,3.327813148498535
ImageNet16-120,edgegpu_latency,ga_only,44.41666793823242,3.327813148498535
ImageNet16-120,edgegpu_latency,ga_only,44.41666793823242,3.327813148498535
ImageNet16-120,edgegpu_latency,ga_only,44.41666793823242,3.327813148498535
ImageNet16-120,edgegpu_latency,ga_only,44.41666793823242,3.327813148498535
ImageNet16-120,edgegpu_latency,ga_only,44.41666793823242,3.327813148498535
ImageNet16-120,edgegpu_latency,ga_only,44.41666793823242,3.327813148498535
ImageNet16-120,edgegpu_latency,ga_only,44.41666793823242,3.327813148498535
ImageNet16-120,edgegpu_latency,ga_only,44.41666793823242,3.327813148498535
ImageNet16-120,edgegpu_latency,ga_only,44.41666793823242,3.327813148498535
ImageNet16-120,edgegpu_latency,ga_only,44.41666793823242,3.327813148498535
ImageNet16-120,edgegpu_latency,ga_only,44.41666793823242,3.327813148498535
ImageNet16-120,edgegpu_latency,ga_only,44.41666793823242,3.327813148498535
ImageNet16-120,edgegpu_latency,ga_only,44.41666793823242,3.327813148498535
ImageNet16-120,edgegpu_latency,ga_only,44.41666793823242,3.327813148498535
ImageNet16-120,edgegpu_latency,ga_only,44.41666793823242,3.327813148498535
ImageNet16-120,edgegpu_latency,ga_only,44.41666793823242,3.327813148498535
ImageNet16-120,edgegpu_latency,ga_only,44.41666793823242,3.327813148498535
ImageNet16-120,edgegpu_latency,ga_only,44.41666793823242,3.327813148498535
ImageNet16-120,edgegpu_latency,ga_only,44.41666793823242,3.327813148498535
ImageNet16-120,edgegpu_latency,ga_only,44.41666793823242,3.327813148498535
ImageNet16-120,edgegpu_latency,ga_only,44.41666793823242,3.327813148498535
ImageNet16-120,edgegpu_latency,ga_only,44.41666793823242,3.327813148498535
ImageNet16-120,edgegpu_latency,ga_only,44.41666793823242,3.327813148498535
ImageNet16-120,edgegpu_latency,ga_only,44.41666793823242,3.327813148498535
ImageNet16-120,edgegpu_latency,ga_only,44.41666793823242,3.327813148498535
ImageNet16-120,edgegpu_latency,ga_only,44.41666793823242,3.327813148498535
ImageNet16-120,edgegpu_latency,ga_only,44.41666793823242,3.327813148498535
ImageNet16-120,edgegpu_latency,ga_only,44.41666793823242,3.327813148498535
ImageNet16-120,edgegpu_latency,ga_only,44.41666793823242,3.327813148498535
ImageNet16-120,edgegpu_latency,ga_only,44.41666793823242,3.327813148498535
ImageNet16-120,edgegpu_latency,ga_only,44.41666793823242,3.327813148498535
ImageNet16-120,edgegpu_latency,ga_only,44.41666793823242,3.327813148498535
ImageNet16-120,edgegpu_latency,ga_only,44.41666793823242,3.327813148498535
ImageNet16-120,edgegpu_latency,ga_only,44.41666793823242,3.327813148498535
ImageNet16-120,edgegpu_latency,ga_only,44.41666793823242,3.327813148498535
ImageNet16-120,edgegpu_latency,ga_only,44.41666793823242,3.327813148498535
ImageNet16-120,edgegpu_latency,ga_only,44.41666793823242,3.327813148498535
ImageNet16-120,edgegpu_latency,ga_only,44.41666793823242,3.327813148498535
ImageNet16-120,edgegpu_latency,ga_only,44.41666793823242,3.327813148498535
ImageNet16-120,edgegpu_latency,ga_only,44.41666793823242,3.327813148498535
ImageNet16-120,edgegpu_latency,ga_only,44.41666793823242,3.327813148498535
ImageNet16-120,edgegpu_latency,ga_only,44.41666793823242,3.327813148498535
ImageNet16-120,edgegpu_latency,ga_only,44.41666793823242,3.327813148498535
ImageNet16-120,edgegpu_latency,ga_only,44.41666793823242,3.327813148498535
ImageNet16-120,edgegpu_latency,ga_only,44.41666793823242,3.327813148498535
ImageNet16-120,edgegpu_latency,ga_only,44.41666793823242,3.327813148498535
ImageNet16-120,edgegpu_latency,ga_only,44.41666793823242,3.327813148498535
ImageNet16-120,edgegpu_latency,ga_only,44.41666793823242,3.327813148498535
ImageNet16-120,edgegpu_latency,ga_only,44.41666793823242,3.327813148498535
ImageNet16-120,edgegpu_latency,ga_only,44.41666793823242,3.327813148498535
ImageNet16-120,edgegpu_latency,ga_only,44.41666793823242,3.327813148498535
ImageNet16-120,edgegpu_latency,ga_only,44.41666793823242,3.327813148498535
ImageNet16-120,edgegpu_latency,ga_only,44.41666793823242,3.327813148498535
ImageNet16-120,edgegpu_latency,ga_only,44.41666793823242,3.327813148498535
ImageNet16-120,edgegpu_latency,ga_only,44.41666793823242,3.327813148498535
ImageNet16-120,edgegpu_latency,ga_only,44.41666793823242,3.327813148498535
ImageNet16-120,edgegpu_latency,ga_only,44.41666793823242,3.327813148498535
ImageNet16-120,edgegpu_latency,ga_only,44.41666793823242,3.327813148498535
ImageNet16-120,edgegpu_latency,ga_only,44.41666793823242,3.327813148498535
ImageNet16-120,edgegpu_latency,ga_only,44.41666793823242,3.327813148498535
ImageNet16-120,edgegpu_latency,ga_only,44.41666793823242,3.327813148498535
ImageNet16-120,edgegpu_latency,ga_only,44.41666793823242,3.327813148498535
ImageNet16-120,edgegpu_latency,ga_only,44.41666793823242,3.327813148498535
ImageNet16-120,edgegpu_latency,ga_only,44.41666793823242,3.327813148498535
ImageNet16-120,edgegpu_latency,ga_only,44.41666793823242,3.327813148498535
ImageNet16-120,edgegpu_latency,ga_only,44.41666793823242,3.327813148498535
ImageNet16-120,edgegpu_latency,ga_only,44.46666717529297,3.41367244720459
ImageNet16-120,edgegpu_latency,ga_only,44.46666717529297,3.41367244720459
ImageNet16-120,edgegpu_latency,ga_only,44.46666717529297,3.41367244720459
ImageNet16-120,edgegpu_latency,ga_only,44.46666717529297,3.41367244720459
ImageNet16-120,edgegpu_latency,ga_only,44.46666717529297,3.41367244720459
ImageNet16-120,edgegpu_latency,ga_only,44.46666717529297,3.41367244720459
ImageNet16-120,edgegpu_latency,ga_only,44.46666717529297,3.41367244720459
ImageNet16-120,edgegpu_latency,ga_only,44.46666717529297,3.41367244720459
ImageNet16-120,edgegpu_latency,ga_only,44.46666717529297,3.41367244720459
ImageNet16-120,edgegpu_latency,ga_only,44.46666717529297,3.41367244720459
ImageNet16-120,edgegpu_latency,ga_only,44.46666717529297,3.41367244720459
ImageNet16-120,edgegpu_latency,ga_only,44.46666717529297,3.41367244720459
ImageNet16-120,edgegpu_latency,ga_only,44.46666717529297,3.41367244720459
ImageNet16-120,edgegpu_latency,ga_only,44.46666717529297,3.41367244720459
ImageNet16-120,edgegpu_latency,ga_only,44.46666717529297,3.41367244720459
ImageNet16-120,edgegpu_latency,ga_only,44.46666717529297,3.41367244720459
ImageNet16-120,edgegpu_latency,ga_only,44.46666717529297,3.41367244720459
ImageNet16-120,edgegpu_latency,ga_only,44.46666717529297,3.41367244720459
ImageNet16-120,edgegpu_latency,ga_only,44.46666717529297,3.41367244720459
ImageNet16-120,edgegpu_latency,ga_only,44.46666717529297,3.41367244720459
ImageNet16-120,edgegpu_latency,ga_only,44.46666717529297,3.41367244720459
ImageNet16-120,edgegpu_latency,ga_only,44.46666717529297,3.41367244720459
ImageNet16-120,edgegpu_latency,ga_only,44.46666717529297,3.41367244720459
ImageNet16-120,edgegpu_latency,ga_only,44.46666717529297,3.41367244720459
ImageNet16-120,edgegpu_latency,ga_only,44.46666717529297,3.41367244720459
ImageNet16-120,edgegpu_latency,ga_only,44.46666717529297,3.41367244720459
ImageNet16-120,edgegpu_latency,ga_only,44.46666717529297,3.41367244720459
ImageNet16-120,edgegpu_latency,ga_only,44.46666717529297,3.41367244720459
ImageNet16-120,edgegpu_latency,ga_only,44.46666717529297,3.41367244720459
ImageNet16-120,edgegpu_latency,ga_only,44.46666717529297,3.41367244720459
ImageNet16-120,edgegpu_latency,ga_only,44.46666717529297,3.41367244720459
ImageNet16-120,edgegpu_latency,ga_only,44.46666717529297,3.41367244720459
ImageNet16-120,edgegpu_latency,ga_only,44.46666717529297,3.41367244720459
ImageNet16-120,edgegpu_latency,ga_only,44.46666717529297,3.41367244720459
ImageNet16-120,edgegpu_latency,ga_only,44.46666717529297,3.41367244720459
ImageNet16-120,edgegpu_latency,ga_only,44.46666717529297,3.41367244720459
ImageNet16-120,edgegpu_latency,ga_only,44.46666717529297,3.41367244720459
ImageNet16-120,edgegpu_latency,ga_only,44.46666717529297,3.41367244720459
ImageNet16-120,edgegpu_latency,ga_only,44.46666717529297,3.41367244720459
ImageNet16-120,edgegpu_latency,ga_only,44.46666717529297,3.41367244720459
ImageNet16-120,edgegpu_latency,ga_only,44.46666717529297,3.41367244720459
ImageNet16-120,edgegpu_latency,ga_only,44.46666717529297,3.41367244720459
ImageNet16-120,edgegpu_latency,ga_only,44.46666717529297,3.41367244720459
ImageNet16-120,edgegpu_latency,ga_only,44.46666717529297,3.41367244720459
ImageNet16-120,edgegpu_latency,ga_only,44.46666717529297,3.41367244720459
ImageNet16-120,edgegpu_latency,ga_only,44.46666717529297,3.41367244720459
ImageNet16-120,edgegpu_latency,ga_only,44.46666717529297,3.41367244720459
ImageNet16-120,edgegpu_latency,ga_only,44.46666717529297,3.41367244720459
ImageNet16-120,edgegpu_latency,ga_only,44.46666717529297,3.41367244720459
ImageNet16-120,edgegpu_latency,ga_only,44.46666717529297,3.41367244720459
ImageNet16-120,edgegpu_latency,ga_only,44.46666717529297,3.41367244720459
ImageNet16-120,edgegpu_latency,ga_only,44.46666717529297,3.41367244720459
ImageNet16-120,edgegpu_latency,ga_only,44.46666717529297,3.41367244720459
ImageNet16-120,edgegpu_latency,ga_only,44.46666717529297,3.41367244720459
ImageNet16-120,edgegpu_latency,ga_only,44.46666717529297,3.41367244720459
ImageNet16-120,edgegpu_latency,ga_only,44.46666717529297,3.41367244720459
ImageNet16-120,edgegpu_latency,ga_only,44.46666717529297,3.41367244720459
ImageNet16-120,edgegpu_latency,ga_only,44.46666717529297,3.41367244720459
ImageNet16-120,edgegpu_latency,ga_only,44.46666717529297,3.41367244720459
ImageNet16-120,edgegpu_latency,ga_only,44.46666717529297,3.41367244720459
ImageNet16-120,edgegpu_latency,ga_only,44.46666717529297,3.41367244720459
ImageNet16-120,edgegpu_latency,ga_only,44.46666717529297,3.41367244720459
ImageNet16-120,edgegpu_latency,ga_only,44.46666717529297,3.41367244720459
ImageNet16-120,edgegpu_latency,ga_only,44.46666717529297,3.41367244720459
ImageNet16-120,edgegpu_latency,ga_only,44.46666717529297,3.41367244720459
ImageNet16-120,edgegpu_latency,ga_only,44.46666717529297,3.41367244720459
ImageNet16-120,edgegpu_latency,ga_only,44.46666717529297,3.41367244720459
ImageNet16-120,edgegpu_latency,ga_only,44.46666717529297,3.41367244720459
ImageNet16-120,edgegpu_latency,ga_only,44.46666717529297,3.41367244720459
ImageNet16-120,edgegpu_latency,ga_only,44.46666717529297,3.41367244720459
ImageNet16-120,edgegpu_latency,ga_only,44.46666717529297,3.41367244720459
ImageNet16-120,edgegpu_latency,ga_only,44.46666717529297,3.41367244720459
ImageNet16-120,edgegpu_latency,ga_only,44.46666717529297,3.41367244720459
ImageNet16-120,edgegpu_latency,ga_only,44.46666717529297,3.41367244720459
ImageNet16-120,edgegpu_latency,ga_only,44.46666717529297,3.41367244720459
ImageNet16-120,edgegpu_latency,ga_only,44.46666717529297,3.41367244720459
ImageNet16-120,edgegpu_latency,ga_only,44.46666717529297,3.41367244720459
ImageNet16-120,edgegpu_latency,ga_only,44.46666717529297,3.41367244720459
ImageNet16-120,edgegpu_latency,ga_only,44.46666717529297,3.41367244720459
ImageNet16-120,edgegpu_latency,ga_only,44.46666717529297,3.41367244720459
ImageNet16-120,edgegpu_latency,ga_only,44.46666717529297,3.41367244720459
ImageNet16-120,edgegpu_latency,ga_only,44.46666717529297,3.41367244720459
ImageNet16-120,edgegpu_latency,ga_only,44.46666717529297,3.41367244720459
ImageNet16-120,edgegpu_latency,ga_only,44.46666717529297,3.41367244720459
ImageNet16-120,edgegpu_latency,ga_only,44.46666717529297,3.41367244720459
ImageNet16-120,edgegpu_latency,ga_only,44.46666717529297,3.41367244720459
ImageNet16-120,edgegpu_latency,ga_only,44.46666717529297,3.41367244720459
ImageNet16-120,edgegpu_latency,ga_only,44.46666717529297,3.41367244720459
ImageNet16-120,edgegpu_latency,ga_only,44.46666717529297,3.41367244720459
ImageNet16-120,edgegpu_latency,ga_only,44.46666717529297,3.41367244720459
ImageNet16-120,edgegpu_latency,ga_only,44.46666717529297,3.41367244720459
ImageNet16-120,edgegpu_latency,ga_only,44.46666717529297,3.41367244720459
ImageNet16-120,edgegpu_latency,ga_only,44.46666717529297,3.41367244720459
ImageNet16-120,edgegpu_latency,ga_only,44.46666717529297,3.41367244720459
ImageNet16-120,edgegpu_latency,ga_only,44.46666717529297,3.41367244720459
ImageNet16-120,edgegpu_latency,ga_only,44.46666717529297,3.41367244720459
ImageNet16-120,edgegpu_latency,ga_only,44.46666717529297,3.41367244720459
ImageNet16-120,edgegpu_latency,ga_only,44.46666717529297,3.41367244720459
ImageNet16-120,edgegpu_latency,ga_only,44.46666717529297,3.41367244720459
ImageNet16-120,edgegpu_latency,ga_only,44.46666717529297,3.41367244720459
ImageNet16-120,edgegpu_latency,ga_only,44.46666717529297,3.41367244720459
ImageNet16-120,edgegpu_latency,ga_only,44.46666717529297,3.41367244720459
ImageNet16-120,edgegpu_latency,ga_only,44.46666717529297,3.41367244720459
ImageNet16-120,edgegpu_latency,ga_only,44.46666717529297,3.41367244720459
ImageNet16-120,edgegpu_latency,ga_only,44.46666717529297,3.41367244720459
ImageNet16-120,edgegpu_latency,ga_only,44.46666717529297,3.41367244720459
ImageNet16-120,edgegpu_latency,ga_only,44.46666717529297,3.41367244720459
ImageNet16-120,edgegpu_latency,ga_only,44.46666717529297,3.41367244720459
ImageNet16-120,edgegpu_latency,ga_only,44.46666717529297,3.41367244720459
ImageNet16-120,edgegpu_latency,ga_only,44.46666717529297,3.41367244720459
ImageNet16-120,edgegpu_latency,ga_only,44.46666717529297,3.41367244720459
ImageNet16-120,edgegpu_latency,ga_only,44.46666717529297,3.41367244720459
ImageNet16-120,edgegpu_latency,ga_only,44.46666717529297,3.41367244720459
ImageNet16-120,edgegpu_latency,ga_only,44.46666717529297,3.41367244720459
ImageNet16-120,edgegpu_latency,ga_only,44.46666717529297,3.41367244720459
ImageNet16-120,edgegpu_latency,ga_only,44.46666717529297,3.41367244720459
ImageNet16-120,edgegpu_latency,ga_only,44.46666717529297,3.41367244720459
ImageNet16-120,edgegpu_latency,ga_only,44.46666717529297,3.41367244720459
ImageNet16-120,edgegpu_latency,ga_only,44.46666717529297,3.41367244720459
ImageNet16-120,edgegpu_latency,ga_only,44.46666717529297,3.41367244720459
ImageNet16-120,edgegpu_latency,ga_only,44.46666717529297,3.41367244720459
ImageNet16-120,edgegpu_latency,ga_only,44.46666717529297,3.41367244720459
ImageNet16-120,edgegpu_latency,ga_only,44.46666717529297,3.41367244720459
ImageNet16-120,edgegpu_latency,ga_only,44.46666717529297,3.41367244720459
ImageNet16-120,edgegpu_latency,ga_only,44.46666717529297,3.41367244720459
ImageNet16-120,edgegpu_latency,ga_only,44.46666717529297,3.41367244720459
ImageNet16-120,edgegpu_latency,ga_only,44.46666717529297,3.41367244720459
ImageNet16-120,edgegpu_latency,ga_only,44.46666717529297,3.41367244720459
ImageNet16-120,edgegpu_latency,ga_only,44.46666717529297,3.41367244720459
ImageNet16-120,edgegpu_latency,ga_only,44.46666717529297,3.41367244720459
ImageNet16-120,edgegpu_latency,ga_only,44.46666717529297,3.41367244720459
ImageNet16-120,edgegpu_latency,ga_only,44.46666717529297,3.41367244720459
ImageNet16-120,edgegpu_latency,ga_only,44.46666717529297,3.41367244720459
ImageNet16-120,edgegpu_latency,ga_only,44.46666717529297,3.41367244720459
ImageNet16-120,edgegpu_latency,ga_only,44.46666717529297,3.41367244720459
ImageNet16-120,edgegpu_latency,ga_only,44.46666717529297,3.41367244720459
ImageNet16-120,edgegpu_latency,ga_only,44.46666717529297,3.41367244720459
ImageNet16-120,edgegpu_latency,ga_only,44.46666717529297,3.41367244720459
ImageNet16-120,edgegpu_latency,ga_only,44.46666717529297,3.41367244720459
ImageNet16-120,edgegpu_latency,ga_only,44.46666717529297,3.41367244720459
ImageNet16-120,edgegpu_latency,ga_only,44.46666717529297,3.41367244720459
ImageNet16-120,edgegpu_latency,ga_only,44.46666717529297,3.41367244720459
ImageNet16-120,edgegpu_latency,ga_only,44.46666717529297,3.41367244720459
ImageNet16-120,edgegpu_latency,ga_only,44.46666717529297,3.41367244720459
ImageNet16-120,edgegpu_latency,ga_only,44.46666717529297,3.41367244720459
ImageNet16-120,edgegpu_latency,ga_only,44.46666717529297,3.41367244720459
ImageNet16-120,edgegpu_latency,ga_only,44.46666717529297,3.41367244720459
ImageNet16-120,edgegpu_latency,ga_only,44.46666717529297,3.41367244720459
ImageNet16-120,edgegpu_latency,ga_only,44.46666717529297,3.41367244720459
ImageNet16-120,edgegpu_latency,ga_only,44.46666717529297,3.41367244720459
ImageNet16-120,edgegpu_latency,ga_only,44.46666717529297,3.41367244720459
ImageNet16-120,edgegpu_latency,ga_only,44.46666717529297,3.41367244720459
ImageNet16-120,edgegpu_latency,ga_only,44.46666717529297,3.41367244720459
ImageNet16-120,edgegpu_latency,ga_only,44.46666717529297,3.41367244720459
ImageNet16-120,edgegpu_latency,ga_only,44.46666717529297,3.41367244720459
ImageNet16-120,edgegpu_latency,ga_only,44.46666717529297,3.41367244720459
ImageNet16-120,edgegpu_latency,ga_only,44.46666717529297,3.41367244720459
ImageNet16-120,edgegpu_latency,ga_only,44.46666717529297,3.41367244720459
ImageNet16-120,edgegpu_latency,ga_only,44.46666717529297,3.41367244720459
ImageNet16-120,edgegpu_latency,ga_only,44.46666717529297,3.41367244720459
ImageNet16-120,edgegpu_latency,ga_only,44.46666717529297,3.41367244720459
ImageNet16-120,edgegpu_latency,ga_only,44.46666717529297,3.41367244720459
ImageNet16-120,edgegpu_latency,ga_only,44.46666717529297,3.41367244720459
ImageNet16-120,edgegpu_latency,ga_only,44.46666717529297,3.41367244720459
ImageNet16-120,edgegpu_latency,ga_only,44.46666717529297,3.41367244720459
ImageNet16-120,edgegpu_latency,ga_only,44.46666717529297,3.41367244720459
ImageNet16-120,edgegpu_latency,ga_only,44.46666717529297,3.41367244720459
ImageNet16-120,edgegpu_latency,ga_only,44.46666717529297,3.41367244720459
ImageNet16-120,edgegpu_latency,ga_only,44.46666717529297,3.41367244720459
ImageNet16-120,edgegpu_latency,ga_only,44.46666717529297,3.41367244720459
ImageNet16-120,edgegpu_latency,ga_only,44.46666717529297,3.41367244720459
ImageNet16-120,edgegpu_latency,ga_only,44.46666717529297,3.41367244720459
ImageNet16-120,edgegpu_latency,ga_only,44.46666717529297,3.41367244720459
ImageNet16-120,edgegpu_latency,ga_only,44.46666717529297,3.41367244720459
ImageNet16-120,edgegpu_latency,ga_only,44.46666717529297,3.41367244720459
ImageNet16-120,edgegpu_latency,ga_only,44.46666717529297,3.41367244720459
ImageNet16-120,edgegpu_latency,ga_only,44.46666717529297,3.41367244720459
ImageNet16-120,edgegpu_latency,ga_only,44.46666717529297,3.41367244720459
ImageNet16-120,edgegpu_latency,ga_only,44.46666717529297,3.41367244720459
ImageNet16-120,edgegpu_latency,ga_only,44.46666717529297,3.41367244720459
ImageNet16-120,edgegpu_latency,ga_only,44.46666717529297,3.41367244720459
ImageNet16-120,edgegpu_latency,ga_only,44.46666717529297,3.41367244720459
ImageNet16-120,edgegpu_latency,ga_only,44.46666717529297,3.41367244720459
ImageNet16-120,edgegpu_latency,ga_only,44.46666717529297,3.41367244720459
ImageNet16-120,edgegpu_latency,ga_only,44.46666717529297,3.41367244720459
ImageNet16-120,edgegpu_latency,ga_only,44.46666717529297,3.41367244720459
ImageNet16-120,edgegpu_latency,ga_only,44.46666717529297,3.41367244720459
ImageNet16-120,edgegpu_latency,ga_only,44.46666717529297,3.41367244720459
ImageNet16-120,edgegpu_latency,ga_only,44.46666717529297,3.41367244720459
ImageNet16-120,edgegpu_latency,ga_only,44.46666717529297,3.41367244720459
ImageNet16-120,edgegpu_latency,ga_only,44.46666717529297,3.41367244720459
ImageNet16-120,edgegpu_latency,ga_only,44.46666717529297,3.41367244720459
ImageNet16-120,edgegpu_latency,ga_only,44.46666717529297,3.41367244720459
ImageNet16-120,edgegpu_latency,ga_only,44.46666717529297,3.41367244720459
ImageNet16-120,edgegpu_latency,ga_only,44.46666717529297,3.41367244720459
ImageNet16-120,edgegpu_latency,ga_only,44.46666717529297,3.41367244720459
ImageNet16-120,edgegpu_latency,ga_only,44.46666717529297,3.41367244720459
ImageNet16-120,edgegpu_latency,ga_only,44.54999923706055,3.4334373474121094
ImageNet16-120,edgegpu_latency,ga_only,44.54999923706055,3.4334373474121094
ImageNet16-120,edgegpu_latency,ga_only,44.54999923706055,3.4334373474121094
ImageNet16-120,edgegpu_latency,ga_only,44.54999923706055,3.4334373474121094
ImageNet16-120,edgegpu_latency,ga_only,44.54999923706055,3.4334373474121094
ImageNet16-120,edgegpu_latency,ga_only,44.54999923706055,3.4334373474121094
ImageNet16-120,edgegpu_latency,ga_only,44.54999923706055,3.4334373474121094
ImageNet16-120,edgegpu_latency,ga_only,44.54999923706055,3.4334373474121094
ImageNet16-120,edgegpu_latency,ga_only,44.54999923706055,3.4334373474121094
ImageNet16-120,edgegpu_latency,ga_only,44.54999923706055,3.4334373474121094
ImageNet16-120,edgegpu_latency,ga_only,44.54999923706055,3.4334373474121094
ImageNet16-120,edgegpu_latency,ga_only,44.54999923706055,3.4334373474121094
ImageNet16-120,edgegpu_latency,ga_only,44.54999923706055,3.4334373474121094
ImageNet16-120,edgegpu_latency,ga_only,44.54999923706055,3.4334373474121094
ImageNet16-120,edgegpu_latency,ga_only,44.54999923706055,3.4334373474121094
ImageNet16-120,edgegpu_latency,ga_only,44.54999923706055,3.4334373474121094
ImageNet16-120,edgegpu_latency,ga_only,44.54999923706055,3.4334373474121094
ImageNet16-120,edgegpu_latency,ga_only,44.54999923706055,3.4334373474121094
ImageNet16-120,edgegpu_latency,ga_only,44.54999923706055,3.4334373474121094
ImageNet16-120,edgegpu_latency,ga_only,44.54999923706055,3.4334373474121094
ImageNet16-120,edgegpu_latency,ga_only,44.54999923706055,3.4334373474121094
ImageNet16-120,edgegpu_latency,ga_only,44.54999923706055,3.4334373474121094
ImageNet16-120,edgegpu_latency,ga_only,44.54999923706055,3.4334373474121094
ImageNet16-120,edgegpu_latency,ga_only,44.54999923706055,3.4334373474121094
ImageNet16-120,edgegpu_latency,ga_only,44.54999923706055,3.4334373474121094
ImageNet16-120,edgegpu_latency,ga_only,44.54999923706055,3.4334373474121094
ImageNet16-120,edgegpu_latency,ga_only,44.54999923706055,3.4334373474121094
ImageNet16-120,edgegpu_latency,ga_only,44.54999923706055,3.4334373474121094
ImageNet16-120,edgegpu_latency,ga_only,44.54999923706055,3.4334373474121094
ImageNet16-120,edgegpu_latency,ga_only,44.54999923706055,3.4334373474121094
ImageNet16-120,edgegpu_latency,ga_only,44.54999923706055,3.4334373474121094
ImageNet16-120,edgegpu_latency,ga_only,44.54999923706055,3.4334373474121094
ImageNet16-120,edgegpu_latency,ga_only,44.54999923706055,3.4334373474121094
ImageNet16-120,edgegpu_latency,ga_only,44.54999923706055,3.4334373474121094
ImageNet16-120,edgegpu_latency,ga_only,44.54999923706055,3.4334373474121094
ImageNet16-120,edgegpu_latency,ga_only,44.54999923706055,3.4334373474121094
ImageNet16-120,edgegpu_latency,ga_only,44.54999923706055,3.4334373474121094
ImageNet16-120,edgegpu_latency,ga_only,44.54999923706055,3.4334373474121094
ImageNet16-120,edgegpu_latency,ga_only,44.54999923706055,3.4334373474121094
ImageNet16-120,edgegpu_latency,ga_only,44.54999923706055,3.4334373474121094
ImageNet16-120,edgegpu_latency,ga_only,44.54999923706055,3.4334373474121094
ImageNet16-120,edgegpu_latency,ga_only,44.54999923706055,3.4334373474121094
ImageNet16-120,edgegpu_latency,ga_only,44.54999923706055,3.4334373474121094
ImageNet16-120,edgegpu_latency,ga_only,44.54999923706055,3.4334373474121094
ImageNet16-120,edgegpu_latency,ga_only,44.54999923706055,3.4334373474121094
ImageNet16-120,edgegpu_latency,ga_only,44.54999923706055,3.4334373474121094
ImageNet16-120,edgegpu_latency,ga_only,44.54999923706055,3.4334373474121094
ImageNet16-120,edgegpu_latency,ga_only,44.54999923706055,3.4334373474121094
ImageNet16-120,edgegpu_latency,ga_only,44.54999923706055,3.4334373474121094
ImageNet16-120,edgegpu_latency,ga_only,44.54999923706055,3.4334373474121094
ImageNet16-120,edgegpu_latency,ga_only,44.54999923706055,3.4334373474121094
ImageNet16-120,edgegpu_latency,ga_only,44.54999923706055,3.4334373474121094
ImageNet16-120,edgegpu_latency,ga_only,44.54999923706055,3.4334373474121094
ImageNet16-120,edgegpu_latency,ga_only,44.54999923706055,3.4334373474121094
ImageNet16-120,edgegpu_latency,ga_only,44.54999923706055,3.4334373474121094
ImageNet16-120,edgegpu_latency,ga_only,44.54999923706055,3.4334373474121094
ImageNet16-120,edgegpu_latency,ga_only,44.54999923706055,3.4334373474121094
ImageNet16-120,edgegpu_latency,ga_only,44.54999923706055,3.4334373474121094
ImageNet16-120,edgegpu_latency,ga_only,44.54999923706055,3.4334373474121094
ImageNet16-120,edgegpu_latency,ga_only,44.54999923706055,3.4334373474121094
ImageNet16-120,edgegpu_latency,ga_only,44.54999923706055,3.4334373474121094
ImageNet16-120,edgegpu_latency,ga_only,44.54999923706055,3.4334373474121094
ImageNet16-120,edgegpu_latency,ga_only,44.54999923706055,3.4334373474121094
ImageNet16-120,edgegpu_latency,ga_only,44.54999923706055,3.4334373474121094
ImageNet16-120,edgegpu_latency,ga_only,44.54999923706055,3.4334373474121094
ImageNet16-120,edgegpu_latency,ga_only,44.54999923706055,3.4334373474121094
ImageNet16-120,edgegpu_latency,ga_only,44.54999923706055,3.4334373474121094
ImageNet16-120,edgegpu_latency,ga_only,44.54999923706055,3.4334373474121094
ImageNet16-120,edgegpu_latency,ga_only,44.54999923706055,3.4334373474121094
ImageNet16-120,edgegpu_latency,ga_only,44.54999923706055,3.4334373474121094
ImageNet16-120,edgegpu_latency,ga_only,44.54999923706055,3.4334373474121094
ImageNet16-120,edgegpu_latency,ga_only,44.54999923706055,3.4334373474121094
ImageNet16-120,edgegpu_latency,ga_only,44.54999923706055,3.4334373474121094
ImageNet16-120,edgegpu_latency,ga_only,44.54999923706055,3.4334373474121094
ImageNet16-120,edgegpu_latency,ga_only,44.54999923706055,3.4334373474121094
ImageNet16-120,edgegpu_latency,ga_only,44.54999923706055,3.4334373474121094
ImageNet16-120,edgegpu_latency,ga_only,44.54999923706055,3.4334373474121094
ImageNet16-120,edgegpu_latency,ga_only,44.54999923706055,3.4334373474121094
ImageNet16-120,edgegpu_latency,ga_only,44.54999923706055,3.4334373474121094
ImageNet16-120,edgegpu_latency,ga_only,44.54999923706055,3.4334373474121094
ImageNet16-120,edgegpu_latency,ga_only,44.54999923706055,3.4334373474121094
ImageNet16-120,edgegpu_latency,ga_only,44.54999923706055,3.4334373474121094
ImageNet16-120,edgegpu_latency,ga_only,44.54999923706055,3.4334373474121094
ImageNet16-120,edgegpu_latency,ga_only,44.54999923706055,3.4334373474121094
ImageNet16-120,edgegpu_latency,ga_only,44.54999923706055,3.4334373474121094
ImageNet16-120,edgegpu_latency,ga_only,44.54999923706055,3.4334373474121094
ImageNet16-120,edgegpu_latency,ga_only,44.54999923706055,3.4334373474121094
ImageNet16-120,edgegpu_latency,ga_only,44.54999923706055,3.4334373474121094
ImageNet16-120,edgegpu_latency,ga_only,44.54999923706055,3.4334373474121094
ImageNet16-120,edgegpu_latency,ga_only,44.54999923706055,3.4334373474121094
ImageNet16-120,edgegpu_latency,ga_only,44.54999923706055,3.4334373474121094
ImageNet16-120,edgegpu_latency,ga_only,44.54999923706055,3.4334373474121094
ImageNet16-120,edgegpu_latency,ga_only,44.54999923706055,3.4334373474121094
ImageNet16-120,edgegpu_latency,ga_only,44.54999923706055,3.4334373474121094
ImageNet16-120,edgegpu_latency,ga_only,44.54999923706055,3.4334373474121094
ImageNet16-120,edgegpu_latency,ga_only,44.54999923706055,3.4334373474121094
ImageNet16-120,edgegpu_latency,ga_only,44.54999923706055,3.4334373474121094
ImageNet16-120,edgegpu_latency,ga_only,44.54999923706055,3.4334373474121094
ImageNet16-120,edgegpu_latency,ga_only,44.54999923706055,3.4334373474121094
ImageNet16-120,edgegpu_latency,ga_only,44.54999923706055,3.4334373474121094
ImageNet16-120,edgegpu_latency,ga_only,44.54999923706055,3.4334373474121094
ImageNet16-120,edgegpu_latency,ga_only,44.54999923706055,3.4334373474121094
ImageNet16-120,edgegpu_latency,ga_only,44.54999923706055,3.4334373474121094
ImageNet16-120,edgegpu_latency,ga_only,44.54999923706055,3.4334373474121094
ImageNet16-120,edgegpu_latency,ga_only,44.54999923706055,3.4334373474121094
ImageNet16-120,edgegpu_latency,ga_only,44.54999923706055,3.4334373474121094
ImageNet16-120,edgegpu_latency,ga_only,44.54999923706055,3.4334373474121094
ImageNet16-120,edgegpu_latency,ga_only,44.54999923706055,3.4334373474121094
ImageNet16-120,edgegpu_latency,ga_only,44.54999923706055,3.4334373474121094
ImageNet16-120,edgegpu_latency,ga_only,44.54999923706055,3.4334373474121094
ImageNet16-120,edgegpu_latency,ga_only,44.54999923706055,3.4334373474121094
ImageNet16-120,edgegpu_latency,ga_only,44.54999923706055,3.4334373474121094
ImageNet16-120,edgegpu_latency,ga_only,44.54999923706055,3.4334373474121094
ImageNet16-120,edgegpu_latency,ga_only,44.54999923706055,3.4334373474121094
ImageNet16-120,edgegpu_latency,ga_only,44.54999923706055,3.4334373474121094
ImageNet16-120,edgegpu_latency,ga_only,44.54999923706055,3.4334373474121094
ImageNet16-120,edgegpu_latency,ga_only,44.54999923706055,3.4334373474121094
ImageNet16-120,edgegpu_latency,ga_only,44.54999923706055,3.4334373474121094
ImageNet16-120,edgegpu_latency,ga_only,44.54999923706055,3.4334373474121094
ImageNet16-120,edgegpu_latency,ga_only,44.54999923706055,3.4334373474121094
ImageNet16-120,edgegpu_latency,ga_only,44.54999923706055,3.4334373474121094
ImageNet16-120,edgegpu_latency,ga_only,44.54999923706055,3.4334373474121094
ImageNet16-120,edgegpu_latency,ga_only,44.54999923706055,3.4334373474121094
ImageNet16-120,edgegpu_latency,ga_only,44.54999923706055,3.4334373474121094
ImageNet16-120,edgegpu_latency,ga_only,44.54999923706055,3.4334373474121094
ImageNet16-120,edgegpu_latency,ga_only,44.54999923706055,3.4334373474121094
ImageNet16-120,edgegpu_latency,ga_only,44.54999923706055,3.4334373474121094
ImageNet16-120,edgegpu_latency,ga_only,44.54999923706055,3.4334373474121094
ImageNet16-120,edgegpu_latency,ga_only,44.54999923706055,3.4334373474121094
ImageNet16-120,edgegpu_latency,ga_only,44.54999923706055,3.4334373474121094
ImageNet16-120,edgegpu_latency,ga_only,44.54999923706055,3.4334373474121094
ImageNet16-120,edgegpu_latency,ga_only,44.54999923706055,3.4334373474121094
ImageNet16-120,edgegpu_latency,ga_only,44.54999923706055,3.4334373474121094
ImageNet16-120,edgegpu_latency,ga_only,44.54999923706055,3.4334373474121094
ImageNet16-120,edgegpu_latency,ga_only,44.54999923706055,3.4334373474121094
ImageNet16-120,edgegpu_latency,ga_only,44.54999923706055,3.4334373474121094
ImageNet16-120,edgegpu_latency,ga_only,44.54999923706055,3.4334373474121094
ImageNet16-120,edgegpu_latency,ga_only,44.54999923706055,3.4334373474121094
ImageNet16-120,edgegpu_latency,ga_only,44.54999923706055,3.4334373474121094
ImageNet16-120,edgegpu_latency,ga_only,44.54999923706055,3.4334373474121094
ImageNet16-120,edgegpu_latency,ga_only,44.54999923706055,3.4334373474121094
ImageNet16-120,edgegpu_latency,ga_only,44.54999923706055,3.4334373474121094
ImageNet16-120,edgegpu_latency,ga_only,44.54999923706055,3.4334373474121094
ImageNet16-120,edgegpu_latency,ga_only,44.54999923706055,3.4334373474121094
ImageNet16-120,edgegpu_latency,ga_only,44.54999923706055,3.4334373474121094
ImageNet16-120,edgegpu_latency,ga_only,44.54999923706055,3.4334373474121094
ImageNet16-120,edgegpu_latency,ga_only,44.54999923706055,3.4334373474121094
ImageNet16-120,edgegpu_latency,ga_only,44.54999923706055,3.4334373474121094
ImageNet16-120,edgegpu_latency,ga_only,44.54999923706055,3.4334373474121094
ImageNet16-120,edgegpu_latency,ga_only,44.54999923706055,3.4334373474121094
ImageNet16-120,edgegpu_latency,ga_only,44.54999923706055,3.4334373474121094
ImageNet16-120,edgegpu_latency,ga_only,44.54999923706055,3.4334373474121094
ImageNet16-120,edgegpu_latency,ga_only,44.54999923706055,3.4334373474121094
ImageNet16-120,edgegpu_latency,ga_only,44.54999923706055,3.4334373474121094
ImageNet16-120,edgegpu_latency,ga_only,44.54999923706055,3.4334373474121094
ImageNet16-120,edgegpu_latency,ga_only,44.54999923706055,3.4334373474121094
ImageNet16-120,edgegpu_latency,ga_only,44.54999923706055,3.4334373474121094
ImageNet16-120,edgegpu_latency,ga_only,44.54999923706055,3.4334373474121094
ImageNet16-120,edgegpu_latency,ga_only,44.54999923706055,3.4334373474121094
ImageNet16-120,edgegpu_latency,ga_only,44.54999923706055,3.4334373474121094
ImageNet16-120,edgegpu_latency,ga_only,44.54999923706055,3.4334373474121094
ImageNet16-120,edgegpu_latency,ga_only,44.54999923706055,3.4334373474121094
ImageNet16-120,edgegpu_latency,ga_only,44.54999923706055,3.4334373474121094
ImageNet16-120,edgegpu_latency,ga_only,44.54999923706055,3.4334373474121094
ImageNet16-120,edgegpu_latency,ga_only,44.54999923706055,3.4334373474121094
ImageNet16-120,edgegpu_latency,ga_only,44.54999923706055,3.4334373474121094
ImageNet16-120,edgegpu_latency,ga_only,44.54999923706055,3.4334373474121094
ImageNet16-120,edgegpu_latency,ga_only,44.54999923706055,3.4334373474121094
ImageNet16-120,edgegpu_latency,ga_only,44.54999923706055,3.4334373474121094
ImageNet16-120,edgegpu_latency,ga_only,44.54999923706055,3.4334373474121094
ImageNet16-120,edgegpu_latency,ga_only,44.54999923706055,3.4334373474121094
ImageNet16-120,edgegpu_latency,ga_only,44.54999923706055,3.4334373474121094
ImageNet16-120,edgegpu_latency,ga_only,44.54999923706055,3.4334373474121094
ImageNet16-120,edgegpu_latency,ga_only,44.54999923706055,3.4334373474121094
ImageNet16-120,edgegpu_latency,ga_only,44.54999923706055,3.4334373474121094
ImageNet16-120,edgegpu_latency,ga_only,44.54999923706055,3.4334373474121094
ImageNet16-120,edgegpu_latency,ga_only,44.54999923706055,3.4334373474121094
ImageNet16-120,edgegpu_latency,ga_only,44.54999923706055,3.4334373474121094
ImageNet16-120,edgegpu_latency,ga_only,44.54999923706055,3.4334373474121094
ImageNet16-120,edgegpu_latency,ga_only,44.54999923706055,3.4334373474121094
ImageNet16-120,edgegpu_latency,ga_only,44.54999923706055,3.4334373474121094
ImageNet16-120,edgegpu_latency,ga_only,44.54999923706055,3.4334373474121094
ImageNet16-120,edgegpu_latency,ga_only,44.54999923706055,3.4334373474121094
ImageNet16-120,edgegpu_latency,ga_only,44.54999923706055,3.4334373474121094
ImageNet16-120,edgegpu_latency,ga_only,44.54999923706055,3.4334373474121094
ImageNet16-120,edgegpu_latency,ga_only,44.54999923706055,3.4334373474121094
ImageNet16-120,edgegpu_latency,ga_only,44.54999923706055,3.4334373474121094
ImageNet16-120,edgegpu_latency,ga_only,44.54999923706055,3.4334373474121094
ImageNet16-120,edgegpu_latency,ga_only,44.54999923706055,3.4334373474121094
ImageNet16-120,edgegpu_latency,ga_only,44.54999923706055,3.4334373474121094
ImageNet16-120,edgegpu_latency,ga_only,44.54999923706055,3.4334373474121094
ImageNet16-120,edgegpu_latency,ga_only,44.54999923706055,3.4334373474121094
ImageNet16-120,edgegpu_latency,ga_only,44.54999923706055,3.4334373474121094
ImageNet16-120,edgegpu_latency,ga_only,44.54999923706055,3.4334373474121094
ImageNet16-120,edgegpu_latency,ga_only,44.54999923706055,3.4334373474121094
ImageNet16-120,edgegpu_latency,ga_only,44.54999923706055,3.4334373474121094
ImageNet16-120,edgegpu_latency,ga_only,44.54999923706055,3.4334373474121094
ImageNet16-120,edgegpu_latency,ga_only,44.54999923706055,3.4334373474121094
ImageNet16-120,edgegpu_latency,ga_only,44.54999923706055,3.4334373474121094
ImageNet16-120,edgegpu_latency,ga_only,44.54999923706055,3.4334373474121094
ImageNet16-120,edgegpu_latency,ga_only,44.54999923706055,3.4334373474121094
ImageNet16-120,edgegpu_latency,ga_only,44.54999923706055,3.4334373474121094
ImageNet16-120,edgegpu_latency,ga_only,44.54999923706055,3.4334373474121094
ImageNet16-120,edgegpu_latency,ga_only,44.54999923706055,3.4334373474121094
ImageNet16-120,edgegpu_latency,ga_only,44.54999923706055,3.4334373474121094
ImageNet16-120,edgegpu_latency,ga_only,44.54999923706055,3.4334373474121094
ImageNet16-120,edgegpu_latency,ga_only,44.54999923706055,3.4334373474121094
ImageNet16-120,edgegpu_latency,ga_only,44.54999923706055,3.4334373474121094
ImageNet16-120,edgegpu_latency,ga_only,44.54999923706055,3.4334373474121094
ImageNet16-120,edgegpu_latency,ga_only,44.54999923706055,3.4334373474121094
ImageNet16-120,edgegpu_latency,ga_only,44.54999923706055,3.4334373474121094
ImageNet16-120,edgegpu_latency,ga_only,44.54999923706055,3.4334373474121094
ImageNet16-120,edgegpu_latency,ga_only,44.54999923706055,3.4334373474121094
ImageNet16-120,edgegpu_latency,ga_only,44.54999923706055,3.4334373474121094
ImageNet16-120,edgegpu_latency,ga_only,44.54999923706055,3.4334373474121094
ImageNet16-120,edgegpu_latency,ga_only,44.54999923706055,3.4334373474121094
ImageNet16-120,edgegpu_latency,ga_only,44.54999923706055,3.4334373474121094
ImageNet16-120,edgegpu_latency,ga_only,44.54999923706055,3.4334373474121094
ImageNet16-120,edgegpu_latency,ga_only,44.54999923706055,3.4334373474121094
ImageNet16-120,edgegpu_latency,ga_only,44.54999923706055,3.4334373474121094
ImageNet16-120,edgegpu_latency,ga_only,44.54999923706055,3.4334373474121094
ImageNet16-120,edgegpu_latency,ga_only,44.54999923706055,3.4334373474121094
ImageNet16-120,edgegpu_latency,ga_only,44.54999923706055,3.4334373474121094
ImageNet16-120,edgegpu_latency,ga_only,44.54999923706055,3.4334373474121094
ImageNet16-120,edgegpu_latency,ga_only,44.54999923706055,3.4334373474121094
ImageNet16-120,edgegpu_latency,ga_only,44.54999923706055,3.4334373474121094
ImageNet16-120,edgegpu_latency,ga_only,44.54999923706055,3.4334373474121094
ImageNet16-120,edgegpu_latency,ga_only,44.54999923706055,3.4334373474121094
ImageNet16-120,edgegpu_latency,ga_only,44.54999923706055,3.4334373474121094
ImageNet16-120,edgegpu_latency,ga_only,44.54999923706055,3.4334373474121094
ImageNet16-120,edgegpu_latency,ga_only,44.54999923706055,3.4334373474121094
ImageNet16-120,edgegpu_latency,ga_only,44.54999923706055,3.4334373474121094
ImageNet16-120,edgegpu_latency,ga_only,44.54999923706055,3.4334373474121094
ImageNet16-120,edgegpu_latency,ga_only,44.54999923706055,3.4334373474121094
ImageNet16-120,edgegpu_latency,ga_only,44.54999923706055,3.4334373474121094
ImageNet16-120,edgegpu_latency,ga_only,44.54999923706055,3.4334373474121094
ImageNet16-120,edgegpu_latency,ga_only,44.54999923706055,3.4334373474121094
ImageNet16-120,edgegpu_latency,ga_only,44.54999923706055,3.4334373474121094
ImageNet16-120,edgegpu_latency,ga_only,44.54999923706055,3.4334373474121094
ImageNet16-120,edgegpu_latency,ga_only,44.54999923706055,3.4334373474121094
ImageNet16-120,edgegpu_latency,ga_only,44.54999923706055,3.4334373474121094
ImageNet16-120,edgegpu_latency,ga_only,44.54999923706055,3.4334373474121094
ImageNet16-120,edgegpu_latency,ga_only,44.54999923706055,3.4334373474121094
ImageNet16-120,edgegpu_latency,ga_only,44.54999923706055,3.4334373474121094
ImageNet16-120,edgegpu_latency,ga_only,44.54999923706055,3.4334373474121094
ImageNet16-120,edgegpu_latency,ga_only,44.54999923706055,3.4334373474121094
ImageNet16-120,edgegpu_latency,ga_only,44.54999923706055,3.4334373474121094
ImageNet16-120,edgegpu_latency,ga_only,44.54999923706055,3.4334373474121094
ImageNet16-120,edgegpu_latency,ga_only,44.54999923706055,3.4334373474121094
ImageNet16-120,edgegpu_latency,ga_only,44.54999923706055,3.4334373474121094
ImageNet16-120,edgegpu_latency,ga_only,44.54999923706055,3.4334373474121094
ImageNet16-120,edgegpu_latency,ga_only,44.54999923706055,3.4334373474121094
ImageNet16-120,edgegpu_latency,ga_only,44.54999923706055,3.4334373474121094
ImageNet16-120,edgegpu_latency,ga_only,44.54999923706055,3.4334373474121094
ImageNet16-120,edgegpu_latency,ga_only,44.54999923706055,3.4334373474121094
ImageNet16-120,edgegpu_latency,ga_only,44.54999923706055,3.4334373474121094
ImageNet16-120,edgegpu_latency,ga_only,44.54999923706055,3.4334373474121094
ImageNet16-120,edgegpu_latency,ga_only,44.54999923706055,3.4334373474121094
ImageNet16-120,edgegpu_latency,ga_only,44.54999923706055,3.4334373474121094
ImageNet16-120,edgegpu_latency,ga_only,44.54999923706055,3.4334373474121094
ImageNet16-120,edgegpu_latency,ga_only,44.54999923706055,3.4334373474121094
ImageNet16-120,edgegpu_latency,ga_only,44.54999923706055,3.4334373474121094
ImageNet16-120,edgegpu_latency,ga_only,44.54999923706055,3.4334373474121094
ImageNet16-120,edgegpu_latency,ga_only,44.54999923706055,3.4334373474121094
ImageNet16-120,edgegpu_latency,ga_only,44.54999923706055,3.4334373474121094
ImageNet16-120,edgegpu_latency,ga_only,44.54999923706055,3.4334373474121094
ImageNet16-120,edgegpu_latency,ga_only,44.54999923706055,3.4334373474121094
ImageNet16-120,edgegpu_latency,ga_only,44.54999923706055,3.4334373474121094
ImageNet16-120,edgegpu_latency,ga_only,44.54999923706055,3.4334373474121094
ImageNet16-120,edgegpu_latency,ga_only,44.54999923706055,3.4334373474121094
ImageNet16-120,edgegpu_latency,ga_only,44.54999923706055,3.4334373474121094
ImageNet16-120,edgegpu_latency,ga_only,44.54999923706055,3.4334373474121094
ImageNet16-120,edgegpu_latency,ga_only,44.54999923706055,3.4334373474121094
ImageNet16-120,edgegpu_latency,ga_only,44.54999923706055,3.4334373474121094
ImageNet16-120,edgegpu_latency,ga_only,44.54999923706055,3.4334373474121094
ImageNet16-120,edgegpu_latency,ga_only,44.54999923706055,3.4334373474121094
ImageNet16-120,edgegpu_latency,ga_only,44.54999923706055,3.4334373474121094
ImageNet16-120,edgegpu_latency,ga_only,44.54999923706055,3.4334373474121094
ImageNet16-120,edgegpu_latency,ga_only,44.54999923706055,3.4334373474121094
ImageNet16-120,edgegpu_latency,ga_only,44.54999923706055,3.4334373474121094
ImageNet16-120,edgegpu_latency,ga_only,44.54999923706055,3.4334373474121094
ImageNet16-120,edgegpu_latency,ga_only,44.54999923706055,3.4334373474121094
ImageNet16-120,edgegpu_latency,ga_only,44.54999923706055,3.4334373474121094
ImageNet16-120,edgegpu_latency,ga_only,44.54999923706055,3.4334373474121094
ImageNet16-120,edgegpu_latency,ga_only,44.54999923706055,3.4334373474121094
ImageNet16-120,edgegpu_latency,ga_only,44.54999923706055,3.4334373474121094
ImageNet16-120,edgegpu_latency,ga_only,44.54999923706055,3.4334373474121094
ImageNet16-120,edgegpu_latency,ga_only,44.54999923706055,3.4334373474121094
ImageNet16-120,edgegpu_latency,ga_only,44.54999923706055,3.4334373474121094
ImageNet16-120,edgegpu_latency,ga_only,44.54999923706055,3.4334373474121094
ImageNet16-120,edgegpu_latency,ga_only,44.54999923706055,3.4334373474121094
ImageNet16-120,edgegpu_latency,ga_only,44.54999923706055,3.4334373474121094
ImageNet16-120,edgegpu_latency,ga_only,44.54999923706055,3.4334373474121094
ImageNet16-120,edgegpu_latency,ga_only,44.54999923706055,3.4334373474121094
ImageNet16-120,edgegpu_latency,ga_only,44.54999923706055,3.4334373474121094
ImageNet16-120,edgegpu_latency,ga_only,44.54999923706055,3.4334373474121094
ImageNet16-120,edgegpu_latency,ga_only,44.54999923706055,3.4334373474121094
ImageNet16-120,edgegpu_latency,ga_only,44.54999923706055,3.4334373474121094
ImageNet16-120,edgegpu_latency,ga_only,44.54999923706055,3.4334373474121094
ImageNet16-120,edgegpu_latency,ga_only,44.54999923706055,3.4334373474121094
ImageNet16-120,edgegpu_latency,ga_only,44.54999923706055,3.4334373474121094
ImageNet16-120,edgegpu_latency,ga_only,44.54999923706055,3.4334373474121094
ImageNet16-120,edgegpu_latency,ga_only,44.54999923706055,3.4334373474121094
ImageNet16-120,edgegpu_latency,ga_only,44.54999923706055,3.4334373474121094
ImageNet16-120,edgegpu_latency,ga_only,44.54999923706055,3.4334373474121094
ImageNet16-120,edgegpu_latency,ga_only,44.54999923706055,3.4334373474121094
ImageNet16-120,edgegpu_latency,ga_only,44.54999923706055,3.4334373474121094
ImageNet16-120,edgegpu_latency,ga_only,44.54999923706055,3.4334373474121094
ImageNet16-120,edgegpu_latency,ga_only,44.54999923706055,3.4334373474121094
ImageNet16-120,edgegpu_latency,ga_only,44.54999923706055,3.4334373474121094
ImageNet16-120,edgegpu_latency,ga_only,44.54999923706055,3.4334373474121094
ImageNet16-120,edgegpu_latency,ga_only,44.54999923706055,3.4334373474121094
ImageNet16-120,edgegpu_latency,ga_only,44.54999923706055,3.4334373474121094
ImageNet16-120,edgegpu_latency,ga_only,44.54999923706055,3.4334373474121094
ImageNet16-120,edgegpu_latency,ga_only,44.54999923706055,3.4334373474121094
ImageNet16-120,edgegpu_latency,ga_only,44.54999923706055,3.4334373474121094
ImageNet16-120,edgegpu_latency,ga_only,44.54999923706055,3.4334373474121094
ImageNet16-120,edgegpu_latency,ga_only,44.54999923706055,3.4334373474121094
ImageNet16-120,edgegpu_latency,ga_only,44.54999923706055,3.4334373474121094
ImageNet16-120,edgegpu_latency,ga_only,44.54999923706055,3.4334373474121094
ImageNet16-120,edgegpu_latency,ga_only,44.54999923706055,3.4334373474121094
ImageNet16-120,edgegpu_latency,ga_only,44.54999923706055,3.4334373474121094
ImageNet16-120,edgegpu_latency,ga_only,44.54999923706055,3.4334373474121094
ImageNet16-120,edgegpu_latency,ga_only,44.54999923706055,3.4334373474121094
ImageNet16-120,edgegpu_latency,ga_only,44.54999923706055,3.4334373474121094
ImageNet16-120,edgegpu_latency,ga_only,44.54999923706055,3.4334373474121094
ImageNet16-120,edgegpu_latency,ga_only,44.54999923706055,3.4334373474121094
ImageNet16-120,edgegpu_latency,ga_only,44.54999923706055,3.4334373474121094
ImageNet16-120,edgegpu_latency,ga_only,44.54999923706055,3.4334373474121094
ImageNet16-120,edgegpu_latency,ga_only,44.54999923706055,3.4334373474121094
ImageNet16-120,edgegpu_latency,ga_only,44.54999923706055,3.4334373474121094
ImageNet16-120,edgegpu_latency,ga_only,44.54999923706055,3.4334373474121094
ImageNet16-120,edgegpu_latency,ga_only,44.54999923706055,3.4334373474121094
ImageNet16-120,edgegpu_latency,ga_only,44.54999923706055,3.4334373474121094
ImageNet16-120,edgegpu_latency,ga_only,44.54999923706055,3.4334373474121094
ImageNet16-120,edgegpu_latency,ga_only,44.54999923706055,3.4334373474121094
ImageNet16-120,edgegpu_latency,ga_only,44.54999923706055,3.4334373474121094
ImageNet16-120,edgegpu_latency,ga_only,44.54999923706055,3.4334373474121094
ImageNet16-120,edgegpu_latency,ga_only,44.54999923706055,3.4334373474121094
ImageNet16-120,edgegpu_latency,ga_only,44.54999923706055,3.4334373474121094
ImageNet16-120,edgegpu_latency,ga_only,44.54999923706055,3.4334373474121094
ImageNet16-120,edgegpu_latency,ga_only,44.54999923706055,3.4334373474121094
ImageNet16-120,edgegpu_latency,ga_only,44.54999923706055,3.4334373474121094
ImageNet16-120,edgegpu_latency,ga_only,44.54999923706055,3.4334373474121094
ImageNet16-120,edgegpu_latency,ga_only,44.54999923706055,3.4334373474121094
ImageNet16-120,edgegpu_latency,ga_only,44.54999923706055,3.4334373474121094
ImageNet16-120,edgegpu_latency,ga_only,44.54999923706055,3.4334373474121094
ImageNet16-120,edgegpu_latency,ga_only,44.54999923706055,3.4334373474121094
ImageNet16-120,edgegpu_latency,ga_only,44.54999923706055,3.4334373474121094
ImageNet16-120,edgegpu_latency,ga_only,44.54999923706055,3.4334373474121094
ImageNet16-120,edgegpu_latency,ga_only,44.54999923706055,3.4334373474121094
ImageNet16-120,edgegpu_latency,ga_only,44.54999923706055,3.4334373474121094
ImageNet16-120,edgegpu_latency,ga_only,44.54999923706055,3.4334373474121094
ImageNet16-120,edgegpu_latency,ga_only,44.54999923706055,3.4334373474121094
ImageNet16-120,edgegpu_latency,ga_only,44.54999923706055,3.4334373474121094
ImageNet16-120,edgegpu_latency,ga_only,44.54999923706055,3.4334373474121094
ImageNet16-120,edgegpu_latency,ga_only,44.54999923706055,3.4334373474121094
ImageNet16-120,edgegpu_latency,ga_only,44.54999923706055,3.4334373474121094
ImageNet16-120,edgegpu_latency,ga_only,44.54999923706055,3.4334373474121094
ImageNet16-120,edgegpu_latency,ga_only,44.54999923706055,3.4334373474121094
ImageNet16-120,edgegpu_latency,ga_only,44.54999923706055,3.4334373474121094
ImageNet16-120,edgegpu_latency,ga_only,44.54999923706055,3.4334373474121094
ImageNet16-120,edgegpu_latency,ga_only,44.54999923706055,3.4334373474121094
ImageNet16-120,edgegpu_latency,ga_only,44.54999923706055,3.4334373474121094
ImageNet16-120,edgegpu_latency,ga_only,44.54999923706055,3.4334373474121094
ImageNet16-120,edgegpu_latency,ga_only,44.54999923706055,3.4334373474121094
ImageNet16-120,edgegpu_latency,ga_only,44.54999923706055,3.4334373474121094
ImageNet16-120,edgegpu_latency,ga_only,44.54999923706055,3.4334373474121094
ImageNet16-120,edgegpu_latency,ga_only,44.54999923706055,3.4334373474121094
ImageNet16-120,edgegpu_latency,ga_only,44.54999923706055,3.4334373474121094
ImageNet16-120,edgegpu_latency,ga_only,44.54999923706055,3.4334373474121094
ImageNet16-120,edgegpu_latency,ga_only,44.54999923706055,3.4334373474121094
ImageNet16-120,edgegpu_latency,ga_only,44.54999923706055,3.4334373474121094
ImageNet16-120,edgegpu_latency,ga_only,44.54999923706055,3.4334373474121094
ImageNet16-120,edgegpu_latency,ga_only,44.54999923706055,3.4334373474121094
ImageNet16-120,edgegpu_latency,ga_only,44.54999923706055,3.4334373474121094
ImageNet16-120,edgegpu_latency,ga_only,44.54999923706055,3.4334373474121094
ImageNet16-120,edgegpu_latency,ga_only,44.54999923706055,3.4334373474121094
ImageNet16-120,edgegpu_latency,ga_only,44.54999923706055,3.4334373474121094
ImageNet16-120,edgegpu_latency,ga_only,44.54999923706055,3.4334373474121094
ImageNet16-120,edgegpu_latency,ga_only,44.54999923706055,3.4334373474121094
ImageNet16-120,edgegpu_latency,ga_only,44.54999923706055,3.4334373474121094
ImageNet16-120,edgegpu_latency,ga_only,44.54999923706055,3.4334373474121094
ImageNet16-120,edgegpu_latency,ga_only,44.54999923706055,3.4334373474121094
ImageNet16-120,edgegpu_latency,ga_only,44.54999923706055,3.4334373474121094
ImageNet16-120,edgegpu_latency,ga_only,44.54999923706055,3.4334373474121094
ImageNet16-120,edgegpu_latency,ga_only,44.54999923706055,3.4334373474121094
ImageNet16-120,edgegpu_latency,ga_only,44.54999923706055,3.4334373474121094
ImageNet16-120,edgegpu_latency,ga_only,44.54999923706055,3.4334373474121094
ImageNet16-120,edgegpu_latency,ga_only,44.54999923706055,3.4334373474121094
ImageNet16-120,edgegpu_latency,ga_only,44.54999923706055,3.4334373474121094
ImageNet16-120,edgegpu_latency,ga_only,44.54999923706055,3.4334373474121094
ImageNet16-120,edgegpu_latency,ga_only,44.54999923706055,3.4334373474121094
ImageNet16-120,edgegpu_latency,ga_only,44.54999923706055,3.4334373474121094
ImageNet16-120,edgegpu_latency,ga_only,44.54999923706055,3.4334373474121094
ImageNet16-120,edgegpu_latency,ga_only,44.54999923706055,3.4334373474121094
ImageNet16-120,edgegpu_latency,ga_only,44.54999923706055,3.4334373474121094
ImageNet16-120,edgegpu_latency,ga_only,44.54999923706055,3.4334373474121094
ImageNet16-120,edgegpu_latency,ga_only,44.54999923706055,3.4334373474121094
ImageNet16-120,edgegpu_latency,ga_only,44.54999923706055,3.4334373474121094
ImageNet16-120,edgegpu_latency,ga_only,44.54999923706055,3.4334373474121094
ImageNet16-120,edgegpu_latency,ga_only,44.54999923706055,3.4334373474121094
ImageNet16-120,edgegpu_latency,ga_only,44.54999923706055,3.4334373474121094
ImageNet16-120,edgegpu_latency,ga_only,44.54999923706055,3.4334373474121094
ImageNet16-120,edgegpu_latency,ga_only,44.54999923706055,3.4334373474121094
ImageNet16-120,edgegpu_latency,ga_only,44.54999923706055,3.4334373474121094
ImageNet16-120,edgegpu_latency,ga_only,44.54999923706055,3.4334373474121094
ImageNet16-120,edgegpu_latency,ga_only,44.54999923706055,3.4334373474121094
ImageNet16-120,edgegpu_latency,ga_only,44.54999923706055,3.4334373474121094
ImageNet16-120,edgegpu_latency,ga_only,44.54999923706055,3.4334373474121094
ImageNet16-120,edgegpu_latency,ga_only,44.54999923706055,3.4334373474121094
ImageNet16-120,edgegpu_latency,ga_only,44.54999923706055,3.4334373474121094
ImageNet16-120,edgegpu_latency,ga_only,44.54999923706055,3.4334373474121094
ImageNet16-120,edgegpu_latency,ga_only,44.54999923706055,3.4334373474121094
ImageNet16-120,edgegpu_latency,ga_only,44.54999923706055,3.4334373474121094
ImageNet16-120,edgegpu_latency,ga_only,44.54999923706055,3.4334373474121094
ImageNet16-120,edgegpu_latency,ga_only,44.54999923706055,3.4334373474121094
ImageNet16-120,edgegpu_latency,ga_only,44.54999923706055,3.4334373474121094
ImageNet16-120,edgegpu_latency,ga_only,44.54999923706055,3.4334373474121094
ImageNet16-120,edgegpu_latency,ga_only,44.54999923706055,3.4334373474121094
ImageNet16-120,edgegpu_latency,ga_only,44.54999923706055,3.4334373474121094
ImageNet16-120,edgegpu_latency,ga_only,44.54999923706055,3.4334373474121094
ImageNet16-120,edgegpu_latency,ga_only,44.54999923706055,3.4334373474121094
ImageNet16-120,edgegpu_latency,ga_only,44.54999923706055,3.4334373474121094
ImageNet16-120,edgegpu_latency,ga_only,44.54999923706055,3.4334373474121094
ImageNet16-120,edgegpu_latency,ga_only,44.54999923706055,3.4334373474121094
ImageNet16-120,edgegpu_latency,ga_only,44.54999923706055,3.4334373474121094
ImageNet16-120,edgegpu_latency,ga_only,44.54999923706055,3.4334373474121094
ImageNet16-120,edgegpu_latency,ga_only,44.54999923706055,3.4334373474121094
ImageNet16-120,edgegpu_latency,ga_only,44.54999923706055,3.4334373474121094
ImageNet16-120,edgegpu_latency,ga_only,44.54999923706055,3.4334373474121094
ImageNet16-120,edgegpu_latency,ga_only,44.54999923706055,3.4334373474121094
ImageNet16-120,edgegpu_latency,ga_only,44.54999923706055,3.4334373474121094
ImageNet16-120,edgegpu_latency,ga_only,44.54999923706055,3.4334373474121094
ImageNet16-120,edgegpu_latency,ga_only,44.54999923706055,3.4334373474121094
ImageNet16-120,edgegpu_latency,ga_only,44.54999923706055,3.4334373474121094
ImageNet16-120,edgegpu_latency,ga_only,44.54999923706055,3.4334373474121094
ImageNet16-120,edgegpu_latency,ga_only,44.54999923706055,3.4334373474121094
ImageNet16-120,edgegpu_latency,ga_only,44.54999923706055,3.4334373474121094
ImageNet16-120,edgegpu_latency,ga_only,44.54999923706055,3.4334373474121094
ImageNet16-120,edgegpu_latency,ga_only,44.54999923706055,3.4334373474121094
ImageNet16-120,edgegpu_latency,ga_only,44.54999923706055,3.4334373474121094
ImageNet16-120,edgegpu_latency,ga_only,44.54999923706055,3.4334373474121094
ImageNet16-120,edgegpu_latency,ga_only,44.54999923706055,3.4334373474121094
ImageNet16-120,edgegpu_latency,ga_only,44.54999923706055,3.4334373474121094
ImageNet16-120,edgegpu_latency,ga_only,44.54999923706055,3.4334373474121094
ImageNet16-120,edgegpu_latency,ga_only,44.54999923706055,3.4334373474121094
ImageNet16-120,edgegpu_latency,ga_only,44.54999923706055,3.4334373474121094
ImageNet16-120,edgegpu_latency,ga_only,44.54999923706055,3.4334373474121094
ImageNet16-120,edgegpu_latency,ga_only,44.54999923706055,3.4334373474121094
ImageNet16-120,edgegpu_latency,ga_only,44.54999923706055,3.4334373474121094
ImageNet16-120,edgegpu_latency,ga_only,44.54999923706055,3.4334373474121094
ImageNet16-120,edgegpu_latency,ga_only,44.54999923706055,3.4334373474121094
ImageNet16-120,edgegpu_latency,ga_only,44.54999923706055,3.4334373474121094
ImageNet16-120,edgegpu_latency,ga_only,44.54999923706055,3.4334373474121094
ImageNet16-120,edgegpu_latency,ga_only,44.54999923706055,3.4334373474121094
ImageNet16-120,edgegpu_latency,ga_only,44.54999923706055,3.4334373474121094
ImageNet16-120,edgegpu_latency,ga_only,44.54999923706055,3.4334373474121094
ImageNet16-120,edgegpu_latency,ga_only,44.54999923706055,3.4334373474121094
ImageNet16-120,edgegpu_latency,ga_only,44.54999923706055,3.4334373474121094
ImageNet16-120,edgegpu_latency,ga_only,44.54999923706055,3.4334373474121094
ImageNet16-120,edgegpu_latency,ga_only,44.54999923706055,3.4334373474121094
ImageNet16-120,edgegpu_latency,ga_only,44.54999923706055,3.4334373474121094
ImageNet16-120,edgegpu_latency,ga_only,44.54999923706055,3.4334373474121094
ImageNet16-120,edgegpu_latency,ga_only,44.54999923706055,3.4334373474121094
ImageNet16-120,edgegpu_latency,ga_only,44.54999923706055,3.4334373474121094
ImageNet16-120,edgegpu_latency,ga_only,44.54999923706055,3.4334373474121094
ImageNet16-120,edgegpu_latency,ga_only,44.54999923706055,3.4334373474121094
ImageNet16-120,edgegpu_latency,ga_only,44.54999923706055,3.4334373474121094
ImageNet16-120,edgegpu_latency,ga_only,44.54999923706055,3.4334373474121094
ImageNet16-120,edgegpu_latency,ga_only,44.54999923706055,3.4334373474121094
ImageNet16-120,edgegpu_latency,ga_only,44.54999923706055,3.4334373474121094
ImageNet16-120,edgegpu_latency,ga_only,44.54999923706055,3.4334373474121094
ImageNet16-120,edgegpu_latency,ga_only,44.54999923706055,3.4334373474121094
ImageNet16-120,edgegpu_latency,ga_only,44.54999923706055,3.4334373474121094
ImageNet16-120,edgegpu_latency,ga_only,44.54999923706055,3.4334373474121094
ImageNet16-120,edgegpu_latency,ga_only,44.54999923706055,3.4334373474121094
ImageNet16-120,edgegpu_latency,ga_only,44.54999923706055,3.4334373474121094
ImageNet16-120,edgegpu_latency,ga_only,44.54999923706055,3.4334373474121094
ImageNet16-120,edgegpu_latency,ga_only,44.54999923706055,3.4334373474121094
ImageNet16-120,edgegpu_latency,ga_only,44.54999923706055,3.4334373474121094
ImageNet16-120,edgegpu_latency,ga_only,44.71666717529297,3.4345579147338867
ImageNet16-120,edgegpu_latency,ga_only,44.71666717529297,3.4345579147338867
ImageNet16-120,edgegpu_latency,ga_only,44.71666717529297,3.4345579147338867
ImageNet16-120,edgegpu_latency,ga_only,44.71666717529297,3.4345579147338867
ImageNet16-120,edgegpu_latency,ga_only,44.71666717529297,3.4345579147338867
ImageNet16-120,edgegpu_latency,ga_only,44.71666717529297,3.4345579147338867
ImageNet16-120,edgegpu_latency,ga_only,44.71666717529297,3.4345579147338867
ImageNet16-120,edgegpu_latency,ga_only,44.71666717529297,3.4345579147338867
ImageNet16-120,edgegpu_latency,ga_only,44.71666717529297,3.4345579147338867
ImageNet16-120,edgegpu_latency,ga_only,44.766666412353516,3.490419387817383
ImageNet16-120,edgegpu_latency,ga_only,44.766666412353516,3.490419387817383
ImageNet16-120,edgegpu_latency,ga_only,44.766666412353516,3.490419387817383
ImageNet16-120,edgegpu_latency,ga_only,44.766666412353516,3.490419387817383
ImageNet16-120,edgegpu_latency,ga_only,44.766666412353516,3.490419387817383
ImageNet16-120,edgegpu_latency,ga_only,44.766666412353516,3.490419387817383
ImageNet16-120,edgegpu_latency,ga_only,44.766666412353516,3.490419387817383
ImageNet16-120,edgegpu_latency,ga_only,44.766666412353516,3.490419387817383
ImageNet16-120,edgegpu_latency,ga_only,44.766666412353516,3.490419387817383
ImageNet16-120,edgegpu_latency,ga_only,44.766666412353516,3.490419387817383
ImageNet16-120,edgegpu_latency,ga_only,44.766666412353516,3.490419387817383
ImageNet16-120,edgegpu_latency,ga_only,44.766666412353516,3.490419387817383
ImageNet16-120,edgegpu_latency,ga_only,44.766666412353516,3.490419387817383
ImageNet16-120,edgegpu_latency,ga_only,44.766666412353516,3.490419387817383
ImageNet16-120,edgegpu_latency,ga_only,44.766666412353516,3.490419387817383
ImageNet16-120,edgegpu_latency,ga_only,44.766666412353516,3.490419387817383
ImageNet16-120,edgegpu_latency,ga_only,44.766666412353516,3.490419387817383
ImageNet16-120,edgegpu_latency,ga_only,44.766666412353516,3.490419387817383
ImageNet16-120,edgegpu_latency,ga_only,44.766666412353516,3.490419387817383
ImageNet16-120,edgegpu_latency,ga_only,44.766666412353516,3.490419387817383
ImageNet16-120,edgegpu_latency,ga_only,44.766666412353516,3.490419387817383
ImageNet16-120,edgegpu_latency,ga_only,44.766666412353516,3.490419387817383
ImageNet16-120,edgegpu_latency,ga_only,44.766666412353516,3.490419387817383
ImageNet16-120,edgegpu_latency,ga_only,44.766666412353516,3.490419387817383
ImageNet16-120,edgegpu_latency,ga_only,44.766666412353516,3.490419387817383
ImageNet16-120,edgegpu_latency,ga_only,44.766666412353516,3.490419387817383
ImageNet16-120,edgegpu_latency,ga_only,44.766666412353516,3.490419387817383
ImageNet16-120,edgegpu_latency,ga_only,44.766666412353516,3.490419387817383
ImageNet16-120,edgegpu_latency,ga_only,44.766666412353516,3.490419387817383
ImageNet16-120,edgegpu_latency,ga_only,44.766666412353516,3.490419387817383
ImageNet16-120,edgegpu_latency,ga_only,44.766666412353516,3.490419387817383
ImageNet16-120,edgegpu_latency,ga_only,44.766666412353516,3.490419387817383
ImageNet16-120,edgegpu_latency,ga_only,44.766666412353516,3.490419387817383
ImageNet16-120,edgegpu_latency,ga_only,44.766666412353516,3.490419387817383
ImageNet16-120,edgegpu_latency,ga_only,44.766666412353516,3.490419387817383
ImageNet16-120,edgegpu_latency,ga_only,44.766666412353516,3.490419387817383
ImageNet16-120,edgegpu_latency,ga_only,44.766666412353516,3.490419387817383
ImageNet16-120,edgegpu_latency,ga_only,44.91666793823242,4.222531318664551
ImageNet16-120,edgegpu_latency,ga_only,44.91666793823242,4.222531318664551
ImageNet16-120,edgegpu_latency,ga_only,44.91666793823242,4.222531318664551
ImageNet16-120,edgegpu_latency,ga_only,44.91666793823242,4.222531318664551
ImageNet16-120,edgegpu_latency,ga_only,44.91666793823242,4.222531318664551
ImageNet16-120,edgegpu_latency,ga_only,44.91666793823242,4.222531318664551
ImageNet16-120,edgegpu_latency,ga_only,44.91666793823242,4.222531318664551
ImageNet16-120,edgegpu_latency,ga_only,44.91666793823242,4.222531318664551
ImageNet16-120,edgegpu_latency,ga_only,44.91666793823242,4.222531318664551
ImageNet16-120,edgegpu_latency,ga_only,44.91666793823242,4.222531318664551
ImageNet16-120,edgegpu_latency,ga_only,44.91666793823242,4.222531318664551
ImageNet16-120,edgegpu_latency,ga_only,44.91666793823242,4.222531318664551
ImageNet16-120,edgegpu_latency,ga_only,44.91666793823242,4.222531318664551
ImageNet16-120,edgegpu_latency,ga_only,44.91666793823242,4.222531318664551
ImageNet16-120,edgegpu_latency,ga_only,44.91666793823242,4.222531318664551
ImageNet16-120,edgegpu_latency,ga_only,44.91666793823242,4.222531318664551
ImageNet16-120,edgegpu_latency,ga_only,44.91666793823242,4.222531318664551
ImageNet16-120,edgegpu_latency,ga_only,44.91666793823242,4.222531318664551
ImageNet16-120,edgegpu_latency,ga_only,44.91666793823242,4.222531318664551
ImageNet16-120,edgegpu_latency,ga_only,44.91666793823242,4.222531318664551
ImageNet16-120,edgegpu_latency,ga_only,44.91666793823242,4.222531318664551
ImageNet16-120,edgegpu_latency,ga_only,44.91666793823242,4.222531318664551
ImageNet16-120,edgegpu_latency,ga_only,44.91666793823242,4.222531318664551
ImageNet16-120,edgegpu_latency,ga_only,44.91666793823242,4.222531318664551
ImageNet16-120,edgegpu_latency,ga_only,44.91666793823242,4.222531318664551
ImageNet16-120,edgegpu_latency,ga_only,44.91666793823242,4.222531318664551
ImageNet16-120,edgegpu_latency,ga_only,44.91666793823242,4.222531318664551
ImageNet16-120,edgegpu_latency,ga_only,44.91666793823242,4.222531318664551
ImageNet16-120,edgegpu_latency,ga_only,44.91666793823242,4.222531318664551
ImageNet16-120,edgegpu_latency,ga_only,44.91666793823242,4.222531318664551
ImageNet16-120,edgegpu_latency,ga_only,44.91666793823242,4.222531318664551
ImageNet16-120,edgegpu_latency,ga_only,44.91666793823242,4.222531318664551
ImageNet16-120,edgegpu_latency,ga_only,44.91666793823242,4.222531318664551
ImageNet16-120,edgegpu_latency,ga_only,44.91666793823242,4.222531318664551
ImageNet16-120,edgegpu_latency,ga_only,44.91666793823242,4.222531318664551
ImageNet16-120,edgegpu_latency,ga_only,44.91666793823242,4.222531318664551
ImageNet16-120,edgegpu_latency,ga_only,44.91666793823242,4.222531318664551
ImageNet16-120,edgegpu_latency,ga_only,44.91666793823242,4.222531318664551
ImageNet16-120,edgegpu_latency,ga_only,44.91666793823242,4.222531318664551
ImageNet16-120,edgegpu_latency,ga_only,44.91666793823242,4.222531318664551
ImageNet16-120,edgegpu_latency,ga_only,44.91666793823242,4.222531318664551
ImageNet16-120,edgegpu_latency,ga_only,44.91666793823242,4.222531318664551
ImageNet16-120,edgegpu_latency,ga_only,44.91666793823242,4.222531318664551
ImageNet16-120,edgegpu_latency,ga_only,44.91666793823242,4.222531318664551
ImageNet16-120,edgegpu_latency,ga_only,44.91666793823242,4.222531318664551
ImageNet16-120,edgegpu_latency,ga_only,44.91666793823242,4.222531318664551
ImageNet16-120,edgegpu_latency,ga_only,44.91666793823242,4.222531318664551
ImageNet16-120,edgegpu_latency,ga_only,44.91666793823242,4.222531318664551
ImageNet16-120,edgegpu_latency,ga_only,44.91666793823242,4.222531318664551
ImageNet16-120,edgegpu_latency,ga_only,44.91666793823242,4.222531318664551
ImageNet16-120,edgegpu_latency,ga_only,44.91666793823242,4.222531318664551
ImageNet16-120,edgegpu_latency,ga_only,44.91666793823242,4.222531318664551
ImageNet16-120,edgegpu_latency,ga_only,44.91666793823242,4.222531318664551
ImageNet16-120,edgegpu_latency,ga_only,44.91666793823242,4.222531318664551
ImageNet16-120,edgegpu_latency,ga_only,44.91666793823242,4.222531318664551
ImageNet16-120,edgegpu_latency,ga_only,44.91666793823242,4.222531318664551
ImageNet16-120,edgegpu_latency,ga_only,44.91666793823242,4.222531318664551
ImageNet16-120,edgegpu_latency,ga_only,44.91666793823242,4.222531318664551
ImageNet16-120,edgegpu_latency,ga_only,44.91666793823242,4.222531318664551
ImageNet16-120,edgegpu_latency,ga_only,44.91666793823242,4.222531318664551
ImageNet16-120,edgegpu_latency,ga_only,44.91666793823242,4.222531318664551
ImageNet16-120,edgegpu_latency,ga_only,44.91666793823242,4.222531318664551
ImageNet16-120,edgegpu_latency,ga_only,44.91666793823242,4.222531318664551
ImageNet16-120,edgegpu_latency,ga_only,44.91666793823242,4.222531318664551
ImageNet16-120,edgegpu_latency,ga_only,44.91666793823242,4.222531318664551
ImageNet16-120,edgegpu_latency,ga_only,44.91666793823242,4.222531318664551
ImageNet16-120,edgegpu_latency,ga_only,45.31111145019531,4.224715232849121
ImageNet16-120,edgegpu_latency,ga_only,45.31111145019531,4.224715232849121
ImageNet16-120,edgegpu_latency,ga_only,45.31111145019531,4.224715232849121
ImageNet16-120,edgegpu_latency,ga_only,45.31111145019531,4.224715232849121
ImageNet16-120,edgegpu_latency,ga_only,45.31111145019531,4.224715232849121
ImageNet16-120,edgegpu_latency,ga_only,45.31111145019531,4.224715232849121
ImageNet16-120,edgegpu_latency,ga_only,45.31111145019531,4.224715232849121
ImageNet16-120,edgegpu_latency,ga_only,46.04999923706055,4.632420539855957
ImageNet16-120,edgegpu_latency,ga_only,46.04999923706055,4.632420539855957
ImageNet16-120,edgegpu_latency,ga_only,46.04999923706055,4.632420539855957
ImageNet16-120,edgegpu_latency,ga_only,46.04999923706055,4.632420539855957
ImageNet16-120,edgegpu_latency,ga_only,46.04999923706055,4.632420539855957
ImageNet16-120,edgegpu_latency,ga_only,46.04999923706055,4.632420539855957
ImageNet16-120,edgegpu_latency,ga_only,46.04999923706055,4.632420539855957
ImageNet16-120,edgegpu_latency,ga_only,46.04999923706055,4.632420539855957
ImageNet16-120,edgegpu_latency,ga_only,46.04999923706055,4.632420539855957
ImageNet16-120,edgegpu_latency,ga_only,46.04999923706055,4.632420539855957
ImageNet16-120,edgegpu_latency,ga_only,46.04999923706055,4.632420539855957
ImageNet16-120,edgegpu_latency,ga_only,46.04999923706055,4.632420539855957
ImageNet16-120,edgegpu_latency,ga_only,46.04999923706055,4.632420539855957
ImageNet16-120,edgegpu_latency,ga_only,46.849998474121094,5.222673416137695
ImageNet16-120,edgegpu_latency,ga_only,46.849998474121094,5.222673416137695
ImageNet16-120,edgegpu_latency,ga_only,46.849998474121094,5.222673416137695
ImageNet16-120,edgegpu_latency,ga_only,46.849998474121094,5.222673416137695
ImageNet16-120,edgegpu_latency,ga_only,46.849998474121094,5.222673416137695
ImageNet16-120,edgegpu_latency,ga_only,46.849998474121094,5.222673416137695
ImageNet16-120,edgegpu_latency,ga_only,46.849998474121094,5.222673416137695
ImageNet16-120,edgegpu_latency,ga_only,47.16666793823242,6.223282814025879
ImageNet16-120,edgegpu_latency,ga_only,47.16666793823242,6.223282814025879
ImageNet16-120,edgegpu_latency,ga_only,47.16666793823242,6.223282814025879
ImageNet16-120,edgegpu_latency,ga_only,47.16666793823242,6.223282814025879
ImageNet16-120,edgegpu_latency,ga_only,47.16666793823242,6.223282814025879
ImageNet16-120,edgegpu_latency,ga_only,47.31111145019531,6.707663536071777
ImageNet16-120,edgegpu_latency,ga_only,47.31111145019531,6.707663536071777
ImageNet16-120,edgegpu_latency,ga_only,47.31111145019531,6.707663536071777
ImageNet16-120,edgegpu_latency,ga_only,47.31111145019531,6.707663536071777
ImageNet16-120,edgegpu_latency,ga_only,47.31111145019531,6.707663536071777
ImageNet16-120,edgegpu_latency,ga_only,47.31111145019531,6.707663536071777
ImageNet16-120,edgegpu_latency,ga_only,47.31111145019531,6.707663536071777
ImageNet16-120,raspi4_latency,ga_only,0.8333333134651184,0.011663099867291749
ImageNet16-120,raspi4_latency,ga_only,27.933332443237305,0.9402926798793487
ImageNet16-120,raspi4_latency,ga_only,27.933332443237305,0.9402926798793487
ImageNet16-120,raspi4_latency,ga_only,27.933332443237305,0.9402926798793487
ImageNet16-120,raspi4_latency,ga_only,27.933332443237305,0.9402926798793487
ImageNet16-120,raspi4_latency,ga_only,27.933332443237305,0.9402926798793487
ImageNet16-120,raspi4_latency,ga_only,27.933332443237305,0.9402926798793487
ImageNet16-120,raspi4_latency,ga_only,27.933332443237305,0.9402926798793487
ImageNet16-120,raspi4_latency,ga_only,27.933332443237305,0.9402926798793487
ImageNet16-120,raspi4_latency,ga_only,27.933332443237305,0.9402926798793487
ImageNet16-120,raspi4_latency,ga_only,27.933332443237305,0.9402926798793487
ImageNet16-120,raspi4_latency,ga_only,27.933332443237305,0.9402926798793487
ImageNet16-120,raspi4_latency,ga_only,27.933332443237305,0.9402926798793487
ImageNet16-120,raspi4_latency,ga_only,27.933332443237305,0.9402926798793487
ImageNet16-120,raspi4_latency,ga_only,27.933332443237305,0.9402926798793487
ImageNet16-120,raspi4_latency,ga_only,27.933332443237305,0.9402926798793487
ImageNet16-120,raspi4_latency,ga_only,27.933332443237305,0.9402926798793487
ImageNet16-120,raspi4_latency,ga_only,28.25,0.9467061200120952
ImageNet16-120,raspi4_latency,ga_only,28.25,0.9467061200120952
ImageNet16-120,raspi4_latency,ga_only,28.25,0.9467061200120952
ImageNet16-120,raspi4_latency,ga_only,28.25,0.9467061200120952
ImageNet16-120,raspi4_latency,ga_only,28.25,0.9467061200120952
ImageNet16-120,raspi4_latency,ga_only,28.25,0.9467061200120952
ImageNet16-120,raspi4_latency,ga_only,28.25,0.9467061200120952
ImageNet16-120,raspi4_latency,ga_only,28.25,0.9467061200120952
ImageNet16-120,raspi4_latency,ga_only,28.25,0.9467061200120952
ImageNet16-120,raspi4_latency,ga_only,28.25,0.9467061200120952
ImageNet16-120,raspi4_latency,ga_only,28.25,0.9467061200120952
ImageNet16-120,raspi4_latency,ga_only,28.25,0.9467061200120952
ImageNet16-120,raspi4_latency,ga_only,28.25,0.9467061200120952
ImageNet16-120,raspi4_latency,ga_only,28.25,0.9467061200120952
ImageNet16-120,raspi4_latency,ga_only,28.25,0.9467061200120952
ImageNet16-120,raspi4_latency,ga_only,28.25,0.9467061200120952
ImageNet16-120,raspi4_latency,ga_only,28.25,0.9467061200120952
ImageNet16-120,raspi4_latency,ga_only,28.25,0.9467061200120952
ImageNet16-120,raspi4_latency,ga_only,28.25,0.9467061200120952
ImageNet16-120,raspi4_latency,ga_only,28.25,0.9467061200120952
ImageNet16-120,raspi4_latency,ga_only,28.25,0.9467061200120952
ImageNet16-120,raspi4_latency,ga_only,28.25,0.9467061200120952
ImageNet16-120,raspi4_latency,ga_only,28.25,0.9467061200120952
ImageNet16-120,raspi4_latency,ga_only,28.683332443237305,0.9527895401697606
ImageNet16-120,raspi4_latency,ga_only,28.683332443237305,0.9527895401697606
ImageNet16-120,raspi4_latency,ga_only,28.683332443237305,0.9527895401697606
ImageNet16-120,raspi4_latency,ga_only,28.683332443237305,0.9527895401697606
ImageNet16-120,raspi4_latency,ga_only,28.788888931274414,0.9561955000390299
ImageNet16-120,raspi4_latency,ga_only,28.788888931274414,0.9561955000390299
ImageNet16-120,raspi4_latency,ga_only,28.788888931274414,0.9561955000390299
ImageNet16-120,raspi4_latency,ga_only,28.788888931274414,0.9561955000390299
ImageNet16-120,raspi4_latency,ga_only,28.788888931274414,0.9561955000390299
ImageNet16-120,raspi4_latency,ga_only,28.788888931274414,0.9561955000390299
ImageNet16-120,raspi4_latency,ga_only,28.788888931274414,0.9561955000390299
ImageNet16-120,raspi4_latency,ga_only,28.788888931274414,0.9561955000390299
ImageNet16-120,raspi4_latency,ga_only,28.788888931274414,0.9561955000390299
ImageNet16-120,raspi4_latency,ga_only,28.788888931274414,0.9561955000390299
ImageNet16-120,raspi4_latency,ga_only,28.788888931274414,0.9561955000390299
ImageNet16-120,raspi4_latency,ga_only,28.788888931274414,0.9561955000390299
ImageNet16-120,raspi4_latency,ga_only,28.788888931274414,0.9561955000390299
ImageNet16-120,raspi4_latency,ga_only,28.788888931274414,0.9561955000390299
ImageNet16-120,raspi4_latency,ga_only,28.788888931274414,0.9561955000390299
ImageNet16-120,raspi4_latency,ga_only,28.788888931274414,0.9561955000390299
ImageNet16-120,raspi4_latency,ga_only,28.788888931274414,0.9561955000390299
ImageNet16-120,raspi4_latency,ga_only,28.788888931274414,0.9561955000390299
ImageNet16-120,raspi4_latency,ga_only,28.788888931274414,0.9561955000390299
ImageNet16-120,raspi4_latency,ga_only,28.788888931274414,0.9561955000390299
ImageNet16-120,raspi4_latency,ga_only,28.788888931274414,0.9561955000390299
ImageNet16-120,raspi4_latency,ga_only,32.4555549621582,1.5267248402233236
ImageNet16-120,raspi4_latency,ga_only,32.4555549621582,1.5267248402233236
ImageNet16-120,raspi4_latency,ga_only,32.4555549621582,1.5267248402233236
ImageNet16-120,raspi4_latency,ga_only,32.516666412353516,1.53044199993019
ImageNet16-120,raspi4_latency,ga_only,32.516666412353516,1.53044199993019
ImageNet16-120,raspi4_latency,ga_only,32.53333282470703,1.530736520071514
ImageNet16-120,raspi4_latency,ga_only,32.74444580078125,1.533812840061728
ImageNet16-120,raspi4_latency,ga_only,32.83333206176758,1.5369957199436612
ImageNet16-120,raspi4_latency,ga_only,32.83333206176758,1.5369957199436612
ImageNet16-120,raspi4_latency,ga_only,33.0,1.5372265598853119
ImageNet16-120,raspi4_latency,ga_only,33.0,1.5372265598853119
ImageNet16-120,raspi4_latency,ga_only,33.900001525878906,1.5803814798709936
ImageNet16-120,raspi4_latency,ga_only,34.088890075683594,1.5862684400053695
ImageNet16-120,raspi4_latency,ga_only,34.088890075683594,1.5862684400053695
ImageNet16-120,raspi4_latency,ga_only,34.088890075683594,1.5862684400053695
ImageNet16-120,raspi4_latency,ga_only,34.088890075683594,1.5862684400053695
ImageNet16-120,raspi4_latency,ga_only,34.233333587646484,1.598666259960737
ImageNet16-120,raspi4_latency,ga_only,34.233333587646484,1.598666259960737
ImageNet16-120,raspi4_latency,ga_only,34.233333587646484,1.598666259960737
ImageNet16-120,raspi4_latency,ga_only,34.233333587646484,1.598666259960737
ImageNet16-120,raspi4_latency,ga_only,34.233333587646484,1.598666259960737
ImageNet16-120,raspi4_latency,ga_only,34.233333587646484,1.598666259960737
ImageNet16-120,raspi4_latency,ga_only,34.233333587646484,1.598666259960737
ImageNet16-120,raspi4_latency,ga_only,34.233333587646484,1.598666259960737
ImageNet16-120,raspi4_latency,ga_only,34.233333587646484,1.598666259960737
ImageNet16-120,raspi4_latency,ga_only,34.233333587646484,1.598666259960737
ImageNet16-120,raspi4_latency,ga_only,34.233333587646484,1.598666259960737
ImageNet16-120,raspi4_latency,ga_only,34.233333587646484,1.598666259960737
ImageNet16-120,raspi4_latency,ga_only,34.233333587646484,1.598666259960737
ImageNet16-120,raspi4_latency,ga_only,34.233333587646484,1.598666259960737
ImageNet16-120,raspi4_latency,ga_only,34.233333587646484,1.598666259960737
ImageNet16-120,raspi4_latency,ga_only,34.233333587646484,1.598666259960737
ImageNet16-120,raspi4_latency,ga_only,34.233333587646484,1.598666259960737
ImageNet16-120,raspi4_latency,ga_only,34.233333587646484,1.598666259960737
ImageNet16-120,raspi4_latency,ga_only,34.233333587646484,1.598666259960737
ImageNet16-120,raspi4_latency,ga_only,37.35555648803711,2.190654599980917
ImageNet16-120,raspi4_latency,ga_only,37.35555648803711,2.190654599980917
ImageNet16-120,raspi4_latency,ga_only,37.35555648803711,2.190654599980917
ImageNet16-120,raspi4_latency,ga_only,37.35555648803711,2.190654599980917
ImageNet16-120,raspi4_latency,ga_only,37.35555648803711,2.190654599980917
ImageNet16-120,raspi4_latency,ga_only,37.35555648803711,2.190654599980917
ImageNet16-120,raspi4_latency,ga_only,37.35555648803711,2.190654599980917
ImageNet16-120,raspi4_latency,ga_only,37.35555648803711,2.190654599980917
ImageNet16-120,raspi4_latency,ga_only,37.35555648803711,2.190654599980917
ImageNet16-120,raspi4_latency,ga_only,37.35555648803711,2.190654599980917
ImageNet16-120,raspi4_latency,ga_only,37.35555648803711,2.190654599980917
ImageNet16-120,raspi4_latency,ga_only,37.35555648803711,2.190654599980917
ImageNet16-120,raspi4_latency,ga_only,37.35555648803711,2.190654599980917
ImageNet16-120,raspi4_latency,ga_only,37.35555648803711,2.190654599980917
ImageNet16-120,raspi4_latency,ga_only,37.35555648803711,2.190654599980917
ImageNet16-120,raspi4_latency,ga_only,37.35555648803711,2.190654599980917
ImageNet16-120,raspi4_latency,ga_only,37.35555648803711,2.190654599980917
ImageNet16-120,raspi4_latency,ga_only,37.35555648803711,2.190654599980917
ImageNet16-120,raspi4_latency,ga_only,37.35555648803711,2.190654599980917
ImageNet16-120,raspi4_latency,ga_only,37.35555648803711,2.190654599980917
ImageNet16-120,raspi4_latency,ga_only,37.35555648803711,2.190654599980917
ImageNet16-120,raspi4_latency,ga_only,37.35555648803711,2.190654599980917
ImageNet16-120,raspi4_latency,ga_only,37.35555648803711,2.190654599980917
ImageNet16-120,raspi4_latency,ga_only,37.35555648803711,2.190654599980917
ImageNet16-120,raspi4_latency,ga_only,37.35555648803711,2.190654599980917
ImageNet16-120,raspi4_latency,ga_only,37.35555648803711,2.190654599980917
ImageNet16-120,raspi4_latency,ga_only,37.35555648803711,2.190654599980917
ImageNet16-120,raspi4_latency,ga_only,37.35555648803711,2.190654599980917
ImageNet16-120,raspi4_latency,ga_only,37.35555648803711,2.190654599980917
ImageNet16-120,raspi4_latency,ga_only,37.35555648803711,2.190654599980917
ImageNet16-120,raspi4_latency,ga_only,37.53333282470703,2.191733439976815
ImageNet16-120,raspi4_latency,ga_only,37.53333282470703,2.191733439976815
ImageNet16-120,raspi4_latency,ga_only,37.53333282470703,2.191733439976815
ImageNet16-120,raspi4_latency,ga_only,37.53333282470703,2.191733439976815
ImageNet16-120,raspi4_latency,ga_only,37.53333282470703,2.191733439976815
ImageNet16-120,raspi4_latency,ga_only,37.53333282470703,2.191733439976815
ImageNet16-120,raspi4_latency,ga_only,37.53333282470703,2.191733439976815
ImageNet16-120,raspi4_latency,ga_only,37.53333282470703,2.191733439976815
ImageNet16-120,raspi4_latency,ga_only,37.53333282470703,2.191733439976815
ImageNet16-120,raspi4_latency,ga_only,37.53333282470703,2.191733439976815
ImageNet16-120,raspi4_latency,ga_only,37.53333282470703,2.191733439976815
ImageNet16-120,raspi4_latency,ga_only,37.53333282470703,2.191733439976815
ImageNet16-120,raspi4_latency,ga_only,37.53333282470703,2.191733439976815
ImageNet16-120,raspi4_latency,ga_only,37.53333282470703,2.191733439976815
ImageNet16-120,raspi4_latency,ga_only,37.75555419921875,2.1979796199593693
ImageNet16-120,raspi4_latency,ga_only,37.75555419921875,2.1979796199593693
ImageNet16-120,raspi4_latency,ga_only,37.75555419921875,2.1979796199593693
ImageNet16-120,raspi4_latency,ga_only,37.75555419921875,2.1979796199593693
ImageNet16-120,raspi4_latency,ga_only,37.75555419921875,2.1979796199593693
ImageNet16-120,raspi4_latency,ga_only,37.75555419921875,2.1979796199593693
ImageNet16-120,raspi4_latency,ga_only,37.75555419921875,2.1979796199593693
ImageNet16-120,raspi4_latency,ga_only,37.75555419921875,2.1979796199593693
ImageNet16-120,raspi4_latency,ga_only,37.75555419921875,2.1979796199593693
ImageNet16-120,raspi4_latency,ga_only,37.844444274902344,2.1993556601228192
ImageNet16-120,raspi4_latency,ga_only,38.016666412353516,2.2015316801844165
ImageNet16-120,raspi4_latency,ga_only,38.016666412353516,2.2015316801844165
ImageNet16-120,raspi4_latency,ga_only,38.016666412353516,2.2015316801844165
ImageNet16-120,raspi4_latency,ga_only,38.016666412353516,2.2015316801844165
ImageNet16-120,raspi4_latency,ga_only,38.016666412353516,2.2015316801844165
ImageNet16-120,raspi4_latency,ga_only,38.016666412353516,2.2015316801844165
ImageNet16-120,raspi4_latency,ga_only,38.016666412353516,2.2015316801844165
ImageNet16-120,raspi4_latency,ga_only,38.016666412353516,2.2015316801844165
ImageNet16-120,raspi4_latency,ga_only,38.016666412353516,2.2015316801844165
ImageNet16-120,raspi4_latency,ga_only,38.016666412353516,2.2015316801844165
ImageNet16-120,raspi4_latency,ga_only,38.016666412353516,2.2015316801844165
ImageNet16-120,raspi4_latency,ga_only,38.016666412353516,2.2015316801844165
ImageNet16-120,raspi4_latency,ga_only,38.016666412353516,2.2015316801844165
ImageNet16-120,raspi4_latency,ga_only,38.016666412353516,2.2015316801844165
ImageNet16-120,raspi4_latency,ga_only,38.016666412353516,2.2015316801844165
ImageNet16-120,raspi4_latency,ga_only,38.016666412353516,2.2015316801844165
ImageNet16-120,raspi4_latency,ga_only,38.016666412353516,2.2015316801844165
ImageNet16-120,raspi4_latency,ga_only,38.016666412353516,2.2015316801844165
ImageNet16-120,raspi4_latency,ga_only,38.016666412353516,2.2015316801844165
ImageNet16-120,raspi4_latency,ga_only,38.016666412353516,2.2015316801844165
ImageNet16-120,raspi4_latency,ga_only,38.016666412353516,2.2015316801844165
ImageNet16-120,raspi4_latency,ga_only,38.016666412353516,2.2015316801844165
ImageNet16-120,raspi4_latency,ga_only,38.016666412353516,2.2015316801844165
ImageNet16-120,raspi4_latency,ga_only,38.016666412353516,2.2015316801844165
ImageNet16-120,raspi4_latency,ga_only,38.016666412353516,2.2015316801844165
ImageNet16-120,raspi4_latency,ga_only,38.33333206176758,2.858949679939542
ImageNet16-120,raspi4_latency,ga_only,38.33333206176758,2.858949679939542
ImageNet16-120,raspi4_latency,ga_only,38.33333206176758,2.858949679939542
ImageNet16-120,raspi4_latency,ga_only,38.33333206176758,2.858949679939542
ImageNet16-120,raspi4_latency,ga_only,38.33333206176758,2.858949679939542
ImageNet16-120,raspi4_latency,ga_only,38.33333206176758,2.858949679939542
ImageNet16-120,raspi4_latency,ga_only,38.33333206176758,2.858949679939542
ImageNet16-120,raspi4_latency,ga_only,38.33333206176758,2.858949679939542
ImageNet16-120,raspi4_latency,ga_only,38.33333206176758,2.858949679939542
ImageNet16-120,raspi4_latency,ga_only,38.33333206176758,2.858949679939542
ImageNet16-120,raspi4_latency,ga_only,38.33333206176758,2.858949679939542
ImageNet16-120,raspi4_latency,ga_only,38.33333206176758,2.858949679939542
ImageNet16-120,raspi4_latency,ga_only,38.33333206176758,2.858949679939542
ImageNet16-120,raspi4_latency,ga_only,38.33333206176758,2.858949679939542
ImageNet16-120,raspi4_latency,ga_only,38.33333206176758,2.858949679939542
ImageNet16-120,raspi4_latency,ga_only,38.33333206176758,2.858949679939542
ImageNet16-120,raspi4_latency,ga_only,38.33333206176758,2.858949679939542
ImageNet16-120,raspi4_latency,ga_only,38.33333206176758,2.858949679939542
ImageNet16-120,raspi4_latency,ga_only,38.5444450378418,2.911079039913602
ImageNet16-120,raspi4_latency,ga_only,38.5444450378418,2.911079039913602
ImageNet16-120,raspi4_latency,ga_only,38.63333511352539,2.9585554399818648
ImageNet16-120,raspi4_latency,ga_only,38.63333511352539,2.9585554399818648
ImageNet16-120,raspi4_latency,ga_only,38.63333511352539,2.9585554399818648
ImageNet16-120,raspi4_latency,ga_only,38.63333511352539,2.9585554399818648
ImageNet16-120,raspi4_latency,ga_only,38.63333511352539,2.9585554399818648
ImageNet16-120,raspi4_latency,ga_only,39.5,3.0659854400437325
ImageNet16-120,raspi4_latency,ga_only,39.5,3.0659854400437325
ImageNet16-120,raspi4_latency,ga_only,39.5,3.0659854400437325
ImageNet16-120,raspi4_latency,ga_only,39.5,3.0659854400437325
ImageNet16-120,raspi4_latency,ga_only,39.733333587646484,3.079679340007715
ImageNet16-120,raspi4_latency,ga_only,39.79999923706055,3.0833293800242245
ImageNet16-120,raspi4_latency,ga_only,39.79999923706055,3.0833293800242245
ImageNet16-120,raspi4_latency,ga_only,39.94444274902344,3.106316259945743
ImageNet16-120,raspi4_latency,ga_only,39.96666717529297,3.158449799811933
ImageNet16-120,raspi4_latency,ga_only,39.96666717529297,3.158449799811933
ImageNet16-120,raspi4_latency,ga_only,39.96666717529297,3.158449799811933
ImageNet16-120,raspi4_latency,ga_only,40.099998474121094,3.1599224798264913
ImageNet16-120,raspi4_latency,ga_only,40.099998474121094,3.1599224798264913
ImageNet16-120,raspi4_latency,ga_only,40.099998474121094,3.1599224798264913
ImageNet16-120,raspi4_latency,ga_only,40.099998474121094,3.1599224798264913
ImageNet16-120,raspi4_latency,ga_only,40.099998474121094,3.1599224798264913
ImageNet16-120,raspi4_latency,ga_only,40.099998474121094,3.1599224798264913
ImageNet16-120,raspi4_latency,ga_only,40.099998474121094,3.1599224798264913
ImageNet16-120,raspi4_latency,ga_only,40.20000076293945,3.1889146598405205
ImageNet16-120,raspi4_latency,ga_only,40.21666717529297,3.5921463000704534
ImageNet16-120,raspi4_latency,ga_only,40.21666717529297,3.5921463000704534
ImageNet16-120,raspi4_latency,ga_only,40.21666717529297,3.5921463000704534
ImageNet16-120,raspi4_latency,ga_only,40.21666717529297,3.5921463000704534
ImageNet16-120,raspi4_latency,ga_only,40.21666717529297,3.5921463000704534
ImageNet16-120,raspi4_latency,ga_only,40.21666717529297,3.5921463000704534
ImageNet16-120,raspi4_latency,ga_only,40.21666717529297,3.5921463000704534
ImageNet16-120,raspi4_latency,ga_only,40.21666717529297,3.5921463000704534
ImageNet16-120,raspi4_latency,ga_only,40.516666412353516,3.6289589799707755
ImageNet16-120,raspi4_latency,ga_only,40.516666412353516,3.6289589799707755
ImageNet16-120,raspi4_latency,ga_only,40.516666412353516,3.6289589799707755
ImageNet16-120,raspi4_latency,ga_only,40.516666412353516,3.6289589799707755
ImageNet16-120,raspi4_latency,ga_only,40.516666412353516,3.6289589799707755
ImageNet16-120,raspi4_latency,ga_only,40.516666412353516,3.6289589799707755
ImageNet16-120,raspi4_latency,ga_only,40.516666412353516,3.6289589799707755
ImageNet16-120,raspi4_latency,ga_only,40.516666412353516,3.6289589799707755
ImageNet16-120,raspi4_latency,ga_only,40.516666412353516,3.6289589799707755
ImageNet16-120,raspi4_latency,ga_only,40.516666412353516,3.6289589799707755
ImageNet16-120,raspi4_latency,ga_only,40.516666412353516,3.6289589799707755
ImageNet16-120,raspi4_latency,ga_only,40.516666412353516,3.6289589799707755
ImageNet16-120,raspi4_latency,ga_only,40.516666412353516,3.6289589799707755
ImageNet16-120,raspi4_latency,ga_only,40.516666412353516,3.6289589799707755
ImageNet16-120,raspi4_latency,ga_only,40.516666412353516,3.6289589799707755
ImageNet16-120,raspi4_latency,ga_only,40.516666412353516,3.6289589799707755
ImageNet16-120,raspi4_latency,ga_only,40.516666412353516,3.6289589799707755
ImageNet16-120,raspi4_latency,ga_only,40.516666412353516,3.6289589799707755
ImageNet16-120,raspi4_latency,ga_only,40.516666412353516,3.6289589799707755
ImageNet16-120,raspi4_latency,ga_only,40.516666412353516,3.6289589799707755
ImageNet16-120,raspi4_latency,ga_only,40.516666412353516,3.6289589799707755
ImageNet16-120,raspi4_latency,ga_only,40.516666412353516,3.6289589799707755
ImageNet16-120,raspi4_latency,ga_only,40.516666412353516,3.6289589799707755
ImageNet16-120,raspi4_latency,ga_only,40.516666412353516,3.6289589799707755
ImageNet16-120,raspi4_latency,ga_only,40.516666412353516,3.6289589799707755
ImageNet16-120,raspi4_latency,ga_only,40.516666412353516,3.6289589799707755
ImageNet16-120,raspi4_latency,ga_only,40.516666412353516,3.6289589799707755
ImageNet16-120,raspi4_latency,ga_only,40.516666412353516,3.6289589799707755
ImageNet16-120,raspi4_latency,ga_only,40.516666412353516,3.6289589799707755
ImageNet16-120,raspi4_latency,ga_only,40.516666412353516,3.6289589799707755
ImageNet16-120,raspi4_latency,ga_only,40.516666412353516,3.6289589799707755
ImageNet16-120,raspi4_latency,ga_only,40.516666412353516,3.6289589799707755
ImageNet16-120,raspi4_latency,ga_only,40.516666412353516,3.6289589799707755
ImageNet16-120,raspi4_latency,ga_only,40.516666412353516,3.6289589799707755
ImageNet16-120,raspi4_latency,ga_only,40.516666412353516,3.6289589799707755
ImageNet16-120,raspi4_latency,ga_only,40.516666412353516,3.6289589799707755
ImageNet16-120,raspi4_latency,ga_only,40.516666412353516,3.6289589799707755
ImageNet16-120,raspi4_latency,ga_only,40.516666412353516,3.6289589799707755
ImageNet16-120,raspi4_latency,ga_only,40.516666412353516,3.6289589799707755
ImageNet16-120,raspi4_latency,ga_only,40.516666412353516,3.6289589799707755
ImageNet16-120,raspi4_latency,ga_only,40.516666412353516,3.6289589799707755
ImageNet16-120,raspi4_latency,ga_only,40.516666412353516,3.6289589799707755
ImageNet16-120,raspi4_latency,ga_only,40.516666412353516,3.6289589799707755
ImageNet16-120,raspi4_latency,ga_only,40.516666412353516,3.6289589799707755
ImageNet16-120,raspi4_latency,ga_only,40.516666412353516,3.6289589799707755
ImageNet16-120,raspi4_latency,ga_only,40.516666412353516,3.6289589799707755
ImageNet16-120,raspi4_latency,ga_only,40.516666412353516,3.6289589799707755
ImageNet16-120,raspi4_latency,ga_only,40.516666412353516,3.6289589799707755
ImageNet16-120,raspi4_latency,ga_only,40.516666412353516,3.6289589799707755
ImageNet16-120,raspi4_latency,ga_only,40.516666412353516,3.6289589799707755
ImageNet16-120,raspi4_latency,ga_only,40.516666412353516,3.6289589799707755
ImageNet16-120,raspi4_latency,ga_only,40.516666412353516,3.6289589799707755
ImageNet16-120,raspi4_latency,ga_only,40.516666412353516,3.6289589799707755
ImageNet16-120,raspi4_latency,ga_only,40.516666412353516,3.6289589799707755
ImageNet16-120,raspi4_latency,ga_only,40.516666412353516,3.6289589799707755
ImageNet16-120,raspi4_latency,ga_only,40.516666412353516,3.6289589799707755
ImageNet16-120,raspi4_latency,ga_only,40.516666412353516,3.6289589799707755
ImageNet16-120,raspi4_latency,ga_only,40.516666412353516,3.6289589799707755
ImageNet16-120,raspi4_latency,ga_only,40.516666412353516,3.6289589799707755
ImageNet16-120,raspi4_latency,ga_only,40.516666412353516,3.6289589799707755
ImageNet16-120,raspi4_latency,ga_only,40.516666412353516,3.6289589799707755
ImageNet16-120,raspi4_latency,ga_only,40.516666412353516,3.6289589799707755
ImageNet16-120,raspi4_latency,ga_only,42.516666412353516,3.7552861601579934
ImageNet16-120,raspi4_latency,ga_only,42.516666412353516,3.7552861601579934
ImageNet16-120,raspi4_latency,ga_only,42.516666412353516,3.7552861601579934
ImageNet16-120,raspi4_latency,ga_only,42.57777786254883,3.7859248198219575
ImageNet16-120,raspi4_latency,ga_only,42.57777786254883,3.7859248198219575
ImageNet16-120,raspi4_latency,ga_only,42.57777786254883,3.7859248198219575
ImageNet16-120,raspi4_latency,ga_only,42.71110916137695,3.7884789999225177
ImageNet16-120,raspi4_latency,ga_only,42.71110916137695,3.7884789999225177
ImageNet16-120,raspi4_latency,ga_only,42.71110916137695,3.7884789999225177
ImageNet16-120,raspi4_latency,ga_only,43.03333282470703,3.7924472201848403
ImageNet16-120,raspi4_latency,ga_only,43.03333282470703,3.7924472201848403
ImageNet16-120,raspi4_latency,ga_only,43.03333282470703,3.7924472201848403
ImageNet16-120,raspi4_latency,ga_only,43.03333282470703,3.7924472201848403
ImageNet16-120,raspi4_latency,ga_only,43.29999923706055,3.8020270799461287
ImageNet16-120,raspi4_latency,ga_only,43.29999923706055,3.8020270799461287
ImageNet16-120,raspi4_latency,ga_only,43.29999923706055,3.8020270799461287
ImageNet16-120,raspi4_latency,ga_only,43.29999923706055,3.8020270799461287
ImageNet16-120,raspi4_latency,ga_only,43.29999923706055,3.8020270799461287
ImageNet16-120,raspi4_latency,ga_only,43.29999923706055,3.8020270799461287
ImageNet16-120,raspi4_latency,ga_only,43.29999923706055,3.8020270799461287
ImageNet16-120,raspi4_latency,ga_only,43.29999923706055,3.8020270799461287
ImageNet16-120,raspi4_latency,ga_only,43.29999923706055,3.8020270799461287
ImageNet16-120,raspi4_latency,ga_only,43.29999923706055,3.8020270799461287
ImageNet16-120,raspi4_latency,ga_only,43.849998474121094,4.4629971400718205
ImageNet16-120,raspi4_latency,ga_only,43.849998474121094,4.4629971400718205
ImageNet16-120,raspi4_latency,ga_only,43.849998474121094,4.4629971400718205
ImageNet16-120,raspi4_latency,ga_only,43.86666488647461,4.475789919961244
ImageNet16-120,raspi4_latency,ga_only,43.86666488647461,4.475789919961244
ImageNet16-120,raspi4_latency,ga_only,43.86666488647461,4.475789919961244
ImageNet16-120,raspi4_latency,ga_only,43.86666488647461,4.475789919961244
ImageNet16-120,raspi4_latency,ga_only,43.86666488647461,4.475789919961244
ImageNet16-120,raspi4_latency,ga_only,43.86666488647461,4.475789919961244
ImageNet16-120,raspi4_latency,ga_only,43.86666488647461,4.475789919961244
ImageNet16-120,raspi4_latency,ga_only,43.86666488647461,4.475789919961244
ImageNet16-120,raspi4_latency,ga_only,43.86666488647461,4.475789919961244
ImageNet16-120,raspi4_latency,ga_only,43.86666488647461,4.475789919961244
ImageNet16-120,raspi4_latency,ga_only,43.86666488647461,4.475789919961244
ImageNet16-120,raspi4_latency,ga_only,43.86666488647461,4.475789919961244
ImageNet16-120,raspi4_latency,ga_only,43.86666488647461,4.475789919961244
ImageNet16-120,raspi4_latency,ga_only,43.86666488647461,4.475789919961244
ImageNet16-120,raspi4_latency,ga_only,43.86666488647461,4.475789919961244
ImageNet16-120,raspi4_latency,ga_only,43.86666488647461,4.475789919961244
ImageNet16-120,raspi4_latency,ga_only,43.86666488647461,4.475789919961244
ImageNet16-120,raspi4_latency,ga_only,43.86666488647461,4.475789919961244
ImageNet16-120,raspi4_latency,ga_only,43.86666488647461,4.475789919961244
ImageNet16-120,raspi4_latency,ga_only,45.0,4.480516120092943
ImageNet16-120,raspi4_latency,ga_only,45.0,4.480516120092943
ImageNet16-120,raspi4_latency,ga_only,45.0,4.480516120092943
ImageNet16-120,raspi4_latency,ga_only,45.0,4.480516120092943
ImageNet16-120,raspi4_latency,ga_only,45.0,4.480516120092943
ImageNet16-120,raspi4_latency,ga_only,45.0,4.480516120092943
ImageNet16-120,raspi4_latency,ga_only,45.0,4.480516120092943
ImageNet16-120,raspi4_latency,ga_only,45.0,4.480516120092943
ImageNet16-120,raspi4_latency,ga_only,45.0,4.480516120092943
ImageNet16-120,raspi4_latency,ga_only,45.0,4.480516120092943
ImageNet16-120,raspi4_latency,ga_only,45.07777786254883,5.341908420086838
ImageNet16-120,raspi4_latency,ga_only,45.07777786254883,5.341908420086838
ImageNet16-120,raspi4_latency,ga_only,45.07777786254883,5.341908420086838
ImageNet16-120,raspi4_latency,ga_only,45.07777786254883,5.341908420086838
ImageNet16-120,raspi4_latency,ga_only,45.07777786254883,5.341908420086838
ImageNet16-120,raspi4_latency,ga_only,45.07777786254883,5.341908420086838
ImageNet16-120,raspi4_latency,ga_only,45.07777786254883,5.341908420086838
ImageNet16-120,raspi4_latency,ga_only,45.07777786254883,5.341908420086838
ImageNet16-120,raspi4_latency,ga_only,45.07777786254883,5.341908420086838
ImageNet16-120,raspi4_latency,ga_only,45.07777786254883,5.341908420086838
ImageNet16-120,raspi4_latency,ga_only,45.07777786254883,5.341908420086838
ImageNet16-120,raspi4_latency,ga_only,45.07777786254883,5.341908420086838
ImageNet16-120,raspi4_latency,ga_only,45.07777786254883,5.341908420086838
ImageNet16-120,raspi4_latency,ga_only,45.07777786254883,5.341908420086838
ImageNet16-120,raspi4_latency,ga_only,45.07777786254883,5.341908420086838
ImageNet16-120,raspi4_latency,ga_only,45.07777786254883,5.341908420086838
ImageNet16-120,raspi4_latency,ga_only,45.07777786254883,5.341908420086838
ImageNet16-120,raspi4_latency,ga_only,45.07777786254883,5.341908420086838
ImageNet16-120,raspi4_latency,ga_only,45.07777786254883,5.341908420086838
ImageNet16-120,raspi4_latency,ga_only,45.07777786254883,5.341908420086838
ImageNet16-120,raspi4_latency,ga_only,45.07777786254883,5.341908420086838
ImageNet16-120,raspi4_latency,ga_only,45.07777786254883,5.341908420086838
ImageNet16-120,raspi4_latency,ga_only,45.07777786254883,5.341908420086838
ImageNet16-120,raspi4_latency,ga_only,45.07777786254883,5.341908420086838
ImageNet16-120,raspi4_latency,ga_only,45.07777786254883,5.341908420086838
ImageNet16-120,raspi4_latency,ga_only,45.07777786254883,5.341908420086838
ImageNet16-120,raspi4_latency,ga_only,45.07777786254883,5.341908420086838
ImageNet16-120,raspi4_latency,ga_only,45.07777786254883,5.341908420086838
ImageNet16-120,raspi4_latency,ga_only,45.07777786254883,5.341908420086838
ImageNet16-120,raspi4_latency,ga_only,45.07777786254883,5.341908420086838
ImageNet16-120,raspi4_latency,ga_only,45.233333587646484,5.57418606011197
ImageNet16-120,raspi4_latency,ga_only,45.233333587646484,5.57418606011197
ImageNet16-120,raspi4_latency,ga_only,45.233333587646484,5.57418606011197
ImageNet16-120,raspi4_latency,ga_only,45.233333587646484,5.57418606011197
ImageNet16-120,raspi4_latency,ga_only,45.233333587646484,5.57418606011197
ImageNet16-120,raspi4_latency,ga_only,45.233333587646484,5.57418606011197
ImageNet16-120,raspi4_latency,ga_only,45.233333587646484,5.57418606011197
ImageNet16-120,raspi4_latency,ga_only,45.233333587646484,5.57418606011197
ImageNet16-120,raspi4_latency,ga_only,45.233333587646484,5.57418606011197
ImageNet16-120,raspi4_latency,ga_only,45.233333587646484,5.57418606011197
ImageNet16-120,raspi4_latency,ga_only,45.233333587646484,5.57418606011197
ImageNet16-120,raspi4_latency,ga_only,45.233333587646484,5.57418606011197
ImageNet16-120,raspi4_latency,ga_only,45.233333587646484,5.57418606011197
ImageNet16-120,raspi4_latency,ga_only,45.233333587646484,5.57418606011197
ImageNet16-120,raspi4_latency,ga_only,45.233333587646484,5.57418606011197
ImageNet16-120,raspi4_latency,ga_only,45.233333587646484,5.57418606011197
ImageNet16-120,raspi4_latency,ga_only,45.233333587646484,5.57418606011197
ImageNet16-120,raspi4_latency,ga_only,45.233333587646484,5.57418606011197
ImageNet16-120,raspi4_latency,ga_only,45.233333587646484,5.57418606011197
ImageNet16-120,raspi4_latency,ga_only,45.233333587646484,5.57418606011197
ImageNet16-120,raspi4_latency,ga_only,45.233333587646484,5.57418606011197
ImageNet16-120,raspi4_latency,ga_only,45.233333587646484,5.57418606011197
ImageNet16-120,raspi4_latency,ga_only,45.233333587646484,5.57418606011197
ImageNet16-120,raspi4_latency,ga_only,45.233333587646484,5.57418606011197
ImageNet16-120,raspi4_latency,ga_only,45.233333587646484,5.57418606011197
ImageNet16-120,raspi4_latency,ga_only,45.233333587646484,5.57418606011197
ImageNet16-120,raspi4_latency,ga_only,45.233333587646484,5.57418606011197
ImageNet16-120,raspi4_latency,ga_only,45.233333587646484,5.57418606011197
ImageNet16-120,raspi4_latency,ga_only,45.233333587646484,5.57418606011197
ImageNet16-120,raspi4_latency,ga_only,45.233333587646484,5.57418606011197
ImageNet16-120,raspi4_latency,ga_only,45.233333587646484,5.57418606011197
ImageNet16-120,raspi4_latency,ga_only,45.233333587646484,5.57418606011197
ImageNet16-120,raspi4_latency,ga_only,45.233333587646484,5.57418606011197
ImageNet16-120,raspi4_latency,ga_only,45.233333587646484,5.57418606011197
ImageNet16-120,raspi4_latency,ga_only,45.233333587646484,5.57418606011197
ImageNet16-120,raspi4_latency,ga_only,45.233333587646484,5.57418606011197
ImageNet16-120,raspi4_latency,ga_only,45.233333587646484,5.57418606011197
ImageNet16-120,raspi4_latency,ga_only,45.233333587646484,5.57418606011197
ImageNet16-120,raspi4_latency,ga_only,45.233333587646484,5.57418606011197
ImageNet16-120,raspi4_latency,ga_only,45.233333587646484,5.57418606011197
ImageNet16-120,raspi4_latency,ga_only,45.233333587646484,5.57418606011197
ImageNet16-120,raspi4_latency,ga_only,45.233333587646484,5.57418606011197
ImageNet16-120,raspi4_latency,ga_only,45.233333587646484,5.57418606011197
ImageNet16-120,raspi4_latency,ga_only,45.233333587646484,5.57418606011197
ImageNet16-120,raspi4_latency,ga_only,45.233333587646484,5.57418606011197
ImageNet16-120,raspi4_latency,ga_only,45.233333587646484,5.57418606011197
ImageNet16-120,raspi4_latency,ga_only,45.233333587646484,5.57418606011197
ImageNet16-120,raspi4_latency,ga_only,45.233333587646484,5.57418606011197
ImageNet16-120,raspi4_latency,ga_only,45.233333587646484,5.57418606011197
ImageNet16-120,raspi4_latency,ga_only,45.233333587646484,5.57418606011197
ImageNet16-120,raspi4_latency,ga_only,45.233333587646484,5.57418606011197
ImageNet16-120,raspi4_latency,ga_only,45.233333587646484,5.57418606011197
ImageNet16-120,raspi4_latency,ga_only,45.233333587646484,5.57418606011197
ImageNet16-120,raspi4_latency,ga_only,45.233333587646484,5.57418606011197
ImageNet16-120,raspi4_latency,ga_only,45.233333587646484,5.57418606011197
ImageNet16-120,raspi4_latency,ga_only,45.233333587646484,5.57418606011197
ImageNet16-120,raspi4_latency,ga_only,45.233333587646484,5.57418606011197
ImageNet16-120,raspi4_latency,ga_only,45.233333587646484,5.57418606011197
ImageNet16-120,raspi4_latency,ga_only,45.233333587646484,5.57418606011197
ImageNet16-120,raspi4_latency,ga_only,45.233333587646484,5.57418606011197
ImageNet16-120,raspi4_latency,ga_only,45.233333587646484,5.57418606011197
ImageNet16-120,raspi4_latency,ga_only,45.233333587646484,5.57418606011197
ImageNet16-120,raspi4_latency,ga_only,45.233333587646484,5.57418606011197
ImageNet16-120,raspi4_latency,ga_only,45.233333587646484,5.57418606011197
ImageNet16-120,raspi4_latency,ga_only,45.233333587646484,5.57418606011197
ImageNet16-120,raspi4_latency,ga_only,45.233333587646484,5.57418606011197
ImageNet16-120,raspi4_latency,ga_only,45.233333587646484,5.57418606011197
ImageNet16-120,raspi4_latency,ga_only,45.233333587646484,5.57418606011197
ImageNet16-120,raspi4_latency,ga_only,45.233333587646484,5.57418606011197
ImageNet16-120,raspi4_latency,ga_only,45.233333587646484,5.57418606011197
ImageNet16-120,raspi4_latency,ga_only,45.233333587646484,5.57418606011197
ImageNet16-120,raspi4_latency,ga_only,45.233333587646484,5.57418606011197
ImageNet16-120,raspi4_latency,ga_only,45.233333587646484,5.57418606011197
ImageNet16-120,raspi4_latency,ga_only,45.233333587646484,5.57418606011197
ImageNet16-120,raspi4_latency,ga_only,45.233333587646484,5.57418606011197
ImageNet16-120,raspi4_latency,ga_only,45.233333587646484,5.57418606011197
ImageNet16-120,raspi4_latency,ga_only,45.233333587646484,5.57418606011197
ImageNet16-120,raspi4_latency,ga_only,45.233333587646484,5.57418606011197
ImageNet16-120,raspi4_latency,ga_only,45.233333587646484,5.57418606011197
ImageNet16-120,raspi4_latency,ga_only,45.233333587646484,5.57418606011197
ImageNet16-120,raspi4_latency,ga_only,45.233333587646484,5.57418606011197
ImageNet16-120,raspi4_latency,ga_only,45.233333587646484,5.57418606011197
ImageNet16-120,raspi4_latency,ga_only,45.233333587646484,5.57418606011197
ImageNet16-120,raspi4_latency,ga_only,45.233333587646484,5.57418606011197
ImageNet16-120,raspi4_latency,ga_only,45.233333587646484,5.57418606011197
ImageNet16-120,raspi4_latency,ga_only,45.233333587646484,5.57418606011197
ImageNet16-120,raspi4_latency,ga_only,45.233333587646484,5.57418606011197
ImageNet16-120,raspi4_latency,ga_only,45.233333587646484,5.57418606011197
ImageNet16-120,raspi4_latency,ga_only,45.233333587646484,5.57418606011197
ImageNet16-120,raspi4_latency,ga_only,45.233333587646484,5.57418606011197
ImageNet16-120,raspi4_latency,ga_only,45.233333587646484,5.57418606011197
ImageNet16-120,raspi4_latency,ga_only,45.233333587646484,5.57418606011197
ImageNet16-120,raspi4_latency,ga_only,45.233333587646484,5.57418606011197
ImageNet16-120,raspi4_latency,ga_only,45.233333587646484,5.57418606011197
ImageNet16-120,raspi4_latency,ga_only,45.233333587646484,5.57418606011197
ImageNet16-120,raspi4_latency,ga_only,45.233333587646484,5.57418606011197
ImageNet16-120,raspi4_latency,ga_only,45.233333587646484,5.57418606011197
ImageNet16-120,raspi4_latency,ga_only,45.233333587646484,5.57418606011197
ImageNet16-120,raspi4_latency,ga_only,45.233333587646484,5.57418606011197
ImageNet16-120,raspi4_latency,ga_only,45.233333587646484,5.57418606011197
ImageNet16-120,raspi4_latency,ga_only,45.233333587646484,5.57418606011197
ImageNet16-120,raspi4_latency,ga_only,45.233333587646484,5.57418606011197
ImageNet16-120,raspi4_latency,ga_only,45.233333587646484,5.57418606011197
ImageNet16-120,raspi4_latency,ga_only,45.233333587646484,5.57418606011197
ImageNet16-120,raspi4_latency,ga_only,45.233333587646484,5.57418606011197
ImageNet16-120,raspi4_latency,ga_only,45.233333587646484,5.57418606011197
ImageNet16-120,raspi4_latency,ga_only,45.233333587646484,5.57418606011197
ImageNet16-120,raspi4_latency,ga_only,45.233333587646484,5.57418606011197
ImageNet16-120,raspi4_latency,ga_only,45.233333587646484,5.57418606011197
ImageNet16-120,raspi4_latency,ga_only,45.233333587646484,5.57418606011197
ImageNet16-120,raspi4_latency,ga_only,45.233333587646484,5.57418606011197
ImageNet16-120,raspi4_latency,ga_only,45.233333587646484,5.57418606011197
ImageNet16-120,raspi4_latency,ga_only,45.233333587646484,5.57418606011197
ImageNet16-120,raspi4_latency,ga_only,45.233333587646484,5.57418606011197
ImageNet16-120,raspi4_latency,ga_only,45.233333587646484,5.57418606011197
ImageNet16-120,raspi4_latency,ga_only,45.233333587646484,5.57418606011197
ImageNet16-120,raspi4_latency,ga_only,45.233333587646484,5.57418606011197
ImageNet16-120,raspi4_latency,ga_only,45.233333587646484,5.57418606011197
ImageNet16-120,raspi4_latency,ga_only,45.233333587646484,5.57418606011197
ImageNet16-120,raspi4_latency,ga_only,45.233333587646484,5.57418606011197
ImageNet16-120,raspi4_latency,ga_only,45.233333587646484,5.57418606011197
ImageNet16-120,raspi4_latency,ga_only,45.233333587646484,5.57418606011197
ImageNet16-120,raspi4_latency,ga_only,45.233333587646484,5.57418606011197
ImageNet16-120,raspi4_latency,ga_only,45.233333587646484,5.57418606011197
ImageNet16-120,raspi4_latency,ga_only,45.233333587646484,5.57418606011197
ImageNet16-120,raspi4_latency,ga_only,45.233333587646484,5.57418606011197
ImageNet16-120,raspi4_latency,ga_only,45.233333587646484,5.57418606011197
ImageNet16-120,raspi4_latency,ga_only,45.233333587646484,5.57418606011197
ImageNet16-120,raspi4_latency,ga_only,45.233333587646484,5.57418606011197
ImageNet16-120,raspi4_latency,ga_only,45.233333587646484,5.57418606011197
ImageNet16-120,raspi4_latency,ga_only,45.233333587646484,5.57418606011197
ImageNet16-120,raspi4_latency,ga_only,45.233333587646484,5.57418606011197
ImageNet16-120,raspi4_latency,ga_only,45.233333587646484,5.57418606011197
ImageNet16-120,raspi4_latency,ga_only,45.233333587646484,5.57418606011197
ImageNet16-120,raspi4_latency,ga_only,45.233333587646484,5.57418606011197
ImageNet16-120,raspi4_latency,ga_only,45.233333587646484,5.57418606011197
ImageNet16-120,raspi4_latency,ga_only,45.233333587646484,5.57418606011197
ImageNet16-120,raspi4_latency,ga_only,45.233333587646484,5.57418606011197
ImageNet16-120,raspi4_latency,ga_only,45.233333587646484,5.57418606011197
ImageNet16-120,raspi4_latency,ga_only,45.233333587646484,5.57418606011197
ImageNet16-120,raspi4_latency,ga_only,45.233333587646484,5.57418606011197
ImageNet16-120,raspi4_latency,ga_only,45.233333587646484,5.57418606011197
ImageNet16-120,raspi4_latency,ga_only,45.233333587646484,5.57418606011197
ImageNet16-120,raspi4_latency,ga_only,45.233333587646484,5.57418606011197
ImageNet16-120,raspi4_latency,ga_only,45.233333587646484,5.57418606011197
ImageNet16-120,raspi4_latency,ga_only,45.233333587646484,5.57418606011197
ImageNet16-120,raspi4_latency,ga_only,45.233333587646484,5.57418606011197
ImageNet16-120,raspi4_latency,ga_only,45.233333587646484,5.57418606011197
ImageNet16-120,raspi4_latency,ga_only,45.233333587646484,5.57418606011197
ImageNet16-120,raspi4_latency,ga_only,45.233333587646484,5.57418606011197
ImageNet16-120,raspi4_latency,ga_only,45.233333587646484,5.57418606011197
ImageNet16-120,raspi4_latency,ga_only,45.233333587646484,5.57418606011197
ImageNet16-120,raspi4_latency,ga_only,45.233333587646484,5.57418606011197
ImageNet16-120,raspi4_latency,ga_only,45.233333587646484,5.57418606011197
ImageNet16-120,raspi4_latency,ga_only,45.233333587646484,5.57418606011197
ImageNet16-120,raspi4_latency,ga_only,45.233333587646484,5.57418606011197
ImageNet16-120,raspi4_latency,ga_only,45.233333587646484,5.57418606011197
ImageNet16-120,raspi4_latency,ga_only,45.233333587646484,5.57418606011197
ImageNet16-120,raspi4_latency,ga_only,45.233333587646484,5.57418606011197
ImageNet16-120,raspi4_latency,ga_only,45.233333587646484,5.57418606011197
ImageNet16-120,raspi4_latency,ga_only,45.233333587646484,5.57418606011197
ImageNet16-120,raspi4_latency,ga_only,45.233333587646484,5.57418606011197
ImageNet16-120,raspi4_latency,ga_only,45.233333587646484,5.57418606011197
ImageNet16-120,raspi4_latency,ga_only,45.233333587646484,5.57418606011197
ImageNet16-120,raspi4_latency,ga_only,45.233333587646484,5.57418606011197
ImageNet16-120,raspi4_latency,ga_only,45.233333587646484,5.57418606011197
ImageNet16-120,raspi4_latency,ga_only,45.233333587646484,5.57418606011197
ImageNet16-120,raspi4_latency,ga_only,45.233333587646484,5.57418606011197
ImageNet16-120,raspi4_latency,ga_only,45.233333587646484,5.57418606011197
ImageNet16-120,raspi4_latency,ga_only,45.233333587646484,5.57418606011197
ImageNet16-120,raspi4_latency,ga_only,45.233333587646484,5.57418606011197
ImageNet16-120,raspi4_latency,ga_only,45.233333587646484,5.57418606011197
ImageNet16-120,raspi4_latency,ga_only,45.233333587646484,5.57418606011197
ImageNet16-120,raspi4_latency,ga_only,45.233333587646484,5.57418606011197
ImageNet16-120,raspi4_latency,ga_only,45.233333587646484,5.57418606011197
ImageNet16-120,raspi4_latency,ga_only,45.233333587646484,5.57418606011197
ImageNet16-120,raspi4_latency,ga_only,45.233333587646484,5.57418606011197
ImageNet16-120,raspi4_latency,ga_only,45.233333587646484,5.57418606011197
ImageNet16-120,raspi4_latency,ga_only,45.233333587646484,5.57418606011197
ImageNet16-120,raspi4_latency,ga_only,45.233333587646484,5.57418606011197
ImageNet16-120,raspi4_latency,ga_only,45.233333587646484,5.57418606011197
ImageNet16-120,raspi4_latency,ga_only,45.233333587646484,5.57418606011197
ImageNet16-120,raspi4_latency,ga_only,45.233333587646484,5.57418606011197
ImageNet16-120,raspi4_latency,ga_only,45.233333587646484,5.57418606011197
ImageNet16-120,raspi4_latency,ga_only,45.233333587646484,5.57418606011197
ImageNet16-120,raspi4_latency,ga_only,45.233333587646484,5.57418606011197
ImageNet16-120,raspi4_latency,ga_only,45.233333587646484,5.57418606011197
ImageNet16-120,raspi4_latency,ga_only,45.233333587646484,5.57418606011197
ImageNet16-120,raspi4_latency,ga_only,45.233333587646484,5.57418606011197
ImageNet16-120,raspi4_latency,ga_only,45.233333587646484,5.57418606011197
ImageNet16-120,raspi4_latency,ga_only,45.233333587646484,5.57418606011197
ImageNet16-120,raspi4_latency,ga_only,45.233333587646484,5.57418606011197
ImageNet16-120,raspi4_latency,ga_only,45.233333587646484,5.57418606011197
ImageNet16-120,raspi4_latency,ga_only,45.233333587646484,5.57418606011197
ImageNet16-120,raspi4_latency,ga_only,45.233333587646484,5.57418606011197
ImageNet16-120,raspi4_latency,ga_only,45.233333587646484,5.57418606011197
ImageNet16-120,raspi4_latency,ga_only,45.233333587646484,5.57418606011197
ImageNet16-120,raspi4_latency,ga_only,45.233333587646484,5.57418606011197
ImageNet16-120,raspi4_latency,ga_only,45.233333587646484,5.57418606011197
ImageNet16-120,raspi4_latency,ga_only,45.233333587646484,5.57418606011197
ImageNet16-120,raspi4_latency,ga_only,45.233333587646484,5.57418606011197
ImageNet16-120,raspi4_latency,ga_only,45.233333587646484,5.57418606011197
ImageNet16-120,raspi4_latency,ga_only,45.233333587646484,5.57418606011197
ImageNet16-120,raspi4_latency,ga_only,45.233333587646484,5.57418606011197
ImageNet16-120,raspi4_latency,ga_only,45.233333587646484,5.57418606011197
ImageNet16-120,raspi4_latency,ga_only,45.233333587646484,5.57418606011197
ImageNet16-120,raspi4_latency,ga_only,45.233333587646484,5.57418606011197
ImageNet16-120,raspi4_latency,ga_only,45.233333587646484,5.57418606011197
ImageNet16-120,raspi4_latency,ga_only,45.233333587646484,5.57418606011197
ImageNet16-120,raspi4_latency,ga_only,45.233333587646484,5.57418606011197
ImageNet16-120,raspi4_latency,ga_only,45.233333587646484,5.57418606011197
ImageNet16-120,raspi4_latency,ga_only,45.233333587646484,5.57418606011197
ImageNet16-120,raspi4_latency,ga_only,45.233333587646484,5.57418606011197
ImageNet16-120,raspi4_latency,ga_only,45.233333587646484,5.57418606011197
ImageNet16-120,raspi4_latency,ga_only,45.233333587646484,5.57418606011197
ImageNet16-120,raspi4_latency,ga_only,45.233333587646484,5.57418606011197
ImageNet16-120,raspi4_latency,ga_only,45.233333587646484,5.57418606011197
ImageNet16-120,raspi4_latency,ga_only,45.233333587646484,5.57418606011197
ImageNet16-120,raspi4_latency,ga_only,45.233333587646484,5.57418606011197
ImageNet16-120,raspi4_latency,ga_only,45.233333587646484,5.57418606011197
ImageNet16-120,raspi4_latency,ga_only,45.233333587646484,5.57418606011197
ImageNet16-120,raspi4_latency,ga_only,45.233333587646484,5.57418606011197
ImageNet16-120,raspi4_latency,ga_only,45.233333587646484,5.57418606011197
ImageNet16-120,raspi4_latency,ga_only,45.233333587646484,5.57418606011197
ImageNet16-120,raspi4_latency,ga_only,45.233333587646484,5.57418606011197
ImageNet16-120,raspi4_latency,ga_only,45.233333587646484,5.57418606011197
ImageNet16-120,raspi4_latency,ga_only,45.233333587646484,5.57418606011197
ImageNet16-120,raspi4_latency,ga_only,45.233333587646484,5.57418606011197
ImageNet16-120,raspi4_latency,ga_only,45.233333587646484,5.57418606011197
ImageNet16-120,raspi4_latency,ga_only,45.233333587646484,5.57418606011197
ImageNet16-120,raspi4_latency,ga_only,45.233333587646484,5.57418606011197
ImageNet16-120,raspi4_latency,ga_only,45.233333587646484,5.57418606011197
ImageNet16-120,raspi4_latency,ga_only,45.233333587646484,5.57418606011197
ImageNet16-120,raspi4_latency,ga_only,45.233333587646484,5.57418606011197
ImageNet16-120,raspi4_latency,ga_only,45.233333587646484,5.57418606011197
ImageNet16-120,raspi4_latency,ga_only,45.233333587646484,5.57418606011197
ImageNet16-120,raspi4_latency,ga_only,45.233333587646484,5.57418606011197
ImageNet16-120,raspi4_latency,ga_only,45.233333587646484,5.57418606011197
ImageNet16-120,raspi4_latency,ga_only,45.233333587646484,5.57418606011197
ImageNet16-120,raspi4_latency,ga_only,45.233333587646484,5.57418606011197
ImageNet16-120,raspi4_latency,ga_only,45.233333587646484,5.57418606011197
ImageNet16-120,raspi4_latency,ga_only,45.233333587646484,5.57418606011197
ImageNet16-120,raspi4_latency,ga_only,45.233333587646484,5.57418606011197
ImageNet16-120,raspi4_latency,ga_only,45.233333587646484,5.57418606011197
ImageNet16-120,raspi4_latency,ga_only,45.233333587646484,5.57418606011197
ImageNet16-120,raspi4_latency,ga_only,45.233333587646484,5.57418606011197
ImageNet16-120,raspi4_latency,ga_only,45.233333587646484,5.57418606011197
ImageNet16-120,raspi4_latency,ga_only,45.233333587646484,5.57418606011197
ImageNet16-120,raspi4_latency,ga_only,45.233333587646484,5.57418606011197
ImageNet16-120,raspi4_latency,ga_only,45.233333587646484,5.57418606011197
ImageNet16-120,raspi4_latency,ga_only,45.233333587646484,5.57418606011197
ImageNet16-120,raspi4_latency,ga_only,45.233333587646484,5.57418606011197
ImageNet16-120,raspi4_latency,ga_only,45.233333587646484,5.57418606011197
ImageNet16-120,raspi4_latency,ga_only,45.233333587646484,5.57418606011197
ImageNet16-120,raspi4_latency,ga_only,45.233333587646484,5.57418606011197
ImageNet16-120,raspi4_latency,ga_only,45.233333587646484,5.57418606011197
ImageNet16-120,raspi4_latency,ga_only,45.233333587646484,5.57418606011197
ImageNet16-120,raspi4_latency,ga_only,45.233333587646484,5.57418606011197
ImageNet16-120,raspi4_latency,ga_only,45.233333587646484,5.57418606011197
ImageNet16-120,raspi4_latency,ga_only,45.233333587646484,5.57418606011197
ImageNet16-120,raspi4_latency,ga_only,45.233333587646484,5.57418606011197
ImageNet16-120,raspi4_latency,ga_only,45.233333587646484,5.57418606011197
ImageNet16-120,raspi4_latency,ga_only,45.233333587646484,5.57418606011197
ImageNet16-120,raspi4_latency,ga_only,45.233333587646484,5.57418606011197
ImageNet16-120,raspi4_latency,ga_only,45.233333587646484,5.57418606011197
ImageNet16-120,raspi4_latency,ga_only,45.233333587646484,5.57418606011197
ImageNet16-120,raspi4_latency,ga_only,45.233333587646484,5.57418606011197
ImageNet16-120,raspi4_latency,ga_only,45.233333587646484,5.57418606011197
ImageNet16-120,raspi4_latency,ga_only,45.233333587646484,5.57418606011197
ImageNet16-120,raspi4_latency,ga_only,45.233333587646484,5.57418606011197
ImageNet16-120,raspi4_latency,ga_only,45.233333587646484,5.57418606011197
ImageNet16-120,raspi4_latency,ga_only,45.233333587646484,5.57418606011197
ImageNet16-120,raspi4_latency,ga_only,45.233333587646484,5.57418606011197
ImageNet16-120,raspi4_latency,ga_only,45.233333587646484,5.57418606011197
ImageNet16-120,raspi4_latency,ga_only,45.233333587646484,5.57418606011197
ImageNet16-120,raspi4_latency,ga_only,45.233333587646484,5.57418606011197
ImageNet16-120,raspi4_latency,ga_only,45.233333587646484,5.57418606011197
ImageNet16-120,raspi4_latency,ga_only,45.233333587646484,5.57418606011197
ImageNet16-120,raspi4_latency,ga_only,45.233333587646484,5.57418606011197
ImageNet16-120,raspi4_latency,ga_only,45.233333587646484,5.57418606011197
ImageNet16-120,raspi4_latency,ga_only,45.233333587646484,5.57418606011197
ImageNet16-120,raspi4_latency,ga_only,45.233333587646484,5.57418606011197
ImageNet16-120,raspi4_latency,ga_only,45.233333587646484,5.57418606011197
ImageNet16-120,raspi4_latency,ga_only,45.233333587646484,5.57418606011197
ImageNet16-120,raspi4_latency,ga_only,45.233333587646484,5.57418606011197
ImageNet16-120,raspi4_latency,ga_only,45.233333587646484,5.57418606011197
ImageNet16-120,raspi4_latency,ga_only,45.233333587646484,5.57418606011197
ImageNet16-120,raspi4_latency,ga_only,45.233333587646484,5.57418606011197
ImageNet16-120,raspi4_latency,ga_only,45.233333587646484,5.57418606011197
ImageNet16-120,raspi4_latency,ga_only,45.233333587646484,5.57418606011197
ImageNet16-120,raspi4_latency,ga_only,45.233333587646484,5.57418606011197
ImageNet16-120,raspi4_latency,ga_only,45.233333587646484,5.57418606011197
ImageNet16-120,raspi4_latency,ga_only,45.233333587646484,5.57418606011197
ImageNet16-120,raspi4_latency,ga_only,45.233333587646484,5.57418606011197
ImageNet16-120,raspi4_latency,ga_only,45.233333587646484,5.57418606011197
ImageNet16-120,raspi4_latency,ga_only,45.233333587646484,5.57418606011197
ImageNet16-120,raspi4_latency,ga_only,45.233333587646484,5.57418606011197
ImageNet16-120,raspi4_latency,ga_only,45.233333587646484,5.57418606011197
ImageNet16-120,raspi4_latency,ga_only,45.233333587646484,5.57418606011197
ImageNet16-120,raspi4_latency,ga_only,45.233333587646484,5.57418606011197
ImageNet16-120,raspi4_latency,ga_only,45.233333587646484,5.57418606011197
ImageNet16-120,raspi4_latency,ga_only,45.233333587646484,5.57418606011197
ImageNet16-120,raspi4_latency,ga_only,45.233333587646484,5.57418606011197
ImageNet16-120,raspi4_latency,ga_only,45.233333587646484,5.57418606011197
ImageNet16-120,raspi4_latency,ga_only,45.233333587646484,5.57418606011197
ImageNet16-120,raspi4_latency,ga_only,45.233333587646484,5.57418606011197
ImageNet16-120,raspi4_latency,ga_only,45.233333587646484,5.57418606011197
ImageNet16-120,raspi4_latency,ga_only,45.233333587646484,5.57418606011197
ImageNet16-120,raspi4_latency,ga_only,45.233333587646484,5.57418606011197
ImageNet16-120,raspi4_latency,ga_only,45.233333587646484,5.57418606011197
ImageNet16-120,raspi4_latency,ga_only,45.233333587646484,5.57418606011197
ImageNet16-120,raspi4_latency,ga_only,45.233333587646484,5.57418606011197
ImageNet16-120,raspi4_latency,ga_only,45.233333587646484,5.57418606011197
ImageNet16-120,raspi4_latency,ga_only,45.233333587646484,5.57418606011197
ImageNet16-120,raspi4_latency,ga_only,45.233333587646484,5.57418606011197
ImageNet16-120,raspi4_latency,ga_only,45.233333587646484,5.57418606011197
ImageNet16-120,raspi4_latency,ga_only,45.233333587646484,5.57418606011197
ImageNet16-120,raspi4_latency,ga_only,45.233333587646484,5.57418606011197
ImageNet16-120,raspi4_latency,ga_only,45.233333587646484,5.57418606011197
ImageNet16-120,raspi4_latency,ga_only,45.233333587646484,5.57418606011197
ImageNet16-120,raspi4_latency,ga_only,45.233333587646484,5.57418606011197
ImageNet16-120,raspi4_latency,ga_only,45.233333587646484,5.57418606011197
ImageNet16-120,raspi4_latency,ga_only,45.233333587646484,5.57418606011197
ImageNet16-120,raspi4_latency,ga_only,45.233333587646484,5.57418606011197
ImageNet16-120,raspi4_latency,ga_only,45.233333587646484,5.57418606011197
ImageNet16-120,raspi4_latency,ga_only,45.233333587646484,5.57418606011197
ImageNet16-120,raspi4_latency,ga_only,45.233333587646484,5.57418606011197
ImageNet16-120,raspi4_latency,ga_only,45.233333587646484,5.57418606011197
ImageNet16-120,raspi4_latency,ga_only,45.233333587646484,5.57418606011197
ImageNet16-120,raspi4_latency,ga_only,45.233333587646484,5.57418606011197
ImageNet16-120,raspi4_latency,ga_only,45.233333587646484,5.57418606011197
ImageNet16-120,raspi4_latency,ga_only,45.233333587646484,5.57418606011197
ImageNet16-120,raspi4_latency,ga_only,45.233333587646484,5.57418606011197
ImageNet16-120,raspi4_latency,ga_only,45.233333587646484,5.57418606011197
ImageNet16-120,raspi4_latency,ga_only,45.233333587646484,5.57418606011197
ImageNet16-120,raspi4_latency,ga_only,45.233333587646484,5.57418606011197
ImageNet16-120,raspi4_latency,ga_only,45.233333587646484,5.57418606011197
ImageNet16-120,raspi4_latency,ga_only,45.233333587646484,5.57418606011197
ImageNet16-120,raspi4_latency,ga_only,45.233333587646484,5.57418606011197
ImageNet16-120,raspi4_latency,ga_only,45.233333587646484,5.57418606011197
ImageNet16-120,raspi4_latency,ga_only,45.233333587646484,5.57418606011197
ImageNet16-120,raspi4_latency,ga_only,45.233333587646484,5.57418606011197
ImageNet16-120,raspi4_latency,ga_only,45.233333587646484,5.57418606011197
ImageNet16-120,raspi4_latency,ga_only,45.233333587646484,5.57418606011197
ImageNet16-120,raspi4_latency,ga_only,45.233333587646484,5.57418606011197
ImageNet16-120,raspi4_latency,ga_only,45.233333587646484,5.57418606011197
ImageNet16-120,raspi4_latency,ga_only,45.233333587646484,5.57418606011197
ImageNet16-120,raspi4_latency,ga_only,45.233333587646484,5.57418606011197
ImageNet16-120,raspi4_latency,ga_only,45.233333587646484,5.57418606011197
ImageNet16-120,raspi4_latency,ga_only,45.233333587646484,5.57418606011197
ImageNet16-120,raspi4_latency,ga_only,45.233333587646484,5.57418606011197
ImageNet16-120,raspi4_latency,ga_only,45.233333587646484,5.57418606011197
ImageNet16-120,raspi4_latency,ga_only,45.233333587646484,5.57418606011197
ImageNet16-120,raspi4_latency,ga_only,45.233333587646484,5.57418606011197
ImageNet16-120,raspi4_latency,ga_only,45.233333587646484,5.57418606011197
ImageNet16-120,raspi4_latency,ga_only,45.233333587646484,5.57418606011197
ImageNet16-120,raspi4_latency,ga_only,45.233333587646484,5.57418606011197
ImageNet16-120,raspi4_latency,ga_only,45.233333587646484,5.57418606011197
ImageNet16-120,raspi4_latency,ga_only,45.233333587646484,5.57418606011197
ImageNet16-120,raspi4_latency,ga_only,45.233333587646484,5.57418606011197
ImageNet16-120,raspi4_latency,ga_only,45.233333587646484,5.57418606011197
ImageNet16-120,raspi4_latency,ga_only,45.233333587646484,5.57418606011197
ImageNet16-120,raspi4_latency,ga_only,45.233333587646484,5.57418606011197
ImageNet16-120,raspi4_latency,ga_only,45.233333587646484,5.57418606011197
ImageNet16-120,raspi4_latency,ga_only,45.233333587646484,5.57418606011197
ImageNet16-120,raspi4_latency,ga_only,45.233333587646484,5.57418606011197
ImageNet16-120,raspi4_latency,ga_only,45.233333587646484,5.57418606011197
ImageNet16-120,raspi4_latency,ga_only,45.233333587646484,5.57418606011197
ImageNet16-120,raspi4_latency,ga_only,45.233333587646484,5.57418606011197
ImageNet16-120,raspi4_latency,ga_only,45.233333587646484,5.57418606011197
ImageNet16-120,raspi4_latency,ga_only,45.233333587646484,5.57418606011197
ImageNet16-120,raspi4_latency,ga_only,45.233333587646484,5.57418606011197
ImageNet16-120,raspi4_latency,ga_only,45.233333587646484,5.57418606011197
ImageNet16-120,raspi4_latency,ga_only,45.233333587646484,5.57418606011197
ImageNet16-120,raspi4_latency,ga_only,45.233333587646484,5.57418606011197
ImageNet16-120,raspi4_latency,ga_only,45.233333587646484,5.57418606011197
ImageNet16-120,raspi4_latency,ga_only,45.233333587646484,5.57418606011197
ImageNet16-120,raspi4_latency,ga_only,45.233333587646484,5.57418606011197
ImageNet16-120,raspi4_latency,ga_only,45.233333587646484,5.57418606011197
ImageNet16-120,raspi4_latency,ga_only,45.233333587646484,5.57418606011197
ImageNet16-120,raspi4_latency,ga_only,45.233333587646484,5.57418606011197
ImageNet16-120,raspi4_latency,ga_only,45.233333587646484,5.57418606011197
ImageNet16-120,raspi4_latency,ga_only,45.233333587646484,5.57418606011197
ImageNet16-120,raspi4_latency,ga_only,45.233333587646484,5.57418606011197
ImageNet16-120,raspi4_latency,ga_only,45.233333587646484,5.57418606011197
ImageNet16-120,raspi4_latency,ga_only,45.233333587646484,5.57418606011197
ImageNet16-120,raspi4_latency,ga_only,45.233333587646484,5.57418606011197
ImageNet16-120,raspi4_latency,ga_only,45.233333587646484,5.57418606011197
ImageNet16-120,raspi4_latency,ga_only,45.233333587646484,5.57418606011197
ImageNet16-120,raspi4_latency,ga_only,45.233333587646484,5.57418606011197
ImageNet16-120,raspi4_latency,ga_only,45.233333587646484,5.57418606011197
ImageNet16-120,raspi4_latency,ga_only,45.233333587646484,5.57418606011197
ImageNet16-120,raspi4_latency,ga_only,45.233333587646484,5.57418606011197
ImageNet16-120,raspi4_latency,ga_only,45.233333587646484,5.57418606011197
ImageNet16-120,raspi4_latency,ga_only,45.233333587646484,5.57418606011197
ImageNet16-120,raspi4_latency,ga_only,45.233333587646484,5.57418606011197
ImageNet16-120,raspi4_latency,ga_only,45.233333587646484,5.57418606011197
ImageNet16-120,raspi4_latency,ga_only,45.233333587646484,5.57418606011197
ImageNet16-120,raspi4_latency,ga_only,45.233333587646484,5.57418606011197
ImageNet16-120,raspi4_latency,ga_only,45.233333587646484,5.57418606011197
ImageNet16-120,raspi4_latency,ga_only,45.233333587646484,5.57418606011197
ImageNet16-120,raspi4_latency,ga_only,45.233333587646484,5.57418606011197
ImageNet16-120,raspi4_latency,ga_only,45.233333587646484,5.57418606011197
ImageNet16-120,raspi4_latency,ga_only,45.233333587646484,5.57418606011197
ImageNet16-120,raspi4_latency,ga_only,45.233333587646484,5.57418606011197
ImageNet16-120,raspi4_latency,ga_only,45.233333587646484,5.57418606011197
ImageNet16-120,raspi4_latency,ga_only,45.233333587646484,5.57418606011197
ImageNet16-120,raspi4_latency,ga_only,45.233333587646484,5.57418606011197
ImageNet16-120,raspi4_latency,ga_only,45.233333587646484,5.57418606011197
ImageNet16-120,raspi4_latency,ga_only,45.233333587646484,5.57418606011197
ImageNet16-120,raspi4_latency,ga_only,45.233333587646484,5.57418606011197
ImageNet16-120,raspi4_latency,ga_only,45.233333587646484,5.57418606011197
ImageNet16-120,raspi4_latency,ga_only,45.233333587646484,5.57418606011197
ImageNet16-120,raspi4_latency,ga_only,45.233333587646484,5.57418606011197
ImageNet16-120,raspi4_latency,ga_only,45.233333587646484,5.57418606011197
ImageNet16-120,raspi4_latency,ga_only,45.233333587646484,5.57418606011197
ImageNet16-120,raspi4_latency,ga_only,45.233333587646484,5.57418606011197
ImageNet16-120,raspi4_latency,ga_only,45.233333587646484,5.57418606011197
ImageNet16-120,raspi4_latency,ga_only,45.233333587646484,5.57418606011197
ImageNet16-120,raspi4_latency,ga_only,45.400001525878906,6.3338594799279235
ImageNet16-120,raspi4_latency,ga_only,45.400001525878906,6.3338594799279235
ImageNet16-120,raspi4_latency,ga_only,45.400001525878906,6.3338594799279235
ImageNet16-120,raspi4_latency,ga_only,45.400001525878906,6.3338594799279235
ImageNet16-120,raspi4_latency,ga_only,45.400001525878906,6.3338594799279235
ImageNet16-120,raspi4_latency,ga_only,45.400001525878906,6.3338594799279235
ImageNet16-120,raspi4_latency,ga_only,45.400001525878906,6.3338594799279235
ImageNet16-120,raspi4_latency,ga_only,45.400001525878906,6.3338594799279235
ImageNet16-120,raspi4_latency,ga_only,45.400001525878906,6.3338594799279235
ImageNet16-120,raspi4_latency,ga_only,45.400001525878906,6.3338594799279235
ImageNet16-120,raspi4_latency,ga_only,45.400001525878906,6.3338594799279235
ImageNet16-120,raspi4_latency,ga_only,45.400001525878906,6.3338594799279235
ImageNet16-120,raspi4_latency,ga_only,45.400001525878906,6.3338594799279235
ImageNet16-120,raspi4_latency,ga_only,45.400001525878906,6.3338594799279235
ImageNet16-120,raspi4_latency,ga_only,45.400001525878906,6.3338594799279235
ImageNet16-120,raspi4_latency,ga_only,45.400001525878906,6.3338594799279235
ImageNet16-120,raspi4_latency,ga_only,45.400001525878906,6.3338594799279235
ImageNet16-120,raspi4_latency,ga_only,45.400001525878906,6.3338594799279235
ImageNet16-120,raspi4_latency,ga_only,45.400001525878906,6.3338594799279235
ImageNet16-120,raspi4_latency,ga_only,45.400001525878906,6.3338594799279235
ImageNet16-120,raspi4_latency,ga_only,45.400001525878906,6.3338594799279235
ImageNet16-120,raspi4_latency,ga_only,45.400001525878906,6.3338594799279235
ImageNet16-120,raspi4_latency,ga_only,45.400001525878906,6.3338594799279235
ImageNet16-120,raspi4_latency,ga_only,45.400001525878906,6.3338594799279235
ImageNet16-120,raspi4_latency,ga_only,45.400001525878906,6.3338594799279235
ImageNet16-120,raspi4_latency,ga_only,45.400001525878906,6.3338594799279235
ImageNet16-120,raspi4_latency,ga_only,45.400001525878906,6.3338594799279235
ImageNet16-120,raspi4_latency,ga_only,45.400001525878906,6.3338594799279235
ImageNet16-120,raspi4_latency,ga_only,45.400001525878906,6.3338594799279235
ImageNet16-120,raspi4_latency,ga_only,45.400001525878906,6.3338594799279235
ImageNet16-120,raspi4_latency,ga_only,45.400001525878906,6.3338594799279235
ImageNet16-120,raspi4_latency,ga_only,45.400001525878906,6.3338594799279235
ImageNet16-120,raspi4_latency,ga_only,45.400001525878906,6.3338594799279235
ImageNet16-120,raspi4_latency,ga_only,45.400001525878906,6.3338594799279235
ImageNet16-120,raspi4_latency,ga_only,45.400001525878906,6.3338594799279235
ImageNet16-120,raspi4_latency,ga_only,45.400001525878906,6.3338594799279235
ImageNet16-120,raspi4_latency,ga_only,45.400001525878906,6.3338594799279235
ImageNet16-120,raspi4_latency,ga_only,45.400001525878906,6.3338594799279235
ImageNet16-120,raspi4_latency,ga_only,45.400001525878906,6.3338594799279235
ImageNet16-120,raspi4_latency,ga_only,45.400001525878906,6.3338594799279235
ImageNet16-120,raspi4_latency,ga_only,45.400001525878906,6.3338594799279235
ImageNet16-120,raspi4_latency,ga_only,45.400001525878906,6.3338594799279235
ImageNet16-120,raspi4_latency,ga_only,45.400001525878906,6.3338594799279235
ImageNet16-120,raspi4_latency,ga_only,45.400001525878906,6.3338594799279235
ImageNet16-120,raspi4_latency,ga_only,45.400001525878906,6.3338594799279235
ImageNet16-120,raspi4_latency,ga_only,45.400001525878906,6.3338594799279235
ImageNet16-120,raspi4_latency,ga_only,45.400001525878906,6.3338594799279235
ImageNet16-120,raspi4_latency,ga_only,45.400001525878906,6.3338594799279235
ImageNet16-120,raspi4_latency,ga_only,45.400001525878906,6.3338594799279235
ImageNet16-120,raspi4_latency,ga_only,45.400001525878906,6.3338594799279235
ImageNet16-120,raspi4_latency,ga_only,45.400001525878906,6.3338594799279235
ImageNet16-120,raspi4_latency,ga_only,45.400001525878906,6.3338594799279235
ImageNet16-120,raspi4_latency,ga_only,45.400001525878906,6.3338594799279235
ImageNet16-120,raspi4_latency,ga_only,45.400001525878906,6.3338594799279235
ImageNet16-120,raspi4_latency,ga_only,45.400001525878906,6.3338594799279235
ImageNet16-120,raspi4_latency,ga_only,45.400001525878906,6.3338594799279235
ImageNet16-120,raspi4_latency,ga_only,45.400001525878906,6.3338594799279235
ImageNet16-120,raspi4_latency,ga_only,45.400001525878906,6.3338594799279235
ImageNet16-120,raspi4_latency,ga_only,45.400001525878906,6.3338594799279235
ImageNet16-120,raspi4_latency,ga_only,45.400001525878906,6.3338594799279235
ImageNet16-120,raspi4_latency,ga_only,45.400001525878906,6.3338594799279235
ImageNet16-120,raspi4_latency,ga_only,45.400001525878906,6.3338594799279235
ImageNet16-120,raspi4_latency,ga_only,45.400001525878906,6.3338594799279235
ImageNet16-120,raspi4_latency,ga_only,45.516666412353516,6.658077219908591
ImageNet16-120,raspi4_latency,ga_only,45.516666412353516,6.658077219908591
ImageNet16-120,raspi4_latency,ga_only,45.516666412353516,6.658077219908591
ImageNet16-120,raspi4_latency,ga_only,45.516666412353516,6.658077219908591
ImageNet16-120,raspi4_latency,ga_only,45.516666412353516,6.658077219908591
ImageNet16-120,raspi4_latency,ga_only,45.516666412353516,6.658077219908591
ImageNet16-120,raspi4_latency,ga_only,45.75,6.69961792009417
ImageNet16-120,raspi4_latency,ga_only,45.75,6.69961792009417
ImageNet16-120,raspi4_latency,ga_only,45.75,6.69961792009417
ImageNet16-120,raspi4_latency,ga_only,45.75,6.69961792009417
ImageNet16-120,raspi4_latency,ga_only,45.75,6.69961792009417
ImageNet16-120,raspi4_latency,ga_only,45.75,6.69961792009417
ImageNet16-120,raspi4_latency,ga_only,45.75,6.69961792009417
ImageNet16-120,raspi4_latency,ga_only,45.75,6.69961792009417
ImageNet16-120,raspi4_latency,ga_only,46.21666717529297,6.78028174006613
ImageNet16-120,raspi4_latency,ga_only,46.21666717529297,6.78028174006613
ImageNet16-120,raspi4_latency,ga_only,46.21666717529297,6.78028174006613
ImageNet16-120,raspi4_latency,ga_only,46.25,7.477213200181723
ImageNet16-120,raspi4_latency,ga_only,46.25,7.477213200181723
ImageNet16-120,raspi4_latency,ga_only,46.43333435058594,7.482382740126923
ImageNet16-120,raspi4_latency,ga_only,46.43333435058594,7.482382740126923
ImageNet16-120,raspi4_latency,ga_only,46.43333435058594,7.482382740126923
ImageNet16-120,raspi4_latency,ga_only,46.43333435058594,7.482382740126923
ImageNet16-120,raspi4_latency,ga_only,46.43333435058594,7.482382740126923
ImageNet16-120,raspi4_latency,ga_only,46.43333435058594,7.482382740126923
ImageNet16-120,raspi4_latency,ga_only,46.43333435058594,7.482382740126923
ImageNet16-120,raspi4_latency,ga_only,46.43333435058594,7.482382740126923
ImageNet16-120,raspi4_latency,ga_only,46.43333435058594,7.482382740126923
ImageNet16-120,raspi4_latency,ga_only,46.43333435058594,7.482382740126923
ImageNet16-120,raspi4_latency,ga_only,46.43333435058594,7.482382740126923
ImageNet16-120,raspi4_latency,ga_only,46.43333435058594,7.482382740126923
ImageNet16-120,raspi4_latency,ga_only,46.43333435058594,7.482382740126923
ImageNet16-120,raspi4_latency,ga_only,46.43333435058594,7.482382740126923
ImageNet16-120,raspi4_latency,ga_only,46.43333435058594,7.482382740126923
ImageNet16-120,raspi4_latency,ga_only,46.43333435058594,7.482382740126923
ImageNet16-120,raspi4_latency,ga_only,46.43333435058594,7.482382740126923
ImageNet16-120,raspi4_latency,ga_only,46.43333435058594,7.482382740126923
ImageNet16-120,raspi4_latency,ga_only,46.43333435058594,7.482382740126923
ImageNet16-120,raspi4_latency,ga_only,46.43333435058594,7.482382740126923
ImageNet16-120,raspi4_latency,ga_only,46.43333435058594,7.482382740126923
ImageNet16-120,raspi4_latency,ga_only,46.43333435058594,7.482382740126923
ImageNet16-120,raspi4_latency,ga_only,46.43333435058594,7.482382740126923
ImageNet16-120,raspi4_latency,ga_only,46.43333435058594,7.482382740126923
ImageNet16-120,raspi4_latency,ga_only,46.43333435058594,7.482382740126923
ImageNet16-120,raspi4_latency,ga_only,46.43333435058594,7.482382740126923
ImageNet16-120,raspi4_latency,ga_only,46.43333435058594,7.482382740126923
ImageNet16-120,raspi4_latency,ga_only,46.43333435058594,7.482382740126923
ImageNet16-120,raspi4_latency,ga_only,46.43333435058594,7.482382740126923
ImageNet16-120,raspi4_latency,ga_only,46.43333435058594,7.482382740126923
ImageNet16-120,raspi4_latency,ga_only,46.43333435058594,7.482382740126923
ImageNet16-120,raspi4_latency,ga_only,46.43333435058594,7.482382740126923
ImageNet16-120,raspi4_latency,ga_only,46.43333435058594,7.482382740126923
ImageNet16-120,raspi4_latency,ga_only,46.43333435058594,7.482382740126923
ImageNet16-120,raspi4_latency,ga_only,46.43333435058594,7.482382740126923
ImageNet16-120,raspi4_latency,ga_only,46.43333435058594,7.482382740126923
ImageNet16-120,raspi4_latency,ga_only,46.43333435058594,7.482382740126923
ImageNet16-120,raspi4_latency,ga_only,46.43333435058594,7.482382740126923
ImageNet16-120,raspi4_latency,ga_only,46.43333435058594,7.482382740126923
ImageNet16-120,raspi4_latency,ga_only,46.43333435058594,7.482382740126923
ImageNet16-120,raspi4_latency,ga_only,46.43333435058594,7.482382740126923
ImageNet16-120,raspi4_latency,ga_only,46.43333435058594,7.482382740126923
ImageNet16-120,raspi4_latency,ga_only,46.43333435058594,7.482382740126923
ImageNet16-120,raspi4_latency,ga_only,46.43333435058594,7.482382740126923
ImageNet16-120,raspi4_latency,ga_only,46.43333435058594,7.482382740126923
ImageNet16-120,raspi4_latency,ga_only,46.43333435058594,7.482382740126923
ImageNet16-120,raspi4_latency,ga_only,46.43333435058594,7.482382740126923
ImageNet16-120,raspi4_latency,ga_only,46.43333435058594,7.482382740126923
ImageNet16-120,raspi4_latency,ga_only,46.43333435058594,7.482382740126923
ImageNet16-120,raspi4_latency,ga_only,46.43333435058594,7.482382740126923
ImageNet16-120,raspi4_latency,ga_only,46.43333435058594,7.482382740126923
ImageNet16-120,raspi4_latency,ga_only,46.43333435058594,7.482382740126923
ImageNet16-120,raspi4_latency,ga_only,46.43333435058594,7.482382740126923
ImageNet16-120,raspi4_latency,ga_only,46.43333435058594,7.482382740126923
ImageNet16-120,raspi4_latency,ga_only,46.43333435058594,7.482382740126923
ImageNet16-120,raspi4_latency,ga_only,46.43333435058594,7.482382740126923
ImageNet16-120,raspi4_latency,ga_only,46.43333435058594,7.482382740126923
ImageNet16-120,raspi4_latency,ga_only,46.43333435058594,7.482382740126923
ImageNet16-120,raspi4_latency,ga_only,46.43333435058594,7.482382740126923
ImageNet16-120,raspi4_latency,ga_only,46.43333435058594,7.482382740126923
ImageNet16-120,raspi4_latency,ga_only,46.43333435058594,7.482382740126923
ImageNet16-120,raspi4_latency,ga_only,46.43333435058594,7.482382740126923
ImageNet16-120,raspi4_latency,ga_only,46.43333435058594,7.482382740126923
ImageNet16-120,raspi4_latency,ga_only,46.43333435058594,7.482382740126923
ImageNet16-120,raspi4_latency,ga_only,46.43333435058594,7.482382740126923
ImageNet16-120,raspi4_latency,ga_only,46.43333435058594,7.482382740126923
ImageNet16-120,raspi4_latency,ga_only,46.43333435058594,7.482382740126923
ImageNet16-120,raspi4_latency,ga_only,46.43333435058594,7.482382740126923
ImageNet16-120,raspi4_latency,ga_only,46.43333435058594,7.482382740126923
ImageNet16-120,raspi4_latency,ga_only,46.43333435058594,7.482382740126923
ImageNet16-120,raspi4_latency,ga_only,46.43333435058594,7.482382740126923
ImageNet16-120,raspi4_latency,ga_only,46.43333435058594,7.482382740126923
ImageNet16-120,raspi4_latency,ga_only,46.43333435058594,7.482382740126923
ImageNet16-120,raspi4_latency,ga_only,46.43333435058594,7.482382740126923
ImageNet16-120,raspi4_latency,ga_only,46.43333435058594,7.482382740126923
ImageNet16-120,raspi4_latency,ga_only,46.43333435058594,7.482382740126923
ImageNet16-120,raspi4_latency,ga_only,46.43333435058594,7.482382740126923
ImageNet16-120,raspi4_latency,ga_only,46.43333435058594,7.482382740126923
ImageNet16-120,raspi4_latency,ga_only,46.43333435058594,7.482382740126923
ImageNet16-120,raspi4_latency,ga_only,46.93333435058594,7.956877219839953
ImageNet16-120,raspi4_latency,ga_only,46.93333435058594,7.956877219839953
ImageNet16-120,raspi4_latency,ga_only,46.93333435058594,7.956877219839953
ImageNet16-120,raspi4_latency,ga_only,46.93333435058594,7.956877219839953
ImageNet16-120,raspi4_latency,ga_only,46.93333435058594,7.956877219839953
ImageNet16-120,raspi4_latency,ga_only,46.93333435058594,7.956877219839953
ImageNet16-120,raspi4_latency,ga_only,46.93333435058594,7.956877219839953
ImageNet16-120,raspi4_latency,ga_only,46.93333435058594,7.956877219839953
ImageNet16-120,raspi4_latency,ga_only,46.93333435058594,7.956877219839953
ImageNet16-120,raspi4_latency,ga_only,46.93333435058594,7.956877219839953
ImageNet16-120,raspi4_latency,ga_only,46.93333435058594,7.956877219839953
ImageNet16-120,raspi4_latency,ga_only,46.93333435058594,7.956877219839953
ImageNet16-120,raspi4_latency,ga_only,46.93333435058594,7.956877219839953
ImageNet16-120,raspi4_latency,ga_only,46.93333435058594,7.956877219839953
ImageNet16-120,raspi4_latency,ga_only,46.93333435058594,7.956877219839953
ImageNet16-120,raspi4_latency,ga_only,46.93333435058594,7.956877219839953
ImageNet16-120,raspi4_latency,ga_only,46.93333435058594,7.956877219839953
ImageNet16-120,raspi4_latency,ga_only,46.93333435058594,7.956877219839953
ImageNet16-120,raspi4_latency,ga_only,46.93333435058594,7.956877219839953
ImageNet16-120,raspi4_latency,ga_only,46.93333435058594,7.956877219839953
ImageNet16-120,raspi4_latency,ga_only,46.93333435058594,7.956877219839953
ImageNet16-120,raspi4_latency,ga_only,46.93333435058594,7.956877219839953
ImageNet16-120,raspi4_latency,ga_only,47.08333206176758,8.66433857998345
ImageNet16-120,raspi4_latency,ga_only,47.08333206176758,8.66433857998345
ImageNet16-120,raspi4_latency,ga_only,47.08333206176758,8.66433857998345
ImageNet16-120,raspi4_latency,ga_only,47.08333206176758,8.66433857998345
ImageNet16-120,raspi4_latency,ga_only,47.08333206176758,8.66433857998345
ImageNet16-120,raspi4_latency,ga_only,47.08333206176758,8.66433857998345
ImageNet16-120,raspi4_latency,ga_only,47.08333206176758,8.66433857998345
ImageNet16-120,raspi4_latency,ga_only,47.08333206176758,8.66433857998345
ImageNet16-120,raspi4_latency,ga_only,47.08333206176758,8.66433857998345
ImageNet16-120,raspi4_latency,ga_only,47.08333206176758,8.66433857998345
ImageNet16-120,raspi4_latency,ga_only,47.08333206176758,8.66433857998345
ImageNet16-120,raspi4_latency,ga_only,47.08333206176758,8.66433857998345
ImageNet16-120,raspi4_latency,ga_only,47.08333206176758,8.66433857998345
ImageNet16-120,raspi4_latency,ga_only,47.08333206176758,8.66433857998345
ImageNet16-120,raspi4_latency,ga_only,47.08333206176758,8.66433857998345
ImageNet16-120,raspi4_latency,ga_only,47.08333206176758,8.66433857998345
ImageNet16-120,raspi4_latency,ga_only,47.08333206176758,8.66433857998345
ImageNet16-120,raspi4_latency,ga_only,47.08333206176758,8.66433857998345
ImageNet16-120,raspi4_latency,ga_only,47.08333206176758,8.66433857998345
ImageNet16-120,raspi4_latency,ga_only,47.08333206176758,8.66433857998345
ImageNet16-120,raspi4_latency,ga_only,47.08333206176758,8.66433857998345
ImageNet16-120,raspi4_latency,ga_only,47.08333206176758,8.66433857998345
ImageNet16-120,raspi4_latency,ga_only,47.08333206176758,8.66433857998345
ImageNet16-120,raspi4_latency,ga_only,47.08333206176758,8.66433857998345
ImageNet16-120,raspi4_latency,ga_only,47.08333206176758,8.66433857998345
ImageNet16-120,raspi4_latency,ga_only,47.08333206176758,8.66433857998345
ImageNet16-120,raspi4_latency,ga_only,47.08333206176758,8.66433857998345
ImageNet16-120,raspi4_latency,ga_only,47.08333206176758,8.66433857998345
ImageNet16-120,raspi4_latency,ga_only,47.08333206176758,8.66433857998345
ImageNet16-120,raspi4_latency,ga_only,47.08333206176758,8.66433857998345
ImageNet16-120,raspi4_latency,ga_only,47.08333206176758,8.66433857998345
ImageNet16-120,raspi4_latency,ga_only,47.08333206176758,8.66433857998345
ImageNet16-120,raspi4_latency,ga_only,47.31111145019531,9.020064460055437
ImageNet16-120,raspi4_latency,ga_only,47.31111145019531,9.020064460055437
ImageNet16-120,raspi4_latency,ga_only,47.31111145019531,9.020064460055437
ImageNet16-120,raspi4_latency,ga_only,47.31111145019531,9.020064460055437
ImageNet16-120,raspi4_latency,ga_only,47.31111145019531,9.020064460055437
ImageNet16-120,raspi4_latency,ga_only,47.31111145019531,9.020064460055437
ImageNet16-120,raspi4_latency,ga_only,47.31111145019531,9.020064460055437
ImageNet16-120,raspi4_latency,ga_only,47.31111145019531,9.020064460055437
ImageNet16-120,raspi4_latency,ga_only,47.31111145019531,9.020064460055437
ImageNet16-120,eyeriss_latency,ga_only,28.366666793823242,0.4230400000000001
ImageNet16-120,eyeriss_latency,ga_only,33.733333587646484,0.48448
ImageNet16-120,eyeriss_latency,ga_only,37.844444274902344,0.5459200000000002
ImageNet16-120,eyeriss_latency,ga_only,37.844444274902344,0.5459200000000002
ImageNet16-120,eyeriss_latency,ga_only,38.5444450378418,0.6073600000000001
ImageNet16-120,eyeriss_latency,ga_only,40.516666412353516,0.6688000000000003
ImageNet16-120,eyeriss_latency,ga_only,40.516666412353516,0.6688000000000003
ImageNet16-120,eyeriss_latency,ga_only,40.516666412353516,0.6688000000000003
ImageNet16-120,eyeriss_latency,ga_only,40.516666412353516,0.6688000000000003
ImageNet16-120,eyeriss_latency,ga_only,40.733333587646484,0.7302400000000002
ImageNet16-120,eyeriss_latency,ga_only,40.733333587646484,0.7302400000000002
ImageNet16-120,eyeriss_latency,ga_only,40.733333587646484,0.7302400000000002
ImageNet16-120,eyeriss_latency,ga_only,40.733333587646484,0.7302400000000002
ImageNet16-120,eyeriss_latency,ga_only,40.733333587646484,0.7302400000000002
ImageNet16-120,eyeriss_latency,ga_only,40.733333587646484,0.7302400000000002
ImageNet16-120,eyeriss_latency,ga_only,40.733333587646484,0.7302400000000002
ImageNet16-120,eyeriss_latency,ga_only,40.733333587646484,0.7302400000000002
ImageNet16-120,eyeriss_latency,ga_only,43.022220611572266,0.8531200000000001
ImageNet16-120,eyeriss_latency,ga_only,43.022220611572266,0.8531200000000001
ImageNet16-120,eyeriss_latency,ga_only,43.022220611572266,0.8531200000000001
ImageNet16-120,eyeriss_latency,ga_only,43.022220611572266,0.8531200000000001
ImageNet16-120,eyeriss_latency,ga_only,43.022220611572266,0.8531200000000001
ImageNet16-120,eyeriss_latency,ga_only,43.022220611572266,0.8531200000000001
ImageNet16-120,eyeriss_latency,ga_only,43.022220611572266,0.8531200000000001
ImageNet16-120,eyeriss_latency,ga_only,43.022220611572266,0.8531200000000001
ImageNet16-120,eyeriss_latency,ga_only,43.022220611572266,0.8531200000000001
ImageNet16-120,eyeriss_latency,ga_only,43.022220611572266,0.8531200000000001
ImageNet16-120,eyeriss_latency,ga_only,43.022220611572266,0.8531200000000001
ImageNet16-120,eyeriss_latency,ga_only,43.022220611572266,0.8531200000000001
ImageNet16-120,eyeriss_latency,ga_only,43.022220611572266,0.8531200000000001
ImageNet16-120,eyeriss_latency,ga_only,43.022220611572266,0.8531200000000001
ImageNet16-120,eyeriss_latency,ga_only,43.022220611572266,0.8531200000000001
ImageNet16-120,eyeriss_latency,ga_only,43.022220611572266,0.8531200000000001
ImageNet16-120,eyeriss_latency,ga_only,43.43333435058594,0.9145600000000002
ImageNet16-120,eyeriss_latency,ga_only,43.43333435058594,0.9145600000000002
ImageNet16-120,eyeriss_latency,ga_only,43.43333435058594,0.9145600000000002
ImageNet16-120,eyeriss_latency,ga_only,43.43333435058594,0.9145600000000002
ImageNet16-120,eyeriss_latency,ga_only,43.43333435058594,0.9145600000000002
ImageNet16-120,eyeriss_latency,ga_only,43.43333435058594,0.9145600000000002
ImageNet16-120,eyeriss_latency,ga_only,43.43333435058594,0.9145600000000002
ImageNet16-120,eyeriss_latency,ga_only,43.43333435058594,0.9145600000000002
ImageNet16-120,eyeriss_latency,ga_only,43.43333435058594,0.9145600000000002
ImageNet16-120,eyeriss_latency,ga_only,43.43333435058594,0.9145600000000002
ImageNet16-120,eyeriss_latency,ga_only,43.43333435058594,0.9145600000000002
ImageNet16-120,eyeriss_latency,ga_only,43.43333435058594,0.9145600000000002
ImageNet16-120,eyeriss_latency,ga_only,43.43333435058594,0.9145600000000002
ImageNet16-120,eyeriss_latency,ga_only,43.43333435058594,0.9145600000000002
ImageNet16-120,eyeriss_latency,ga_only,43.43333435058594,0.9145600000000002
ImageNet16-120,eyeriss_latency,ga_only,43.43333435058594,0.9145600000000002
ImageNet16-120,eyeriss_latency,ga_only,43.43333435058594,0.9145600000000002
ImageNet16-120,eyeriss_latency,ga_only,43.43333435058594,0.9145600000000002
ImageNet16-120,eyeriss_latency,ga_only,43.43333435058594,0.9145600000000002
ImageNet16-120,eyeriss_latency,ga_only,43.43333435058594,0.9145600000000002
ImageNet16-120,eyeriss_latency,ga_only,43.43333435058594,0.9145600000000002
ImageNet16-120,eyeriss_latency,ga_only,43.43333435058594,0.9145600000000002
ImageNet16-120,eyeriss_latency,ga_only,43.43333435058594,0.9145600000000002
ImageNet16-120,eyeriss_latency,ga_only,43.43333435058594,0.9145600000000002
ImageNet16-120,eyeriss_latency,ga_only,43.43333435058594,0.9145600000000002
ImageNet16-120,eyeriss_latency,ga_only,43.43333435058594,0.9145600000000002
ImageNet16-120,eyeriss_latency,ga_only,43.43333435058594,0.9145600000000002
ImageNet16-120,eyeriss_latency,ga_only,43.43333435058594,0.9145600000000002
ImageNet16-120,eyeriss_latency,ga_only,43.43333435058594,0.9145600000000002
ImageNet16-120,eyeriss_latency,ga_only,43.43333435058594,0.9145600000000002
ImageNet16-120,eyeriss_latency,ga_only,43.43333435058594,0.9145600000000002
ImageNet16-120,eyeriss_latency,ga_only,43.43333435058594,0.9145600000000002
ImageNet16-120,eyeriss_latency,ga_only,43.43333435058594,0.9145600000000002
ImageNet16-120,eyeriss_latency,ga_only,43.43333435058594,0.9145600000000002
ImageNet16-120,eyeriss_latency,ga_only,43.43333435058594,0.9145600000000002
ImageNet16-120,eyeriss_latency,ga_only,43.43333435058594,0.9145600000000002
ImageNet16-120,eyeriss_latency,ga_only,43.43333435058594,0.9145600000000002
ImageNet16-120,eyeriss_latency,ga_only,43.43333435058594,0.9145600000000002
ImageNet16-120,eyeriss_latency,ga_only,43.43333435058594,0.9145600000000002
ImageNet16-120,eyeriss_latency,ga_only,43.43333435058594,0.9145600000000002
ImageNet16-120,eyeriss_latency,ga_only,43.43333435058594,0.9145600000000002
ImageNet16-120,eyeriss_latency,ga_only,43.43333435058594,0.9145600000000002
ImageNet16-120,eyeriss_latency,ga_only,43.43333435058594,0.9145600000000002
ImageNet16-120,eyeriss_latency,ga_only,43.43333435058594,0.9145600000000002
ImageNet16-120,eyeriss_latency,ga_only,43.43333435058594,0.9145600000000002
ImageNet16-120,eyeriss_latency,ga_only,45.0,0.9145600000000003
ImageNet16-120,eyeriss_latency,ga_only,45.0,0.9145600000000003
ImageNet16-120,eyeriss_latency,ga_only,45.0,0.9145600000000003
ImageNet16-120,eyeriss_latency,ga_only,45.0,0.9145600000000003
ImageNet16-120,eyeriss_latency,ga_only,45.0,0.9145600000000003
ImageNet16-120,eyeriss_latency,ga_only,45.0,0.9145600000000003
ImageNet16-120,eyeriss_latency,ga_only,45.0,0.9145600000000003
ImageNet16-120,eyeriss_latency,ga_only,45.0,0.9145600000000003
ImageNet16-120,eyeriss_latency,ga_only,45.0,0.9145600000000003
ImageNet16-120,eyeriss_latency,ga_only,45.233333587646484,0.9760000000000002
ImageNet16-120,eyeriss_latency,ga_only,45.233333587646484,0.9760000000000002
ImageNet16-120,eyeriss_latency,ga_only,45.233333587646484,0.9760000000000002
ImageNet16-120,eyeriss_latency,ga_only,45.233333587646484,0.9760000000000002
ImageNet16-120,eyeriss_latency,ga_only,45.233333587646484,0.9760000000000002
ImageNet16-120,eyeriss_latency,ga_only,45.233333587646484,0.9760000000000002
ImageNet16-120,eyeriss_latency,ga_only,45.233333587646484,0.9760000000000002
ImageNet16-120,eyeriss_latency,ga_only,45.233333587646484,0.9760000000000002
ImageNet16-120,eyeriss_latency,ga_only,45.233333587646484,0.9760000000000002
ImageNet16-120,eyeriss_latency,ga_only,45.233333587646484,0.9760000000000002
ImageNet16-120,eyeriss_latency,ga_only,45.233333587646484,0.9760000000000002
ImageNet16-120,eyeriss_latency,ga_only,45.233333587646484,0.9760000000000002
ImageNet16-120,eyeriss_latency,ga_only,45.233333587646484,0.9760000000000002
ImageNet16-120,eyeriss_latency,ga_only,45.233333587646484,0.9760000000000002
ImageNet16-120,eyeriss_latency,ga_only,45.233333587646484,0.9760000000000002
ImageNet16-120,eyeriss_latency,ga_only,45.233333587646484,0.9760000000000002
ImageNet16-120,eyeriss_latency,ga_only,45.233333587646484,0.9760000000000002
ImageNet16-120,eyeriss_latency,ga_only,45.233333587646484,0.9760000000000002
ImageNet16-120,eyeriss_latency,ga_only,45.233333587646484,0.9760000000000002
ImageNet16-120,eyeriss_latency,ga_only,45.233333587646484,0.9760000000000002
ImageNet16-120,eyeriss_latency,ga_only,45.233333587646484,0.9760000000000002
ImageNet16-120,eyeriss_latency,ga_only,45.233333587646484,0.9760000000000002
ImageNet16-120,eyeriss_latency,ga_only,45.233333587646484,0.9760000000000002
ImageNet16-120,eyeriss_latency,ga_only,45.233333587646484,0.9760000000000002
ImageNet16-120,eyeriss_latency,ga_only,45.233333587646484,0.9760000000000002
ImageNet16-120,eyeriss_latency,ga_only,45.233333587646484,0.9760000000000002
ImageNet16-120,eyeriss_latency,ga_only,45.233333587646484,0.9760000000000002
ImageNet16-120,eyeriss_latency,ga_only,45.233333587646484,0.9760000000000002
ImageNet16-120,eyeriss_latency,ga_only,45.233333587646484,0.9760000000000002
ImageNet16-120,eyeriss_latency,ga_only,45.233333587646484,0.9760000000000002
ImageNet16-120,eyeriss_latency,ga_only,45.233333587646484,0.9760000000000002
ImageNet16-120,eyeriss_latency,ga_only,45.233333587646484,0.9760000000000002
ImageNet16-120,eyeriss_latency,ga_only,45.233333587646484,0.9760000000000002
ImageNet16-120,eyeriss_latency,ga_only,45.233333587646484,0.9760000000000002
ImageNet16-120,eyeriss_latency,ga_only,45.233333587646484,0.9760000000000002
ImageNet16-120,eyeriss_latency,ga_only,45.233333587646484,0.9760000000000002
ImageNet16-120,eyeriss_latency,ga_only,45.233333587646484,0.9760000000000002
ImageNet16-120,eyeriss_latency,ga_only,45.233333587646484,0.9760000000000002
ImageNet16-120,eyeriss_latency,ga_only,45.233333587646484,0.9760000000000002
ImageNet16-120,eyeriss_latency,ga_only,45.233333587646484,0.9760000000000002
ImageNet16-120,eyeriss_latency,ga_only,45.233333587646484,0.9760000000000002
ImageNet16-120,eyeriss_latency,ga_only,45.233333587646484,0.9760000000000002
ImageNet16-120,eyeriss_latency,ga_only,45.233333587646484,0.9760000000000002
ImageNet16-120,eyeriss_latency,ga_only,45.233333587646484,0.9760000000000002
ImageNet16-120,eyeriss_latency,ga_only,45.233333587646484,0.9760000000000002
ImageNet16-120,eyeriss_latency,ga_only,45.233333587646484,0.9760000000000002
ImageNet16-120,eyeriss_latency,ga_only,45.233333587646484,0.9760000000000002
ImageNet16-120,eyeriss_latency,ga_only,45.233333587646484,0.9760000000000002
ImageNet16-120,eyeriss_latency,ga_only,45.233333587646484,0.9760000000000002
ImageNet16-120,eyeriss_latency,ga_only,45.233333587646484,0.9760000000000002
ImageNet16-120,eyeriss_latency,ga_only,45.233333587646484,0.9760000000000002
ImageNet16-120,eyeriss_latency,ga_only,45.233333587646484,0.9760000000000002
ImageNet16-120,eyeriss_latency,ga_only,45.233333587646484,0.9760000000000002
ImageNet16-120,eyeriss_latency,ga_only,45.233333587646484,0.9760000000000002
ImageNet16-120,eyeriss_latency,ga_only,45.233333587646484,0.9760000000000002
ImageNet16-120,eyeriss_latency,ga_only,45.233333587646484,0.9760000000000002
ImageNet16-120,eyeriss_latency,ga_only,45.233333587646484,0.9760000000000002
ImageNet16-120,eyeriss_latency,ga_only,45.233333587646484,0.9760000000000002
ImageNet16-120,eyeriss_latency,ga_only,45.233333587646484,0.9760000000000002
ImageNet16-120,eyeriss_latency,ga_only,45.233333587646484,0.9760000000000002
ImageNet16-120,eyeriss_latency,ga_only,45.233333587646484,0.9760000000000002
ImageNet16-120,eyeriss_latency,ga_only,45.233333587646484,0.9760000000000002
ImageNet16-120,eyeriss_latency,ga_only,45.233333587646484,0.9760000000000002
ImageNet16-120,eyeriss_latency,ga_only,45.233333587646484,0.9760000000000002
ImageNet16-120,eyeriss_latency,ga_only,45.233333587646484,0.9760000000000002
ImageNet16-120,eyeriss_latency,ga_only,45.233333587646484,0.9760000000000002
ImageNet16-120,eyeriss_latency,ga_only,45.233333587646484,0.9760000000000002
ImageNet16-120,eyeriss_latency,ga_only,45.233333587646484,0.9760000000000002
ImageNet16-120,eyeriss_latency,ga_only,45.233333587646484,0.9760000000000002
ImageNet16-120,eyeriss_latency,ga_only,45.233333587646484,0.9760000000000002
ImageNet16-120,eyeriss_latency,ga_only,45.233333587646484,0.9760000000000002
ImageNet16-120,eyeriss_latency,ga_only,45.233333587646484,0.9760000000000002
ImageNet16-120,eyeriss_latency,ga_only,45.233333587646484,0.9760000000000002
ImageNet16-120,eyeriss_latency,ga_only,45.233333587646484,0.9760000000000002
ImageNet16-120,eyeriss_latency,ga_only,45.233333587646484,0.9760000000000002
ImageNet16-120,eyeriss_latency,ga_only,45.233333587646484,0.9760000000000002
ImageNet16-120,eyeriss_latency,ga_only,45.233333587646484,0.9760000000000002
ImageNet16-120,eyeriss_latency,ga_only,45.233333587646484,0.9760000000000002
ImageNet16-120,eyeriss_latency,ga_only,45.233333587646484,0.9760000000000002
ImageNet16-120,eyeriss_latency,ga_only,45.233333587646484,0.9760000000000002
ImageNet16-120,eyeriss_latency,ga_only,45.477779388427734,1.0374400000000004
ImageNet16-120,eyeriss_latency,ga_only,45.477779388427734,1.0374400000000004
ImageNet16-120,eyeriss_latency,ga_only,45.477779388427734,1.0374400000000004
ImageNet16-120,eyeriss_latency,ga_only,45.477779388427734,1.0374400000000004
ImageNet16-120,eyeriss_latency,ga_only,45.95000076293945,1.0374400000000006
ImageNet16-120,eyeriss_latency,ga_only,45.95000076293945,1.0374400000000006
ImageNet16-120,eyeriss_latency,ga_only,45.95000076293945,1.0374400000000006
ImageNet16-120,eyeriss_latency,ga_only,45.95000076293945,1.0374400000000006
ImageNet16-120,eyeriss_latency,ga_only,45.95000076293945,1.0374400000000006
ImageNet16-120,eyeriss_latency,ga_only,45.95000076293945,1.0374400000000006
ImageNet16-120,eyeriss_latency,ga_only,45.95000076293945,1.0374400000000006
ImageNet16-120,eyeriss_latency,ga_only,45.95000076293945,1.0374400000000006
ImageNet16-120,eyeriss_latency,ga_only,45.95000076293945,1.0374400000000006
ImageNet16-120,eyeriss_latency,ga_only,45.95000076293945,1.0374400000000006
ImageNet16-120,eyeriss_latency,ga_only,45.95000076293945,1.0374400000000006
ImageNet16-120,eyeriss_latency,ga_only,45.95000076293945,1.0374400000000006
ImageNet16-120,eyeriss_latency,ga_only,45.95000076293945,1.0374400000000006
ImageNet16-120,eyeriss_latency,ga_only,45.95000076293945,1.0374400000000006
ImageNet16-120,eyeriss_latency,ga_only,45.95000076293945,1.0374400000000006
ImageNet16-120,eyeriss_latency,ga_only,45.95000076293945,1.0374400000000006
ImageNet16-120,eyeriss_latency,ga_only,45.95000076293945,1.0374400000000006
ImageNet16-120,eyeriss_latency,ga_only,45.95000076293945,1.0374400000000006
ImageNet16-120,eyeriss_latency,ga_only,45.95000076293945,1.0374400000000006
ImageNet16-120,eyeriss_latency,ga_only,45.95000076293945,1.0374400000000006
ImageNet16-120,eyeriss_latency,ga_only,45.95000076293945,1.0374400000000006
ImageNet16-120,eyeriss_latency,ga_only,45.95000076293945,1.0374400000000006
ImageNet16-120,eyeriss_latency,ga_only,45.95000076293945,1.0374400000000006
ImageNet16-120,eyeriss_latency,ga_only,45.95000076293945,1.0374400000000006
ImageNet16-120,eyeriss_latency,ga_only,45.95000076293945,1.0374400000000006
ImageNet16-120,eyeriss_latency,ga_only,45.95000076293945,1.0374400000000006
ImageNet16-120,eyeriss_latency,ga_only,45.95000076293945,1.0374400000000006
ImageNet16-120,eyeriss_latency,ga_only,45.95000076293945,1.0374400000000006
ImageNet16-120,eyeriss_latency,ga_only,45.95000076293945,1.0374400000000006
ImageNet16-120,eyeriss_latency,ga_only,45.95000076293945,1.0374400000000006
ImageNet16-120,eyeriss_latency,ga_only,45.95000076293945,1.0374400000000006
ImageNet16-120,eyeriss_latency,ga_only,45.95000076293945,1.0374400000000006
ImageNet16-120,eyeriss_latency,ga_only,45.95000076293945,1.0374400000000006
ImageNet16-120,eyeriss_latency,ga_only,45.95000076293945,1.0374400000000006
ImageNet16-120,eyeriss_latency,ga_only,45.95000076293945,1.0374400000000006
ImageNet16-120,eyeriss_latency,ga_only,45.95000076293945,1.0374400000000006
ImageNet16-120,eyeriss_latency,ga_only,45.95000076293945,1.0374400000000006
ImageNet16-120,eyeriss_latency,ga_only,45.95000076293945,1.0374400000000006
ImageNet16-120,eyeriss_latency,ga_only,45.95000076293945,1.0374400000000006
ImageNet16-120,eyeriss_latency,ga_only,45.95000076293945,1.0374400000000006
ImageNet16-120,eyeriss_latency,ga_only,45.95000076293945,1.0374400000000006
ImageNet16-120,eyeriss_latency,ga_only,45.95000076293945,1.0374400000000006
ImageNet16-120,eyeriss_latency,ga_only,45.95000076293945,1.0374400000000006
ImageNet16-120,eyeriss_latency,ga_only,45.95000076293945,1.0374400000000006
ImageNet16-120,eyeriss_latency,ga_only,45.95000076293945,1.0374400000000006
ImageNet16-120,eyeriss_latency,ga_only,45.95000076293945,1.0374400000000006
ImageNet16-120,eyeriss_latency,ga_only,45.95000076293945,1.0374400000000006
ImageNet16-120,eyeriss_latency,ga_only,45.95000076293945,1.0374400000000006
ImageNet16-120,eyeriss_latency,ga_only,45.95000076293945,1.0374400000000006
ImageNet16-120,eyeriss_latency,ga_only,45.95000076293945,1.0374400000000006
ImageNet16-120,eyeriss_latency,ga_only,45.95000076293945,1.0374400000000006
ImageNet16-120,eyeriss_latency,ga_only,45.95000076293945,1.0374400000000006
ImageNet16-120,eyeriss_latency,ga_only,45.95000076293945,1.0374400000000006
ImageNet16-120,eyeriss_latency,ga_only,45.95000076293945,1.0374400000000006
ImageNet16-120,eyeriss_latency,ga_only,45.95000076293945,1.0374400000000006
ImageNet16-120,eyeriss_latency,ga_only,45.95000076293945,1.0374400000000006
ImageNet16-120,eyeriss_latency,ga_only,45.95000076293945,1.0374400000000006
ImageNet16-120,eyeriss_latency,ga_only,45.95000076293945,1.0374400000000006
ImageNet16-120,eyeriss_latency,ga_only,45.95000076293945,1.0374400000000006
ImageNet16-120,eyeriss_latency,ga_only,45.95000076293945,1.0374400000000006
ImageNet16-120,eyeriss_latency,ga_only,45.95000076293945,1.0374400000000006
ImageNet16-120,eyeriss_latency,ga_only,45.95000076293945,1.0374400000000006
ImageNet16-120,eyeriss_latency,ga_only,45.95000076293945,1.0374400000000006
ImageNet16-120,eyeriss_latency,ga_only,45.95000076293945,1.0374400000000006
ImageNet16-120,eyeriss_latency,ga_only,45.95000076293945,1.0374400000000006
ImageNet16-120,eyeriss_latency,ga_only,45.95000076293945,1.0374400000000006
ImageNet16-120,eyeriss_latency,ga_only,45.95000076293945,1.0374400000000006
ImageNet16-120,eyeriss_latency,ga_only,45.95000076293945,1.0374400000000006
ImageNet16-120,eyeriss_latency,ga_only,45.95000076293945,1.0374400000000006
ImageNet16-120,eyeriss_latency,ga_only,45.95000076293945,1.0374400000000006
ImageNet16-120,eyeriss_latency,ga_only,45.95000076293945,1.0374400000000006
ImageNet16-120,eyeriss_latency,ga_only,45.95000076293945,1.0374400000000006
ImageNet16-120,eyeriss_latency,ga_only,45.95000076293945,1.0374400000000006
ImageNet16-120,eyeriss_latency,ga_only,45.95000076293945,1.0374400000000006
ImageNet16-120,eyeriss_latency,ga_only,45.95000076293945,1.0374400000000006
ImageNet16-120,eyeriss_latency,ga_only,45.95000076293945,1.0374400000000006
ImageNet16-120,eyeriss_latency,ga_only,45.95000076293945,1.0374400000000006
ImageNet16-120,eyeriss_latency,ga_only,45.95000076293945,1.0374400000000006
ImageNet16-120,eyeriss_latency,ga_only,45.95000076293945,1.0374400000000006
ImageNet16-120,eyeriss_latency,ga_only,45.95000076293945,1.0374400000000006
ImageNet16-120,eyeriss_latency,ga_only,45.95000076293945,1.0374400000000006
ImageNet16-120,eyeriss_latency,ga_only,45.95000076293945,1.0374400000000006
ImageNet16-120,eyeriss_latency,ga_only,45.95000076293945,1.0374400000000006
ImageNet16-120,eyeriss_latency,ga_only,45.95000076293945,1.0374400000000006
ImageNet16-120,eyeriss_latency,ga_only,45.95000076293945,1.0374400000000006
ImageNet16-120,eyeriss_latency,ga_only,45.95000076293945,1.0374400000000006
ImageNet16-120,eyeriss_latency,ga_only,45.95000076293945,1.0374400000000006
ImageNet16-120,eyeriss_latency,ga_only,45.95000076293945,1.0374400000000006
ImageNet16-120,eyeriss_latency,ga_only,45.95000076293945,1.0374400000000006
ImageNet16-120,eyeriss_latency,ga_only,45.95000076293945,1.0374400000000006
ImageNet16-120,eyeriss_latency,ga_only,45.95000076293945,1.0374400000000006
ImageNet16-120,eyeriss_latency,ga_only,45.95000076293945,1.0374400000000006
ImageNet16-120,eyeriss_latency,ga_only,45.95000076293945,1.0374400000000006
ImageNet16-120,eyeriss_latency,ga_only,45.95000076293945,1.0374400000000006
ImageNet16-120,eyeriss_latency,ga_only,45.95000076293945,1.0374400000000006
ImageNet16-120,eyeriss_latency,ga_only,45.95000076293945,1.0374400000000006
ImageNet16-120,eyeriss_latency,ga_only,45.95000076293945,1.0374400000000006
ImageNet16-120,eyeriss_latency,ga_only,45.95000076293945,1.0374400000000006
ImageNet16-120,eyeriss_latency,ga_only,45.95000076293945,1.0374400000000006
ImageNet16-120,eyeriss_latency,ga_only,45.95000076293945,1.0374400000000006
ImageNet16-120,eyeriss_latency,ga_only,45.95000076293945,1.0374400000000006
ImageNet16-120,eyeriss_latency,ga_only,45.95000076293945,1.0374400000000006
ImageNet16-120,eyeriss_latency,ga_only,45.95000076293945,1.0374400000000006
ImageNet16-120,eyeriss_latency,ga_only,45.95000076293945,1.0374400000000006
ImageNet16-120,eyeriss_latency,ga_only,45.95000076293945,1.0374400000000006
ImageNet16-120,eyeriss_latency,ga_only,45.95000076293945,1.0374400000000006
ImageNet16-120,eyeriss_latency,ga_only,45.95000076293945,1.0374400000000006
ImageNet16-120,eyeriss_latency,ga_only,45.95000076293945,1.0374400000000006
ImageNet16-120,eyeriss_latency,ga_only,45.95000076293945,1.0374400000000006
ImageNet16-120,eyeriss_latency,ga_only,45.95000076293945,1.0374400000000006
ImageNet16-120,eyeriss_latency,ga_only,45.95000076293945,1.0374400000000006
ImageNet16-120,eyeriss_latency,ga_only,45.95000076293945,1.0374400000000006
ImageNet16-120,eyeriss_latency,ga_only,45.95000076293945,1.0374400000000006
ImageNet16-120,eyeriss_latency,ga_only,45.95000076293945,1.0374400000000006
ImageNet16-120,eyeriss_latency,ga_only,45.95000076293945,1.0374400000000006
ImageNet16-120,eyeriss_latency,ga_only,45.95000076293945,1.0374400000000006
ImageNet16-120,eyeriss_latency,ga_only,45.95000076293945,1.0374400000000006
ImageNet16-120,eyeriss_latency,ga_only,45.95000076293945,1.0374400000000006
ImageNet16-120,eyeriss_latency,ga_only,45.95000076293945,1.0374400000000006
ImageNet16-120,eyeriss_latency,ga_only,45.95000076293945,1.0374400000000006
ImageNet16-120,eyeriss_latency,ga_only,45.95000076293945,1.0374400000000006
ImageNet16-120,eyeriss_latency,ga_only,45.95000076293945,1.0374400000000006
ImageNet16-120,eyeriss_latency,ga_only,45.95000076293945,1.0374400000000006
ImageNet16-120,eyeriss_latency,ga_only,45.95000076293945,1.0374400000000006
ImageNet16-120,eyeriss_latency,ga_only,45.95000076293945,1.0374400000000006
ImageNet16-120,eyeriss_latency,ga_only,46.733333587646484,1.2832000000000003
ImageNet16-120,eyeriss_latency,ga_only,46.733333587646484,1.2832000000000003
ImageNet16-120,eyeriss_latency,ga_only,46.733333587646484,1.2832000000000003
ImageNet16-120,eyeriss_latency,ga_only,46.733333587646484,1.2832000000000003
ImageNet16-120,eyeriss_latency,ga_only,46.733333587646484,1.2832000000000003
ImageNet16-120,eyeriss_latency,ga_only,46.733333587646484,1.2832000000000003
ImageNet16-120,eyeriss_latency,ga_only,46.733333587646484,1.2832000000000003
ImageNet16-120,eyeriss_latency,ga_only,46.733333587646484,1.2832000000000003
ImageNet16-120,eyeriss_latency,ga_only,46.733333587646484,1.2832000000000003
ImageNet16-120,eyeriss_latency,ga_only,46.733333587646484,1.2832000000000003
ImageNet16-120,eyeriss_latency,ga_only,46.733333587646484,1.2832000000000003
ImageNet16-120,eyeriss_latency,ga_only,46.733333587646484,1.2832000000000003
ImageNet16-120,eyeriss_latency,ga_only,46.733333587646484,1.2832000000000003
ImageNet16-120,eyeriss_latency,ga_only,46.733333587646484,1.2832000000000003
ImageNet16-120,eyeriss_latency,ga_only,46.733333587646484,1.2832000000000003
ImageNet16-120,eyeriss_latency,ga_only,46.733333587646484,1.2832000000000003
ImageNet16-120,eyeriss_latency,ga_only,46.733333587646484,1.2832000000000003
ImageNet16-120,eyeriss_latency,ga_only,46.733333587646484,1.2832000000000003
ImageNet16-120,eyeriss_latency,ga_only,46.733333587646484,1.2832000000000003
ImageNet16-120,eyeriss_latency,ga_only,46.733333587646484,1.2832000000000003
ImageNet16-120,eyeriss_latency,ga_only,46.733333587646484,1.2832000000000003
ImageNet16-120,eyeriss_latency,ga_only,46.733333587646484,1.2832000000000003
ImageNet16-120,eyeriss_latency,ga_only,46.733333587646484,1.2832000000000003
ImageNet16-120,eyeriss_latency,ga_only,46.733333587646484,1.2832000000000003
ImageNet16-120,eyeriss_latency,ga_only,46.733333587646484,1.2832000000000003
ImageNet16-120,eyeriss_latency,ga_only,46.733333587646484,1.2832000000000003
ImageNet16-120,eyeriss_latency,ga_only,46.733333587646484,1.2832000000000003
ImageNet16-120,eyeriss_latency,ga_only,46.733333587646484,1.2832000000000003
ImageNet16-120,eyeriss_latency,ga_only,46.733333587646484,1.2832000000000003
ImageNet16-120,eyeriss_latency,ga_only,46.733333587646484,1.2832000000000003
ImageNet16-120,eyeriss_latency,ga_only,46.733333587646484,1.2832000000000003
ImageNet16-120,eyeriss_latency,ga_only,46.733333587646484,1.2832000000000003
ImageNet16-120,eyeriss_latency,ga_only,46.733333587646484,1.2832000000000003
ImageNet16-120,eyeriss_latency,ga_only,46.733333587646484,1.2832000000000003
ImageNet16-120,eyeriss_latency,ga_only,46.733333587646484,1.2832000000000003
ImageNet16-120,eyeriss_latency,ga_only,46.733333587646484,1.2832000000000003
ImageNet16-120,eyeriss_latency,ga_only,46.733333587646484,1.2832000000000003
ImageNet16-120,eyeriss_latency,ga_only,46.733333587646484,1.2832000000000003
ImageNet16-120,eyeriss_latency,ga_only,46.733333587646484,1.2832000000000003
ImageNet16-120,eyeriss_latency,ga_only,46.733333587646484,1.2832000000000003
ImageNet16-120,eyeriss_latency,ga_only,46.733333587646484,1.2832000000000003
ImageNet16-120,eyeriss_latency,ga_only,46.733333587646484,1.2832000000000003
ImageNet16-120,eyeriss_latency,ga_only,46.733333587646484,1.2832000000000003
ImageNet16-120,eyeriss_latency,ga_only,46.733333587646484,1.2832000000000003
ImageNet16-120,eyeriss_latency,ga_only,46.733333587646484,1.2832000000000003
ImageNet16-120,eyeriss_latency,ga_only,46.733333587646484,1.2832000000000003
ImageNet16-120,eyeriss_latency,ga_only,46.733333587646484,1.2832000000000003
ImageNet16-120,eyeriss_latency,ga_only,46.733333587646484,1.2832000000000003
ImageNet16-120,eyeriss_latency,ga_only,46.733333587646484,1.2832000000000003
ImageNet16-120,eyeriss_latency,ga_only,46.733333587646484,1.2832000000000003
ImageNet16-120,eyeriss_latency,ga_only,46.733333587646484,1.2832000000000003
ImageNet16-120,eyeriss_latency,ga_only,46.733333587646484,1.2832000000000003
ImageNet16-120,eyeriss_latency,ga_only,46.733333587646484,1.2832000000000003
ImageNet16-120,eyeriss_latency,ga_only,46.733333587646484,1.2832000000000003
ImageNet16-120,eyeriss_latency,ga_only,46.733333587646484,1.2832000000000003
ImageNet16-120,eyeriss_latency,ga_only,46.733333587646484,1.2832000000000003
ImageNet16-120,eyeriss_latency,ga_only,46.733333587646484,1.2832000000000003
ImageNet16-120,eyeriss_latency,ga_only,46.733333587646484,1.2832000000000003
ImageNet16-120,eyeriss_latency,ga_only,46.733333587646484,1.2832000000000003
ImageNet16-120,eyeriss_latency,ga_only,46.733333587646484,1.2832000000000003
ImageNet16-120,eyeriss_latency,ga_only,46.733333587646484,1.2832000000000003
ImageNet16-120,eyeriss_latency,ga_only,46.733333587646484,1.2832000000000003
ImageNet16-120,eyeriss_latency,ga_only,46.733333587646484,1.2832000000000003
ImageNet16-120,eyeriss_latency,ga_only,46.733333587646484,1.2832000000000003
ImageNet16-120,eyeriss_latency,ga_only,46.733333587646484,1.2832000000000003
ImageNet16-120,eyeriss_latency,ga_only,46.733333587646484,1.2832000000000003
ImageNet16-120,eyeriss_latency,ga_only,46.733333587646484,1.2832000000000003
ImageNet16-120,eyeriss_latency,ga_only,46.733333587646484,1.2832000000000003
ImageNet16-120,eyeriss_latency,ga_only,46.733333587646484,1.2832000000000003
ImageNet16-120,eyeriss_latency,ga_only,46.733333587646484,1.2832000000000003
ImageNet16-120,eyeriss_latency,ga_only,46.733333587646484,1.2832000000000003
ImageNet16-120,eyeriss_latency,ga_only,46.733333587646484,1.2832000000000003
ImageNet16-120,eyeriss_latency,ga_only,46.733333587646484,1.2832000000000003
ImageNet16-120,eyeriss_latency,ga_only,46.733333587646484,1.2832000000000003
ImageNet16-120,eyeriss_latency,ga_only,46.733333587646484,1.2832000000000003
ImageNet16-120,eyeriss_latency,ga_only,46.733333587646484,1.2832000000000003
ImageNet16-120,eyeriss_latency,ga_only,46.733333587646484,1.2832000000000003
ImageNet16-120,eyeriss_latency,ga_only,46.733333587646484,1.2832000000000003
ImageNet16-120,eyeriss_latency,ga_only,46.733333587646484,1.2832000000000003
ImageNet16-120,eyeriss_latency,ga_only,46.733333587646484,1.2832000000000003
ImageNet16-120,eyeriss_latency,ga_only,46.733333587646484,1.2832000000000003
ImageNet16-120,eyeriss_latency,ga_only,46.733333587646484,1.2832000000000003
ImageNet16-120,eyeriss_latency,ga_only,46.733333587646484,1.2832000000000003
ImageNet16-120,eyeriss_latency,ga_only,46.849998474121094,1.3446400000000007
ImageNet16-120,eyeriss_latency,ga_only,46.849998474121094,1.3446400000000007
ImageNet16-120,eyeriss_latency,ga_only,46.849998474121094,1.3446400000000007
ImageNet16-120,eyeriss_latency,ga_only,46.849998474121094,1.3446400000000007
ImageNet16-120,eyeriss_latency,ga_only,46.849998474121094,1.3446400000000007
ImageNet16-120,eyeriss_latency,ga_only,46.849998474121094,1.3446400000000007
ImageNet16-120,eyeriss_latency,ga_only,46.849998474121094,1.3446400000000007
ImageNet16-120,eyeriss_latency,ga_only,46.849998474121094,1.3446400000000007
ImageNet16-120,eyeriss_latency,ga_only,46.849998474121094,1.3446400000000007
ImageNet16-120,eyeriss_latency,ga_only,46.849998474121094,1.3446400000000007
ImageNet16-120,eyeriss_latency,ga_only,46.849998474121094,1.3446400000000007
ImageNet16-120,eyeriss_latency,ga_only,46.849998474121094,1.3446400000000007
ImageNet16-120,eyeriss_latency,ga_only,46.849998474121094,1.3446400000000007
ImageNet16-120,eyeriss_latency,ga_only,46.849998474121094,1.3446400000000007
ImageNet16-120,eyeriss_latency,ga_only,46.849998474121094,1.3446400000000007
ImageNet16-120,eyeriss_latency,ga_only,46.849998474121094,1.3446400000000007
ImageNet16-120,eyeriss_latency,ga_only,46.849998474121094,1.3446400000000007
ImageNet16-120,eyeriss_latency,ga_only,46.849998474121094,1.3446400000000007
ImageNet16-120,eyeriss_latency,ga_only,46.849998474121094,1.3446400000000007
ImageNet16-120,eyeriss_latency,ga_only,46.849998474121094,1.3446400000000007
ImageNet16-120,eyeriss_latency,ga_only,46.849998474121094,1.3446400000000007
ImageNet16-120,eyeriss_latency,ga_only,46.849998474121094,1.3446400000000007
ImageNet16-120,eyeriss_latency,ga_only,46.849998474121094,1.3446400000000007
ImageNet16-120,eyeriss_latency,ga_only,46.849998474121094,1.3446400000000007
ImageNet16-120,eyeriss_latency,ga_only,46.849998474121094,1.3446400000000007
ImageNet16-120,eyeriss_latency,ga_only,46.849998474121094,1.3446400000000007
ImageNet16-120,eyeriss_latency,ga_only,46.849998474121094,1.3446400000000007
ImageNet16-120,eyeriss_latency,ga_only,46.849998474121094,1.3446400000000007
ImageNet16-120,eyeriss_latency,ga_only,46.849998474121094,1.3446400000000007
ImageNet16-120,eyeriss_latency,ga_only,46.849998474121094,1.3446400000000007
ImageNet16-120,eyeriss_latency,ga_only,46.849998474121094,1.3446400000000007
ImageNet16-120,eyeriss_latency,ga_only,46.849998474121094,1.3446400000000007
ImageNet16-120,eyeriss_latency,ga_only,46.849998474121094,1.3446400000000007
ImageNet16-120,eyeriss_latency,ga_only,46.849998474121094,1.3446400000000007
ImageNet16-120,eyeriss_latency,ga_only,46.849998474121094,1.3446400000000007
ImageNet16-120,eyeriss_latency,ga_only,46.849998474121094,1.3446400000000007
ImageNet16-120,eyeriss_latency,ga_only,46.849998474121094,1.3446400000000007
ImageNet16-120,eyeriss_latency,ga_only,46.849998474121094,1.3446400000000007
ImageNet16-120,eyeriss_latency,ga_only,46.849998474121094,1.3446400000000007
ImageNet16-120,eyeriss_latency,ga_only,46.849998474121094,1.3446400000000007
ImageNet16-120,eyeriss_latency,ga_only,46.849998474121094,1.3446400000000007
ImageNet16-120,eyeriss_latency,ga_only,46.849998474121094,1.3446400000000007
ImageNet16-120,eyeriss_latency,ga_only,46.849998474121094,1.3446400000000007
ImageNet16-120,eyeriss_latency,ga_only,46.849998474121094,1.3446400000000007
ImageNet16-120,eyeriss_latency,ga_only,46.849998474121094,1.3446400000000007
ImageNet16-120,eyeriss_latency,ga_only,46.849998474121094,1.3446400000000007
ImageNet16-120,eyeriss_latency,ga_only,46.849998474121094,1.3446400000000007
ImageNet16-120,eyeriss_latency,ga_only,46.849998474121094,1.3446400000000007
ImageNet16-120,eyeriss_latency,ga_only,46.849998474121094,1.3446400000000007
ImageNet16-120,eyeriss_latency,ga_only,46.849998474121094,1.3446400000000007
ImageNet16-120,eyeriss_latency,ga_only,46.849998474121094,1.3446400000000007
ImageNet16-120,eyeriss_latency,ga_only,46.849998474121094,1.3446400000000007
ImageNet16-120,eyeriss_latency,ga_only,46.849998474121094,1.3446400000000007
ImageNet16-120,eyeriss_latency,ga_only,46.849998474121094,1.3446400000000007
ImageNet16-120,eyeriss_latency,ga_only,46.849998474121094,1.3446400000000007
ImageNet16-120,eyeriss_latency,ga_only,46.849998474121094,1.3446400000000007
ImageNet16-120,eyeriss_latency,ga_only,46.849998474121094,1.3446400000000007
ImageNet16-120,eyeriss_latency,ga_only,46.849998474121094,1.3446400000000007
ImageNet16-120,eyeriss_latency,ga_only,46.849998474121094,1.3446400000000007
ImageNet16-120,eyeriss_latency,ga_only,46.849998474121094,1.3446400000000007
ImageNet16-120,eyeriss_latency,ga_only,46.849998474121094,1.3446400000000007
ImageNet16-120,eyeriss_latency,ga_only,46.849998474121094,1.3446400000000007
ImageNet16-120,eyeriss_latency,ga_only,46.849998474121094,1.3446400000000007
ImageNet16-120,eyeriss_latency,ga_only,46.849998474121094,1.3446400000000007
ImageNet16-120,eyeriss_latency,ga_only,46.849998474121094,1.3446400000000007
ImageNet16-120,eyeriss_latency,ga_only,46.849998474121094,1.3446400000000007
ImageNet16-120,eyeriss_latency,ga_only,46.849998474121094,1.3446400000000007
ImageNet16-120,eyeriss_latency,ga_only,46.849998474121094,1.3446400000000007
ImageNet16-120,eyeriss_latency,ga_only,46.849998474121094,1.3446400000000007
ImageNet16-120,eyeriss_latency,ga_only,46.849998474121094,1.3446400000000007
ImageNet16-120,eyeriss_latency,ga_only,46.849998474121094,1.3446400000000007
ImageNet16-120,eyeriss_latency,ga_only,46.849998474121094,1.3446400000000007
ImageNet16-120,eyeriss_latency,ga_only,46.849998474121094,1.3446400000000007
ImageNet16-120,eyeriss_latency,ga_only,46.849998474121094,1.3446400000000007
ImageNet16-120,eyeriss_latency,ga_only,46.849998474121094,1.3446400000000007
ImageNet16-120,eyeriss_latency,ga_only,46.849998474121094,1.3446400000000007
ImageNet16-120,eyeriss_latency,ga_only,46.849998474121094,1.3446400000000007
ImageNet16-120,eyeriss_latency,ga_only,46.849998474121094,1.3446400000000007
ImageNet16-120,eyeriss_latency,ga_only,46.849998474121094,1.3446400000000007
ImageNet16-120,eyeriss_latency,ga_only,46.849998474121094,1.3446400000000007
ImageNet16-120,eyeriss_latency,ga_only,46.849998474121094,1.3446400000000007
ImageNet16-120,eyeriss_latency,ga_only,46.849998474121094,1.3446400000000007
ImageNet16-120,eyeriss_latency,ga_only,46.849998474121094,1.3446400000000007
ImageNet16-120,eyeriss_latency,ga_only,46.849998474121094,1.3446400000000007
ImageNet16-120,eyeriss_latency,ga_only,46.849998474121094,1.3446400000000007
ImageNet16-120,eyeriss_latency,ga_only,46.849998474121094,1.3446400000000007
ImageNet16-120,eyeriss_latency,ga_only,46.849998474121094,1.3446400000000007
ImageNet16-120,eyeriss_latency,ga_only,46.849998474121094,1.3446400000000007
ImageNet16-120,eyeriss_latency,ga_only,46.849998474121094,1.3446400000000007
ImageNet16-120,eyeriss_latency,ga_only,46.849998474121094,1.3446400000000007
ImageNet16-120,eyeriss_latency,ga_only,46.849998474121094,1.3446400000000007
ImageNet16-120,eyeriss_latency,ga_only,46.849998474121094,1.3446400000000007
ImageNet16-120,eyeriss_latency,ga_only,46.849998474121094,1.3446400000000007
ImageNet16-120,eyeriss_latency,ga_only,46.849998474121094,1.3446400000000007
ImageNet16-120,eyeriss_latency,ga_only,46.849998474121094,1.3446400000000007
ImageNet16-120,eyeriss_latency,ga_only,46.849998474121094,1.3446400000000007
ImageNet16-120,eyeriss_latency,ga_only,46.849998474121094,1.3446400000000007
ImageNet16-120,eyeriss_latency,ga_only,46.849998474121094,1.3446400000000007
ImageNet16-120,eyeriss_latency,ga_only,46.849998474121094,1.3446400000000007
ImageNet16-120,eyeriss_latency,ga_only,46.849998474121094,1.3446400000000007
ImageNet16-120,eyeriss_latency,ga_only,46.849998474121094,1.3446400000000007
ImageNet16-120,eyeriss_latency,ga_only,46.849998474121094,1.3446400000000007
ImageNet16-120,eyeriss_latency,ga_only,46.849998474121094,1.3446400000000007
ImageNet16-120,eyeriss_latency,ga_only,46.849998474121094,1.3446400000000007
ImageNet16-120,eyeriss_latency,ga_only,46.849998474121094,1.3446400000000007
ImageNet16-120,eyeriss_latency,ga_only,46.849998474121094,1.3446400000000007
ImageNet16-120,eyeriss_latency,ga_only,46.849998474121094,1.3446400000000007
ImageNet16-120,eyeriss_latency,ga_only,46.849998474121094,1.3446400000000007
ImageNet16-120,eyeriss_latency,ga_only,46.849998474121094,1.3446400000000007
ImageNet16-120,eyeriss_latency,ga_only,46.849998474121094,1.3446400000000007
ImageNet16-120,eyeriss_latency,ga_only,46.849998474121094,1.3446400000000007
ImageNet16-120,eyeriss_latency,ga_only,46.849998474121094,1.3446400000000007
ImageNet16-120,eyeriss_latency,ga_only,46.849998474121094,1.3446400000000007
ImageNet16-120,eyeriss_latency,ga_only,46.849998474121094,1.3446400000000007
ImageNet16-120,eyeriss_latency,ga_only,46.849998474121094,1.3446400000000007
ImageNet16-120,eyeriss_latency,ga_only,46.849998474121094,1.3446400000000007
ImageNet16-120,eyeriss_latency,ga_only,46.849998474121094,1.3446400000000007
ImageNet16-120,eyeriss_latency,ga_only,46.849998474121094,1.3446400000000007
ImageNet16-120,eyeriss_latency,ga_only,46.849998474121094,1.3446400000000007
ImageNet16-120,eyeriss_latency,ga_only,46.849998474121094,1.3446400000000007
ImageNet16-120,eyeriss_latency,ga_only,46.849998474121094,1.3446400000000007
ImageNet16-120,eyeriss_latency,ga_only,46.849998474121094,1.3446400000000007
ImageNet16-120,eyeriss_latency,ga_only,46.849998474121094,1.3446400000000007
ImageNet16-120,eyeriss_latency,ga_only,46.849998474121094,1.3446400000000007
ImageNet16-120,eyeriss_latency,ga_only,46.849998474121094,1.3446400000000007
ImageNet16-120,eyeriss_latency,ga_only,46.849998474121094,1.3446400000000007
ImageNet16-120,eyeriss_latency,ga_only,46.849998474121094,1.3446400000000007
ImageNet16-120,eyeriss_latency,ga_only,46.849998474121094,1.3446400000000007
ImageNet16-120,eyeriss_latency,ga_only,46.849998474121094,1.3446400000000007
ImageNet16-120,eyeriss_latency,ga_only,46.849998474121094,1.3446400000000007
ImageNet16-120,eyeriss_latency,ga_only,46.849998474121094,1.3446400000000007
ImageNet16-120,eyeriss_latency,ga_only,46.849998474121094,1.3446400000000007
ImageNet16-120,eyeriss_latency,ga_only,46.849998474121094,1.3446400000000007
ImageNet16-120,eyeriss_latency,ga_only,46.849998474121094,1.3446400000000007
ImageNet16-120,eyeriss_latency,ga_only,46.849998474121094,1.3446400000000007
ImageNet16-120,eyeriss_latency,ga_only,46.849998474121094,1.3446400000000007
ImageNet16-120,eyeriss_latency,ga_only,46.849998474121094,1.3446400000000007
ImageNet16-120,eyeriss_latency,ga_only,46.849998474121094,1.3446400000000007
ImageNet16-120,eyeriss_latency,ga_only,46.849998474121094,1.3446400000000007
ImageNet16-120,eyeriss_latency,ga_only,46.849998474121094,1.3446400000000007
ImageNet16-120,eyeriss_latency,ga_only,46.849998474121094,1.3446400000000007
ImageNet16-120,eyeriss_latency,ga_only,46.849998474121094,1.3446400000000007
ImageNet16-120,eyeriss_latency,ga_only,46.849998474121094,1.3446400000000007
ImageNet16-120,eyeriss_latency,ga_only,46.849998474121094,1.3446400000000007
ImageNet16-120,eyeriss_latency,ga_only,46.849998474121094,1.3446400000000007
ImageNet16-120,eyeriss_latency,ga_only,46.849998474121094,1.3446400000000007
ImageNet16-120,eyeriss_latency,ga_only,46.849998474121094,1.3446400000000007
ImageNet16-120,eyeriss_latency,ga_only,46.849998474121094,1.3446400000000007
ImageNet16-120,eyeriss_latency,ga_only,46.849998474121094,1.3446400000000007
ImageNet16-120,eyeriss_latency,ga_only,46.849998474121094,1.3446400000000007
ImageNet16-120,eyeriss_latency,ga_only,46.849998474121094,1.3446400000000007
ImageNet16-120,eyeriss_latency,ga_only,46.849998474121094,1.3446400000000007
ImageNet16-120,eyeriss_latency,ga_only,46.849998474121094,1.3446400000000007
ImageNet16-120,eyeriss_latency,ga_only,46.849998474121094,1.3446400000000007
ImageNet16-120,eyeriss_latency,ga_only,46.849998474121094,1.3446400000000007
ImageNet16-120,eyeriss_latency,ga_only,46.849998474121094,1.3446400000000007
ImageNet16-120,eyeriss_latency,ga_only,46.849998474121094,1.3446400000000007
ImageNet16-120,eyeriss_latency,ga_only,46.849998474121094,1.3446400000000007
ImageNet16-120,eyeriss_latency,ga_only,46.849998474121094,1.3446400000000007
ImageNet16-120,eyeriss_latency,ga_only,46.849998474121094,1.3446400000000007
ImageNet16-120,eyeriss_latency,ga_only,46.849998474121094,1.3446400000000007
ImageNet16-120,eyeriss_latency,ga_only,46.849998474121094,1.3446400000000007
ImageNet16-120,eyeriss_latency,ga_only,46.849998474121094,1.3446400000000007
ImageNet16-120,eyeriss_latency,ga_only,46.849998474121094,1.3446400000000007
ImageNet16-120,eyeriss_latency,ga_only,46.849998474121094,1.3446400000000007
ImageNet16-120,eyeriss_latency,ga_only,46.849998474121094,1.3446400000000007
ImageNet16-120,eyeriss_latency,ga_only,46.849998474121094,1.3446400000000007
ImageNet16-120,eyeriss_latency,ga_only,46.849998474121094,1.3446400000000007
ImageNet16-120,eyeriss_latency,ga_only,46.849998474121094,1.3446400000000007
ImageNet16-120,eyeriss_latency,ga_only,46.849998474121094,1.3446400000000007
ImageNet16-120,eyeriss_latency,ga_only,46.849998474121094,1.3446400000000007
ImageNet16-120,eyeriss_latency,ga_only,46.849998474121094,1.3446400000000007
ImageNet16-120,eyeriss_latency,ga_only,46.849998474121094,1.3446400000000007
ImageNet16-120,eyeriss_latency,ga_only,46.849998474121094,1.3446400000000007
ImageNet16-120,eyeriss_latency,ga_only,46.849998474121094,1.3446400000000007
ImageNet16-120,eyeriss_latency,ga_only,46.849998474121094,1.3446400000000007
ImageNet16-120,eyeriss_latency,ga_only,46.849998474121094,1.3446400000000007
ImageNet16-120,eyeriss_latency,ga_only,46.849998474121094,1.3446400000000007
ImageNet16-120,eyeriss_latency,ga_only,46.849998474121094,1.3446400000000007
ImageNet16-120,eyeriss_latency,ga_only,46.849998474121094,1.3446400000000007
ImageNet16-120,eyeriss_latency,ga_only,46.849998474121094,1.3446400000000007
ImageNet16-120,eyeriss_latency,ga_only,46.849998474121094,1.3446400000000007
ImageNet16-120,eyeriss_latency,ga_only,46.849998474121094,1.3446400000000007
ImageNet16-120,eyeriss_latency,ga_only,46.849998474121094,1.3446400000000007
ImageNet16-120,eyeriss_latency,ga_only,46.849998474121094,1.3446400000000007
ImageNet16-120,eyeriss_latency,ga_only,46.849998474121094,1.3446400000000007
ImageNet16-120,eyeriss_latency,ga_only,46.849998474121094,1.3446400000000007
ImageNet16-120,eyeriss_latency,ga_only,46.849998474121094,1.3446400000000007
ImageNet16-120,eyeriss_latency,ga_only,46.849998474121094,1.3446400000000007
ImageNet16-120,eyeriss_latency,ga_only,46.849998474121094,1.3446400000000007
ImageNet16-120,eyeriss_latency,ga_only,46.849998474121094,1.3446400000000007
ImageNet16-120,eyeriss_latency,ga_only,46.849998474121094,1.3446400000000007
ImageNet16-120,eyeriss_latency,ga_only,46.849998474121094,1.3446400000000007
ImageNet16-120,eyeriss_latency,ga_only,46.849998474121094,1.3446400000000007
ImageNet16-120,eyeriss_latency,ga_only,46.849998474121094,1.3446400000000007
ImageNet16-120,eyeriss_latency,ga_only,46.849998474121094,1.3446400000000007
ImageNet16-120,eyeriss_latency,ga_only,46.849998474121094,1.3446400000000007
ImageNet16-120,eyeriss_latency,ga_only,46.849998474121094,1.3446400000000007
ImageNet16-120,eyeriss_latency,ga_only,46.849998474121094,1.3446400000000007
ImageNet16-120,eyeriss_latency,ga_only,46.849998474121094,1.3446400000000007
ImageNet16-120,eyeriss_latency,ga_only,46.849998474121094,1.3446400000000007
ImageNet16-120,eyeriss_latency,ga_only,46.849998474121094,1.3446400000000007
ImageNet16-120,eyeriss_latency,ga_only,46.849998474121094,1.3446400000000007
ImageNet16-120,eyeriss_latency,ga_only,46.849998474121094,1.3446400000000007
ImageNet16-120,eyeriss_latency,ga_only,46.849998474121094,1.3446400000000007
ImageNet16-120,eyeriss_latency,ga_only,46.849998474121094,1.3446400000000007
ImageNet16-120,eyeriss_latency,ga_only,46.849998474121094,1.3446400000000007
ImageNet16-120,eyeriss_latency,ga_only,46.849998474121094,1.3446400000000007
ImageNet16-120,eyeriss_latency,ga_only,46.849998474121094,1.3446400000000007
ImageNet16-120,eyeriss_latency,ga_only,46.849998474121094,1.3446400000000007
ImageNet16-120,eyeriss_latency,ga_only,46.849998474121094,1.3446400000000007
ImageNet16-120,eyeriss_latency,ga_only,46.849998474121094,1.3446400000000007
ImageNet16-120,eyeriss_latency,ga_only,46.849998474121094,1.3446400000000007
ImageNet16-120,eyeriss_latency,ga_only,46.849998474121094,1.3446400000000007
ImageNet16-120,eyeriss_latency,ga_only,46.849998474121094,1.3446400000000007
ImageNet16-120,eyeriss_latency,ga_only,46.849998474121094,1.3446400000000007
ImageNet16-120,eyeriss_latency,ga_only,46.849998474121094,1.3446400000000007
ImageNet16-120,eyeriss_latency,ga_only,46.849998474121094,1.3446400000000007
ImageNet16-120,eyeriss_latency,ga_only,46.849998474121094,1.3446400000000007
ImageNet16-120,eyeriss_latency,ga_only,46.849998474121094,1.3446400000000007
ImageNet16-120,eyeriss_latency,ga_only,46.849998474121094,1.3446400000000007
ImageNet16-120,eyeriss_latency,ga_only,46.849998474121094,1.3446400000000007
ImageNet16-120,eyeriss_latency,ga_only,46.849998474121094,1.3446400000000007
ImageNet16-120,eyeriss_latency,ga_only,46.849998474121094,1.3446400000000007
ImageNet16-120,eyeriss_latency,ga_only,46.849998474121094,1.3446400000000007
ImageNet16-120,eyeriss_latency,ga_only,46.849998474121094,1.3446400000000007
ImageNet16-120,eyeriss_latency,ga_only,46.849998474121094,1.3446400000000007
ImageNet16-120,eyeriss_latency,ga_only,46.849998474121094,1.3446400000000007
ImageNet16-120,eyeriss_latency,ga_only,46.849998474121094,1.3446400000000007
ImageNet16-120,eyeriss_latency,ga_only,46.849998474121094,1.3446400000000007
ImageNet16-120,eyeriss_latency,ga_only,46.849998474121094,1.3446400000000007
ImageNet16-120,eyeriss_latency,ga_only,46.849998474121094,1.3446400000000007
ImageNet16-120,eyeriss_latency,ga_only,46.849998474121094,1.3446400000000007
ImageNet16-120,eyeriss_latency,ga_only,46.849998474121094,1.3446400000000007
ImageNet16-120,eyeriss_latency,ga_only,46.849998474121094,1.3446400000000007
ImageNet16-120,eyeriss_latency,ga_only,46.849998474121094,1.3446400000000007
ImageNet16-120,eyeriss_latency,ga_only,46.849998474121094,1.3446400000000007
ImageNet16-120,eyeriss_latency,ga_only,46.849998474121094,1.3446400000000007
ImageNet16-120,eyeriss_latency,ga_only,46.849998474121094,1.3446400000000007
ImageNet16-120,eyeriss_latency,ga_only,46.849998474121094,1.3446400000000007
ImageNet16-120,eyeriss_latency,ga_only,46.849998474121094,1.3446400000000007
ImageNet16-120,eyeriss_latency,ga_only,46.849998474121094,1.3446400000000007
ImageNet16-120,eyeriss_latency,ga_only,46.849998474121094,1.3446400000000007
ImageNet16-120,eyeriss_latency,ga_only,46.849998474121094,1.3446400000000007
ImageNet16-120,eyeriss_latency,ga_only,46.849998474121094,1.3446400000000007
ImageNet16-120,eyeriss_latency,ga_only,46.849998474121094,1.3446400000000007
ImageNet16-120,eyeriss_latency,ga_only,46.849998474121094,1.3446400000000007
ImageNet16-120,eyeriss_latency,ga_only,46.849998474121094,1.3446400000000007
ImageNet16-120,eyeriss_latency,ga_only,46.849998474121094,1.3446400000000007
ImageNet16-120,eyeriss_latency,ga_only,46.849998474121094,1.3446400000000007
ImageNet16-120,eyeriss_latency,ga_only,46.849998474121094,1.3446400000000007
ImageNet16-120,eyeriss_latency,ga_only,46.849998474121094,1.3446400000000007
ImageNet16-120,eyeriss_latency,ga_only,46.849998474121094,1.3446400000000007
ImageNet16-120,eyeriss_latency,ga_only,46.849998474121094,1.3446400000000007
ImageNet16-120,eyeriss_latency,ga_only,46.849998474121094,1.3446400000000007
ImageNet16-120,eyeriss_latency,ga_only,46.849998474121094,1.3446400000000007
ImageNet16-120,eyeriss_latency,ga_only,46.849998474121094,1.3446400000000007
ImageNet16-120,eyeriss_latency,ga_only,46.849998474121094,1.3446400000000007
ImageNet16-120,eyeriss_latency,ga_only,46.849998474121094,1.3446400000000007
ImageNet16-120,eyeriss_latency,ga_only,46.849998474121094,1.3446400000000007
ImageNet16-120,eyeriss_latency,ga_only,46.849998474121094,1.3446400000000007
ImageNet16-120,eyeriss_latency,ga_only,46.849998474121094,1.3446400000000007
ImageNet16-120,eyeriss_latency,ga_only,46.849998474121094,1.3446400000000007
ImageNet16-120,eyeriss_latency,ga_only,46.849998474121094,1.3446400000000007
ImageNet16-120,eyeriss_latency,ga_only,46.849998474121094,1.3446400000000007
ImageNet16-120,eyeriss_latency,ga_only,46.849998474121094,1.3446400000000007
ImageNet16-120,eyeriss_latency,ga_only,46.849998474121094,1.3446400000000007
ImageNet16-120,eyeriss_latency,ga_only,46.849998474121094,1.3446400000000007
ImageNet16-120,eyeriss_latency,ga_only,46.849998474121094,1.3446400000000007
ImageNet16-120,eyeriss_latency,ga_only,46.849998474121094,1.3446400000000007
ImageNet16-120,eyeriss_latency,ga_only,46.849998474121094,1.3446400000000007
ImageNet16-120,eyeriss_latency,ga_only,46.849998474121094,1.3446400000000007
ImageNet16-120,eyeriss_latency,ga_only,46.849998474121094,1.3446400000000007
ImageNet16-120,eyeriss_latency,ga_only,46.849998474121094,1.3446400000000007
ImageNet16-120,eyeriss_latency,ga_only,46.849998474121094,1.3446400000000007
ImageNet16-120,eyeriss_latency,ga_only,46.849998474121094,1.3446400000000007
ImageNet16-120,eyeriss_latency,ga_only,46.849998474121094,1.3446400000000007
ImageNet16-120,eyeriss_latency,ga_only,46.849998474121094,1.3446400000000007
ImageNet16-120,eyeriss_latency,ga_only,46.849998474121094,1.3446400000000007
ImageNet16-120,eyeriss_latency,ga_only,46.849998474121094,1.3446400000000007
ImageNet16-120,eyeriss_latency,ga_only,46.849998474121094,1.3446400000000007
ImageNet16-120,eyeriss_latency,ga_only,46.849998474121094,1.3446400000000007
ImageNet16-120,eyeriss_latency,ga_only,46.849998474121094,1.3446400000000007
ImageNet16-120,eyeriss_latency,ga_only,46.849998474121094,1.3446400000000007
ImageNet16-120,eyeriss_latency,ga_only,46.849998474121094,1.3446400000000007
ImageNet16-120,eyeriss_latency,ga_only,46.849998474121094,1.3446400000000007
ImageNet16-120,eyeriss_latency,ga_only,46.849998474121094,1.3446400000000007
ImageNet16-120,eyeriss_latency,ga_only,46.849998474121094,1.3446400000000007
ImageNet16-120,eyeriss_latency,ga_only,46.849998474121094,1.3446400000000007
ImageNet16-120,eyeriss_latency,ga_only,46.849998474121094,1.3446400000000007
ImageNet16-120,eyeriss_latency,ga_only,46.849998474121094,1.3446400000000007
ImageNet16-120,eyeriss_latency,ga_only,46.849998474121094,1.3446400000000007
ImageNet16-120,eyeriss_latency,ga_only,46.849998474121094,1.3446400000000007
ImageNet16-120,eyeriss_latency,ga_only,46.849998474121094,1.3446400000000007
ImageNet16-120,eyeriss_latency,ga_only,46.849998474121094,1.3446400000000007
ImageNet16-120,eyeriss_latency,ga_only,46.849998474121094,1.3446400000000007
ImageNet16-120,eyeriss_latency,ga_only,46.849998474121094,1.3446400000000007
ImageNet16-120,eyeriss_latency,ga_only,46.849998474121094,1.3446400000000007
ImageNet16-120,eyeriss_latency,ga_only,46.849998474121094,1.3446400000000007
ImageNet16-120,eyeriss_latency,ga_only,46.849998474121094,1.3446400000000007
ImageNet16-120,eyeriss_latency,ga_only,46.849998474121094,1.3446400000000007
ImageNet16-120,eyeriss_latency,ga_only,46.849998474121094,1.3446400000000007
ImageNet16-120,eyeriss_latency,ga_only,46.849998474121094,1.3446400000000007
ImageNet16-120,eyeriss_latency,ga_only,46.849998474121094,1.3446400000000007
ImageNet16-120,eyeriss_latency,ga_only,46.849998474121094,1.3446400000000007
ImageNet16-120,eyeriss_latency,ga_only,46.849998474121094,1.3446400000000007
ImageNet16-120,eyeriss_latency,ga_only,46.849998474121094,1.3446400000000007
ImageNet16-120,eyeriss_latency,ga_only,46.849998474121094,1.3446400000000007
ImageNet16-120,eyeriss_latency,ga_only,46.849998474121094,1.3446400000000007
ImageNet16-120,eyeriss_latency,ga_only,46.849998474121094,1.3446400000000007
ImageNet16-120,eyeriss_latency,ga_only,46.849998474121094,1.3446400000000007
ImageNet16-120,eyeriss_latency,ga_only,46.849998474121094,1.3446400000000007
ImageNet16-120,eyeriss_latency,ga_only,46.849998474121094,1.3446400000000007
ImageNet16-120,eyeriss_latency,ga_only,46.849998474121094,1.3446400000000007
ImageNet16-120,eyeriss_latency,ga_only,46.849998474121094,1.3446400000000007
ImageNet16-120,eyeriss_latency,ga_only,46.849998474121094,1.3446400000000007
ImageNet16-120,eyeriss_latency,ga_only,46.849998474121094,1.3446400000000007
ImageNet16-120,eyeriss_latency,ga_only,46.849998474121094,1.3446400000000007
ImageNet16-120,eyeriss_latency,ga_only,46.849998474121094,1.3446400000000007
ImageNet16-120,eyeriss_latency,ga_only,46.849998474121094,1.3446400000000007
ImageNet16-120,eyeriss_latency,ga_only,46.849998474121094,1.3446400000000007
ImageNet16-120,eyeriss_latency,ga_only,46.849998474121094,1.3446400000000007
ImageNet16-120,eyeriss_latency,ga_only,46.849998474121094,1.3446400000000007
ImageNet16-120,eyeriss_latency,ga_only,46.849998474121094,1.3446400000000007
ImageNet16-120,eyeriss_latency,ga_only,46.849998474121094,1.3446400000000007
ImageNet16-120,eyeriss_latency,ga_only,46.849998474121094,1.3446400000000007
ImageNet16-120,eyeriss_latency,ga_only,46.849998474121094,1.3446400000000007
ImageNet16-120,eyeriss_latency,ga_only,46.849998474121094,1.3446400000000007
ImageNet16-120,eyeriss_latency,ga_only,46.849998474121094,1.3446400000000007
ImageNet16-120,eyeriss_latency,ga_only,46.849998474121094,1.3446400000000007
ImageNet16-120,eyeriss_latency,ga_only,46.849998474121094,1.3446400000000007
ImageNet16-120,eyeriss_latency,ga_only,46.849998474121094,1.3446400000000007
ImageNet16-120,eyeriss_latency,ga_only,46.849998474121094,1.3446400000000007
ImageNet16-120,eyeriss_latency,ga_only,46.849998474121094,1.3446400000000007
ImageNet16-120,eyeriss_latency,ga_only,46.849998474121094,1.3446400000000007
ImageNet16-120,eyeriss_latency,ga_only,46.849998474121094,1.3446400000000007
ImageNet16-120,eyeriss_latency,ga_only,46.849998474121094,1.3446400000000007
ImageNet16-120,eyeriss_latency,ga_only,46.849998474121094,1.3446400000000007
ImageNet16-120,eyeriss_latency,ga_only,46.849998474121094,1.3446400000000007
ImageNet16-120,eyeriss_latency,ga_only,46.849998474121094,1.3446400000000007
ImageNet16-120,eyeriss_latency,ga_only,46.849998474121094,1.3446400000000007
ImageNet16-120,eyeriss_latency,ga_only,46.849998474121094,1.3446400000000007
ImageNet16-120,eyeriss_latency,ga_only,46.849998474121094,1.3446400000000007
ImageNet16-120,eyeriss_latency,ga_only,46.849998474121094,1.3446400000000007
ImageNet16-120,eyeriss_latency,ga_only,46.849998474121094,1.3446400000000007
ImageNet16-120,eyeriss_latency,ga_only,46.849998474121094,1.3446400000000007
ImageNet16-120,eyeriss_latency,ga_only,46.849998474121094,1.3446400000000007
ImageNet16-120,eyeriss_latency,ga_only,46.849998474121094,1.3446400000000007
ImageNet16-120,eyeriss_latency,ga_only,46.849998474121094,1.3446400000000007
ImageNet16-120,eyeriss_latency,ga_only,46.849998474121094,1.3446400000000007
ImageNet16-120,eyeriss_latency,ga_only,46.849998474121094,1.3446400000000007
ImageNet16-120,eyeriss_latency,ga_only,46.849998474121094,1.3446400000000007
ImageNet16-120,eyeriss_latency,ga_only,46.849998474121094,1.3446400000000007
ImageNet16-120,eyeriss_latency,ga_only,46.849998474121094,1.3446400000000007
ImageNet16-120,eyeriss_latency,ga_only,46.849998474121094,1.3446400000000007
ImageNet16-120,eyeriss_latency,ga_only,46.849998474121094,1.3446400000000007
ImageNet16-120,eyeriss_latency,ga_only,46.849998474121094,1.3446400000000007
ImageNet16-120,eyeriss_latency,ga_only,46.849998474121094,1.3446400000000007
ImageNet16-120,eyeriss_latency,ga_only,46.849998474121094,1.3446400000000007
ImageNet16-120,eyeriss_latency,ga_only,46.849998474121094,1.3446400000000007
ImageNet16-120,eyeriss_latency,ga_only,46.849998474121094,1.3446400000000007
ImageNet16-120,eyeriss_latency,ga_only,46.849998474121094,1.3446400000000007
ImageNet16-120,eyeriss_latency,ga_only,46.849998474121094,1.3446400000000007
ImageNet16-120,eyeriss_latency,ga_only,46.849998474121094,1.3446400000000007
ImageNet16-120,eyeriss_latency,ga_only,46.849998474121094,1.3446400000000007
ImageNet16-120,eyeriss_latency,ga_only,46.849998474121094,1.3446400000000007
ImageNet16-120,eyeriss_latency,ga_only,46.849998474121094,1.3446400000000007
ImageNet16-120,eyeriss_latency,ga_only,46.849998474121094,1.3446400000000007
ImageNet16-120,eyeriss_latency,ga_only,46.849998474121094,1.3446400000000007
ImageNet16-120,eyeriss_latency,ga_only,46.849998474121094,1.3446400000000007
ImageNet16-120,eyeriss_latency,ga_only,46.849998474121094,1.3446400000000007
ImageNet16-120,eyeriss_latency,ga_only,46.849998474121094,1.3446400000000007
ImageNet16-120,eyeriss_latency,ga_only,46.849998474121094,1.3446400000000007
ImageNet16-120,eyeriss_latency,ga_only,46.849998474121094,1.3446400000000007
ImageNet16-120,eyeriss_latency,ga_only,46.849998474121094,1.3446400000000007
ImageNet16-120,eyeriss_latency,ga_only,46.849998474121094,1.3446400000000007
ImageNet16-120,eyeriss_latency,ga_only,46.849998474121094,1.3446400000000007
ImageNet16-120,eyeriss_latency,ga_only,46.849998474121094,1.3446400000000007
ImageNet16-120,eyeriss_latency,ga_only,46.849998474121094,1.3446400000000007
ImageNet16-120,eyeriss_latency,ga_only,46.849998474121094,1.3446400000000007
ImageNet16-120,eyeriss_latency,ga_only,46.849998474121094,1.3446400000000007
ImageNet16-120,eyeriss_latency,ga_only,46.849998474121094,1.3446400000000007
ImageNet16-120,eyeriss_latency,ga_only,46.849998474121094,1.3446400000000007
ImageNet16-120,eyeriss_latency,ga_only,46.849998474121094,1.3446400000000007
ImageNet16-120,eyeriss_latency,ga_only,46.849998474121094,1.3446400000000007
ImageNet16-120,eyeriss_latency,ga_only,46.849998474121094,1.3446400000000007
ImageNet16-120,eyeriss_latency,ga_only,46.849998474121094,1.3446400000000007
ImageNet16-120,eyeriss_latency,ga_only,46.849998474121094,1.3446400000000007
ImageNet16-120,eyeriss_latency,ga_only,46.849998474121094,1.3446400000000007
ImageNet16-120,eyeriss_latency,ga_only,46.849998474121094,1.3446400000000007
ImageNet16-120,eyeriss_latency,ga_only,46.849998474121094,1.3446400000000007
ImageNet16-120,eyeriss_latency,ga_only,46.849998474121094,1.3446400000000007
ImageNet16-120,eyeriss_latency,ga_only,46.849998474121094,1.3446400000000007
ImageNet16-120,eyeriss_latency,ga_only,46.849998474121094,1.3446400000000007
ImageNet16-120,eyeriss_latency,ga_only,46.849998474121094,1.3446400000000007
ImageNet16-120,eyeriss_latency,ga_only,46.849998474121094,1.3446400000000007
ImageNet16-120,eyeriss_latency,ga_only,46.849998474121094,1.3446400000000007
ImageNet16-120,eyeriss_latency,ga_only,46.849998474121094,1.3446400000000007
ImageNet16-120,eyeriss_latency,ga_only,46.849998474121094,1.3446400000000007
ImageNet16-120,eyeriss_latency,ga_only,46.849998474121094,1.3446400000000007
ImageNet16-120,eyeriss_latency,ga_only,46.849998474121094,1.3446400000000007
ImageNet16-120,eyeriss_latency,ga_only,46.849998474121094,1.3446400000000007
ImageNet16-120,eyeriss_latency,ga_only,46.849998474121094,1.3446400000000007
ImageNet16-120,eyeriss_latency,ga_only,46.849998474121094,1.3446400000000007
ImageNet16-120,eyeriss_latency,ga_only,46.849998474121094,1.3446400000000007
ImageNet16-120,eyeriss_latency,ga_only,46.849998474121094,1.3446400000000007
ImageNet16-120,eyeriss_latency,ga_only,46.849998474121094,1.3446400000000007
ImageNet16-120,eyeriss_latency,ga_only,46.849998474121094,1.3446400000000007
ImageNet16-120,eyeriss_latency,ga_only,46.849998474121094,1.3446400000000007
ImageNet16-120,eyeriss_latency,ga_only,46.849998474121094,1.3446400000000007
ImageNet16-120,eyeriss_latency,ga_only,46.849998474121094,1.3446400000000007
ImageNet16-120,eyeriss_latency,ga_only,46.849998474121094,1.3446400000000007
ImageNet16-120,eyeriss_latency,ga_only,46.849998474121094,1.3446400000000007
ImageNet16-120,eyeriss_latency,ga_only,46.849998474121094,1.3446400000000007
ImageNet16-120,eyeriss_latency,ga_only,46.849998474121094,1.3446400000000007
ImageNet16-120,eyeriss_latency,ga_only,46.849998474121094,1.3446400000000007
ImageNet16-120,eyeriss_latency,ga_only,46.849998474121094,1.3446400000000007
ImageNet16-120,eyeriss_latency,ga_only,46.849998474121094,1.3446400000000007
ImageNet16-120,eyeriss_latency,ga_only,46.849998474121094,1.3446400000000007
ImageNet16-120,eyeriss_latency,ga_only,46.849998474121094,1.3446400000000007
ImageNet16-120,eyeriss_latency,ga_only,46.849998474121094,1.3446400000000007
ImageNet16-120,eyeriss_latency,ga_only,46.849998474121094,1.3446400000000007
ImageNet16-120,eyeriss_latency,ga_only,46.849998474121094,1.3446400000000007
ImageNet16-120,eyeriss_latency,ga_only,46.849998474121094,1.3446400000000007
ImageNet16-120,eyeriss_latency,ga_only,46.849998474121094,1.3446400000000007
ImageNet16-120,eyeriss_latency,ga_only,46.849998474121094,1.3446400000000007
ImageNet16-120,eyeriss_latency,ga_only,46.849998474121094,1.3446400000000007
ImageNet16-120,eyeriss_latency,ga_only,46.849998474121094,1.3446400000000007
ImageNet16-120,eyeriss_latency,ga_only,46.849998474121094,1.3446400000000007
ImageNet16-120,eyeriss_latency,ga_only,46.849998474121094,1.3446400000000007
ImageNet16-120,eyeriss_latency,ga_only,46.849998474121094,1.3446400000000007
ImageNet16-120,eyeriss_latency,ga_only,46.849998474121094,1.3446400000000007
ImageNet16-120,eyeriss_latency,ga_only,46.849998474121094,1.3446400000000007
ImageNet16-120,eyeriss_latency,ga_only,46.849998474121094,1.3446400000000007
ImageNet16-120,eyeriss_latency,ga_only,46.849998474121094,1.3446400000000007
ImageNet16-120,eyeriss_latency,ga_only,46.849998474121094,1.3446400000000007
ImageNet16-120,eyeriss_latency,ga_only,46.849998474121094,1.3446400000000007
ImageNet16-120,eyeriss_latency,ga_only,46.849998474121094,1.3446400000000007
ImageNet16-120,eyeriss_latency,ga_only,46.849998474121094,1.3446400000000007
ImageNet16-120,eyeriss_latency,ga_only,46.849998474121094,1.3446400000000007
ImageNet16-120,eyeriss_latency,ga_only,46.849998474121094,1.3446400000000007
ImageNet16-120,eyeriss_latency,ga_only,46.849998474121094,1.3446400000000007
ImageNet16-120,eyeriss_latency,ga_only,46.849998474121094,1.3446400000000007
ImageNet16-120,eyeriss_latency,ga_only,46.849998474121094,1.3446400000000007
ImageNet16-120,eyeriss_latency,ga_only,46.849998474121094,1.3446400000000007
ImageNet16-120,eyeriss_latency,ga_only,46.849998474121094,1.3446400000000007
ImageNet16-120,eyeriss_latency,ga_only,46.849998474121094,1.3446400000000007
ImageNet16-120,eyeriss_latency,ga_only,46.849998474121094,1.3446400000000007
ImageNet16-120,eyeriss_latency,ga_only,46.849998474121094,1.3446400000000007
ImageNet16-120,eyeriss_latency,ga_only,46.849998474121094,1.3446400000000007
ImageNet16-120,eyeriss_latency,ga_only,46.849998474121094,1.3446400000000007
ImageNet16-120,eyeriss_latency,ga_only,46.849998474121094,1.3446400000000007
ImageNet16-120,eyeriss_latency,ga_only,46.849998474121094,1.3446400000000007
ImageNet16-120,eyeriss_latency,ga_only,46.849998474121094,1.3446400000000007
ImageNet16-120,eyeriss_latency,ga_only,46.849998474121094,1.3446400000000007
ImageNet16-120,eyeriss_latency,ga_only,46.849998474121094,1.3446400000000007
ImageNet16-120,eyeriss_latency,ga_only,46.849998474121094,1.3446400000000007
ImageNet16-120,eyeriss_latency,ga_only,46.849998474121094,1.3446400000000007
ImageNet16-120,eyeriss_latency,ga_only,46.849998474121094,1.3446400000000007
ImageNet16-120,eyeriss_latency,ga_only,46.849998474121094,1.3446400000000007
ImageNet16-120,eyeriss_latency,ga_only,46.849998474121094,1.3446400000000007
ImageNet16-120,eyeriss_latency,ga_only,46.849998474121094,1.3446400000000007
ImageNet16-120,eyeriss_latency,ga_only,46.849998474121094,1.3446400000000007
ImageNet16-120,eyeriss_latency,ga_only,46.849998474121094,1.3446400000000007
ImageNet16-120,eyeriss_latency,ga_only,46.849998474121094,1.3446400000000007
ImageNet16-120,eyeriss_latency,ga_only,46.849998474121094,1.3446400000000007
ImageNet16-120,eyeriss_latency,ga_only,46.849998474121094,1.3446400000000007
ImageNet16-120,eyeriss_latency,ga_only,46.849998474121094,1.3446400000000007
ImageNet16-120,eyeriss_latency,ga_only,46.849998474121094,1.3446400000000007
ImageNet16-120,eyeriss_latency,ga_only,46.849998474121094,1.3446400000000007
ImageNet16-120,eyeriss_latency,ga_only,46.849998474121094,1.3446400000000007
ImageNet16-120,eyeriss_latency,ga_only,46.849998474121094,1.3446400000000007
ImageNet16-120,eyeriss_latency,ga_only,46.849998474121094,1.3446400000000007
ImageNet16-120,eyeriss_latency,ga_only,46.849998474121094,1.3446400000000007
ImageNet16-120,eyeriss_latency,ga_only,46.849998474121094,1.3446400000000007
ImageNet16-120,eyeriss_latency,ga_only,46.849998474121094,1.3446400000000007
ImageNet16-120,eyeriss_latency,ga_only,46.849998474121094,1.3446400000000007
ImageNet16-120,eyeriss_latency,ga_only,46.849998474121094,1.3446400000000007
ImageNet16-120,eyeriss_latency,ga_only,46.849998474121094,1.3446400000000007
ImageNet16-120,eyeriss_latency,ga_only,46.849998474121094,1.3446400000000007
ImageNet16-120,eyeriss_latency,ga_only,46.849998474121094,1.3446400000000007
ImageNet16-120,eyeriss_latency,ga_only,46.849998474121094,1.3446400000000007
ImageNet16-120,eyeriss_latency,ga_only,46.849998474121094,1.3446400000000007
ImageNet16-120,eyeriss_latency,ga_only,46.849998474121094,1.3446400000000007
ImageNet16-120,eyeriss_latency,ga_only,46.849998474121094,1.3446400000000007
ImageNet16-120,eyeriss_latency,ga_only,46.849998474121094,1.3446400000000007
ImageNet16-120,eyeriss_latency,ga_only,46.849998474121094,1.3446400000000007
ImageNet16-120,eyeriss_latency,ga_only,46.849998474121094,1.3446400000000007
ImageNet16-120,eyeriss_latency,ga_only,46.849998474121094,1.3446400000000007
ImageNet16-120,eyeriss_latency,ga_only,46.849998474121094,1.3446400000000007
ImageNet16-120,eyeriss_latency,ga_only,46.849998474121094,1.3446400000000007
ImageNet16-120,eyeriss_latency,ga_only,46.849998474121094,1.3446400000000007
ImageNet16-120,eyeriss_latency,ga_only,46.849998474121094,1.3446400000000007
ImageNet16-120,eyeriss_latency,ga_only,46.849998474121094,1.3446400000000007
ImageNet16-120,eyeriss_latency,ga_only,46.849998474121094,1.3446400000000007
ImageNet16-120,eyeriss_latency,ga_only,46.849998474121094,1.3446400000000007
ImageNet16-120,eyeriss_latency,ga_only,46.849998474121094,1.3446400000000007
ImageNet16-120,eyeriss_latency,ga_only,46.849998474121094,1.3446400000000007
ImageNet16-120,eyeriss_latency,ga_only,46.849998474121094,1.3446400000000007
ImageNet16-120,eyeriss_latency,ga_only,46.849998474121094,1.3446400000000007
ImageNet16-120,eyeriss_latency,ga_only,46.849998474121094,1.3446400000000007
ImageNet16-120,eyeriss_latency,ga_only,46.849998474121094,1.3446400000000007
ImageNet16-120,eyeriss_latency,ga_only,46.849998474121094,1.3446400000000007
ImageNet16-120,eyeriss_latency,ga_only,46.849998474121094,1.3446400000000007
ImageNet16-120,eyeriss_latency,ga_only,46.849998474121094,1.3446400000000007
ImageNet16-120,eyeriss_latency,ga_only,46.849998474121094,1.3446400000000007
ImageNet16-120,eyeriss_latency,ga_only,46.849998474121094,1.3446400000000007
ImageNet16-120,eyeriss_latency,ga_only,46.849998474121094,1.3446400000000007
ImageNet16-120,eyeriss_latency,ga_only,46.849998474121094,1.3446400000000007
ImageNet16-120,eyeriss_latency,ga_only,46.849998474121094,1.3446400000000007
ImageNet16-120,eyeriss_latency,ga_only,46.849998474121094,1.3446400000000007
ImageNet16-120,eyeriss_latency,ga_only,46.849998474121094,1.3446400000000007
ImageNet16-120,eyeriss_latency,ga_only,46.849998474121094,1.3446400000000007
ImageNet16-120,eyeriss_latency,ga_only,46.849998474121094,1.3446400000000007
ImageNet16-120,eyeriss_latency,ga_only,46.849998474121094,1.3446400000000007
ImageNet16-120,eyeriss_latency,ga_only,46.849998474121094,1.3446400000000007
ImageNet16-120,eyeriss_latency,ga_only,46.849998474121094,1.3446400000000007
ImageNet16-120,eyeriss_latency,ga_only,46.849998474121094,1.3446400000000007
ImageNet16-120,eyeriss_latency,ga_only,46.849998474121094,1.3446400000000007
ImageNet16-120,eyeriss_latency,ga_only,46.849998474121094,1.3446400000000007
ImageNet16-120,eyeriss_latency,ga_only,46.849998474121094,1.3446400000000007
ImageNet16-120,eyeriss_latency,ga_only,46.849998474121094,1.3446400000000007
ImageNet16-120,eyeriss_latency,ga_only,46.849998474121094,1.3446400000000007
ImageNet16-120,eyeriss_latency,ga_only,46.849998474121094,1.3446400000000007
ImageNet16-120,eyeriss_latency,ga_only,46.849998474121094,1.3446400000000007
ImageNet16-120,eyeriss_latency,ga_only,46.849998474121094,1.3446400000000007
ImageNet16-120,eyeriss_latency,ga_only,46.849998474121094,1.3446400000000007
ImageNet16-120,eyeriss_latency,ga_only,46.849998474121094,1.3446400000000007
ImageNet16-120,eyeriss_latency,ga_only,46.849998474121094,1.3446400000000007
ImageNet16-120,eyeriss_latency,ga_only,46.849998474121094,1.3446400000000007
ImageNet16-120,eyeriss_latency,ga_only,46.849998474121094,1.3446400000000007
ImageNet16-120,eyeriss_latency,ga_only,46.849998474121094,1.3446400000000007
ImageNet16-120,eyeriss_latency,ga_only,46.849998474121094,1.3446400000000007
ImageNet16-120,eyeriss_latency,ga_only,46.849998474121094,1.3446400000000007
ImageNet16-120,eyeriss_latency,ga_only,46.849998474121094,1.3446400000000007
ImageNet16-120,eyeriss_latency,ga_only,46.849998474121094,1.3446400000000007
ImageNet16-120,eyeriss_latency,ga_only,46.849998474121094,1.3446400000000007
ImageNet16-120,eyeriss_latency,ga_only,46.849998474121094,1.3446400000000007
ImageNet16-120,eyeriss_latency,ga_only,46.849998474121094,1.3446400000000007
ImageNet16-120,eyeriss_latency,ga_only,46.849998474121094,1.3446400000000007
ImageNet16-120,eyeriss_latency,ga_only,46.849998474121094,1.3446400000000007
ImageNet16-120,eyeriss_latency,ga_only,46.849998474121094,1.3446400000000007
ImageNet16-120,eyeriss_latency,ga_only,46.849998474121094,1.3446400000000007
ImageNet16-120,eyeriss_latency,ga_only,46.849998474121094,1.3446400000000007
ImageNet16-120,eyeriss_latency,ga_only,46.849998474121094,1.3446400000000007
ImageNet16-120,eyeriss_latency,ga_only,46.849998474121094,1.3446400000000007
ImageNet16-120,eyeriss_latency,ga_only,46.849998474121094,1.3446400000000007
ImageNet16-120,eyeriss_latency,ga_only,46.849998474121094,1.3446400000000007
ImageNet16-120,eyeriss_latency,ga_only,46.849998474121094,1.3446400000000007
ImageNet16-120,eyeriss_latency,ga_only,46.849998474121094,1.3446400000000007
ImageNet16-120,eyeriss_latency,ga_only,46.849998474121094,1.3446400000000007
ImageNet16-120,eyeriss_latency,ga_only,46.849998474121094,1.3446400000000007
ImageNet16-120,eyeriss_latency,ga_only,46.849998474121094,1.3446400000000007
ImageNet16-120,eyeriss_latency,ga_only,46.849998474121094,1.3446400000000007
ImageNet16-120,eyeriss_latency,ga_only,46.849998474121094,1.3446400000000007
ImageNet16-120,eyeriss_latency,ga_only,46.849998474121094,1.3446400000000007
ImageNet16-120,eyeriss_latency,ga_only,46.849998474121094,1.3446400000000007
ImageNet16-120,eyeriss_latency,ga_only,46.849998474121094,1.3446400000000007
ImageNet16-120,eyeriss_latency,ga_only,46.849998474121094,1.3446400000000007
ImageNet16-120,eyeriss_latency,ga_only,46.849998474121094,1.3446400000000007
ImageNet16-120,eyeriss_latency,ga_only,46.849998474121094,1.3446400000000007
ImageNet16-120,eyeriss_latency,ga_only,46.849998474121094,1.3446400000000007
ImageNet16-120,eyeriss_latency,ga_only,46.849998474121094,1.3446400000000007
ImageNet16-120,eyeriss_latency,ga_only,46.849998474121094,1.3446400000000007
ImageNet16-120,eyeriss_latency,ga_only,46.849998474121094,1.3446400000000007
ImageNet16-120,eyeriss_latency,ga_only,46.849998474121094,1.3446400000000007
ImageNet16-120,eyeriss_latency,ga_only,46.849998474121094,1.3446400000000007
ImageNet16-120,eyeriss_latency,ga_only,46.849998474121094,1.3446400000000007
ImageNet16-120,eyeriss_latency,ga_only,46.849998474121094,1.3446400000000007
ImageNet16-120,eyeriss_latency,ga_only,46.849998474121094,1.3446400000000007
ImageNet16-120,eyeriss_latency,ga_only,46.849998474121094,1.3446400000000007
ImageNet16-120,eyeriss_latency,ga_only,46.849998474121094,1.3446400000000007
ImageNet16-120,eyeriss_latency,ga_only,46.849998474121094,1.3446400000000007
ImageNet16-120,eyeriss_latency,ga_only,46.849998474121094,1.3446400000000007
ImageNet16-120,eyeriss_latency,ga_only,46.849998474121094,1.3446400000000007
ImageNet16-120,eyeriss_latency,ga_only,46.849998474121094,1.3446400000000007
ImageNet16-120,eyeriss_latency,ga_only,46.849998474121094,1.3446400000000007
ImageNet16-120,eyeriss_latency,ga_only,46.849998474121094,1.3446400000000007
ImageNet16-120,eyeriss_latency,ga_only,46.849998474121094,1.3446400000000007
ImageNet16-120,eyeriss_latency,ga_only,46.849998474121094,1.3446400000000007
ImageNet16-120,eyeriss_latency,ga_only,46.849998474121094,1.3446400000000007
ImageNet16-120,eyeriss_latency,ga_only,46.849998474121094,1.3446400000000007
ImageNet16-120,eyeriss_latency,ga_only,46.849998474121094,1.3446400000000007
ImageNet16-120,eyeriss_latency,ga_only,46.849998474121094,1.3446400000000007
ImageNet16-120,eyeriss_latency,ga_only,46.849998474121094,1.3446400000000007
ImageNet16-120,eyeriss_latency,ga_only,46.849998474121094,1.3446400000000007
ImageNet16-120,eyeriss_latency,ga_only,46.849998474121094,1.3446400000000007
ImageNet16-120,eyeriss_latency,ga_only,46.849998474121094,1.3446400000000007
ImageNet16-120,eyeriss_latency,ga_only,46.849998474121094,1.3446400000000007
ImageNet16-120,eyeriss_latency,ga_only,46.849998474121094,1.3446400000000007
ImageNet16-120,eyeriss_latency,ga_only,46.849998474121094,1.3446400000000007
ImageNet16-120,eyeriss_latency,ga_only,46.849998474121094,1.3446400000000007
ImageNet16-120,eyeriss_latency,ga_only,46.849998474121094,1.3446400000000007
ImageNet16-120,eyeriss_latency,ga_only,46.849998474121094,1.3446400000000007
ImageNet16-120,eyeriss_latency,ga_only,46.849998474121094,1.3446400000000007
ImageNet16-120,eyeriss_latency,ga_only,46.849998474121094,1.3446400000000007
ImageNet16-120,eyeriss_latency,ga_only,46.849998474121094,1.3446400000000007
ImageNet16-120,eyeriss_latency,ga_only,46.849998474121094,1.3446400000000007
ImageNet16-120,eyeriss_latency,ga_only,46.849998474121094,1.3446400000000007
ImageNet16-120,eyeriss_latency,ga_only,46.849998474121094,1.3446400000000007
ImageNet16-120,eyeriss_latency,ga_only,46.849998474121094,1.3446400000000007
ImageNet16-120,eyeriss_latency,ga_only,46.849998474121094,1.3446400000000007
ImageNet16-120,eyeriss_latency,ga_only,46.849998474121094,1.3446400000000007
ImageNet16-120,eyeriss_latency,ga_only,46.849998474121094,1.3446400000000007
ImageNet16-120,eyeriss_latency,ga_only,46.849998474121094,1.3446400000000007
ImageNet16-120,eyeriss_latency,ga_only,46.849998474121094,1.3446400000000007
ImageNet16-120,eyeriss_latency,ga_only,46.849998474121094,1.3446400000000007
ImageNet16-120,eyeriss_latency,ga_only,46.849998474121094,1.3446400000000007
ImageNet16-120,eyeriss_latency,ga_only,46.849998474121094,1.3446400000000007
ImageNet16-120,eyeriss_latency,ga_only,46.849998474121094,1.3446400000000007
ImageNet16-120,eyeriss_latency,ga_only,46.849998474121094,1.3446400000000007
ImageNet16-120,eyeriss_latency,ga_only,46.849998474121094,1.3446400000000007
ImageNet16-120,eyeriss_latency,ga_only,46.849998474121094,1.3446400000000007
ImageNet16-120,eyeriss_latency,ga_only,46.849998474121094,1.3446400000000007
ImageNet16-120,eyeriss_latency,ga_only,46.849998474121094,1.3446400000000007
ImageNet16-120,eyeriss_latency,ga_only,46.849998474121094,1.3446400000000007
ImageNet16-120,eyeriss_latency,ga_only,46.849998474121094,1.3446400000000007
ImageNet16-120,eyeriss_latency,ga_only,46.849998474121094,1.3446400000000007
ImageNet16-120,eyeriss_latency,ga_only,46.849998474121094,1.3446400000000007
ImageNet16-120,eyeriss_latency,ga_only,46.849998474121094,1.3446400000000007
ImageNet16-120,eyeriss_latency,ga_only,46.849998474121094,1.3446400000000007
ImageNet16-120,eyeriss_latency,ga_only,46.849998474121094,1.3446400000000007
ImageNet16-120,eyeriss_latency,ga_only,46.849998474121094,1.3446400000000007
ImageNet16-120,eyeriss_latency,ga_only,46.849998474121094,1.3446400000000007
ImageNet16-120,eyeriss_latency,ga_only,46.849998474121094,1.3446400000000007
ImageNet16-120,eyeriss_latency,ga_only,46.849998474121094,1.3446400000000007
ImageNet16-120,eyeriss_latency,ga_only,46.849998474121094,1.3446400000000007
ImageNet16-120,eyeriss_latency,ga_only,46.849998474121094,1.3446400000000007
ImageNet16-120,eyeriss_latency,ga_only,46.849998474121094,1.3446400000000007
ImageNet16-120,eyeriss_latency,ga_only,46.849998474121094,1.3446400000000007
ImageNet16-120,eyeriss_latency,ga_only,46.849998474121094,1.3446400000000007
ImageNet16-120,eyeriss_latency,ga_only,46.849998474121094,1.3446400000000007
ImageNet16-120,eyeriss_latency,ga_only,46.849998474121094,1.3446400000000007
ImageNet16-120,eyeriss_latency,ga_only,46.849998474121094,1.3446400000000007
ImageNet16-120,eyeriss_latency,ga_only,46.849998474121094,1.3446400000000007
ImageNet16-120,eyeriss_latency,ga_only,46.849998474121094,1.3446400000000007
ImageNet16-120,eyeriss_latency,ga_only,46.849998474121094,1.3446400000000007
ImageNet16-120,eyeriss_latency,ga_only,46.849998474121094,1.3446400000000007
ImageNet16-120,eyeriss_latency,ga_only,46.849998474121094,1.3446400000000007
ImageNet16-120,eyeriss_latency,ga_only,46.849998474121094,1.3446400000000007
ImageNet16-120,eyeriss_latency,ga_only,46.849998474121094,1.3446400000000007
ImageNet16-120,eyeriss_latency,ga_only,46.849998474121094,1.3446400000000007
ImageNet16-120,eyeriss_latency,ga_only,46.849998474121094,1.3446400000000007
ImageNet16-120,eyeriss_latency,ga_only,46.849998474121094,1.3446400000000007
ImageNet16-120,eyeriss_latency,ga_only,46.849998474121094,1.3446400000000007
ImageNet16-120,eyeriss_latency,ga_only,46.849998474121094,1.3446400000000007
ImageNet16-120,eyeriss_latency,ga_only,46.849998474121094,1.3446400000000007
ImageNet16-120,eyeriss_latency,ga_only,46.849998474121094,1.3446400000000007
ImageNet16-120,eyeriss_latency,ga_only,46.849998474121094,1.3446400000000007
ImageNet16-120,eyeriss_latency,ga_only,46.849998474121094,1.3446400000000007
ImageNet16-120,eyeriss_latency,ga_only,46.849998474121094,1.3446400000000007
ImageNet16-120,eyeriss_latency,ga_only,46.849998474121094,1.3446400000000007
ImageNet16-120,eyeriss_latency,ga_only,46.849998474121094,1.3446400000000007
ImageNet16-120,eyeriss_latency,ga_only,46.849998474121094,1.3446400000000007
ImageNet16-120,eyeriss_latency,ga_only,46.849998474121094,1.3446400000000007
ImageNet16-120,eyeriss_latency,ga_only,46.849998474121094,1.3446400000000007
ImageNet16-120,eyeriss_latency,ga_only,46.849998474121094,1.3446400000000007
ImageNet16-120,eyeriss_latency,ga_only,46.849998474121094,1.3446400000000007
ImageNet16-120,eyeriss_latency,ga_only,46.849998474121094,1.3446400000000007
ImageNet16-120,eyeriss_latency,ga_only,46.849998474121094,1.3446400000000007
ImageNet16-120,eyeriss_latency,ga_only,46.849998474121094,1.3446400000000007
ImageNet16-120,eyeriss_latency,ga_only,46.849998474121094,1.3446400000000007
ImageNet16-120,eyeriss_latency,ga_only,46.849998474121094,1.3446400000000007
ImageNet16-120,eyeriss_latency,ga_only,46.849998474121094,1.3446400000000007
ImageNet16-120,eyeriss_latency,ga_only,46.849998474121094,1.3446400000000007
ImageNet16-120,eyeriss_latency,ga_only,46.849998474121094,1.3446400000000007
ImageNet16-120,eyeriss_latency,ga_only,46.849998474121094,1.3446400000000007
ImageNet16-120,eyeriss_latency,ga_only,46.849998474121094,1.3446400000000007
ImageNet16-120,eyeriss_latency,ga_only,46.849998474121094,1.3446400000000007
ImageNet16-120,eyeriss_latency,ga_only,46.849998474121094,1.3446400000000007
ImageNet16-120,eyeriss_latency,ga_only,46.849998474121094,1.3446400000000007
ImageNet16-120,eyeriss_latency,ga_only,46.849998474121094,1.3446400000000007
ImageNet16-120,eyeriss_latency,ga_only,46.849998474121094,1.3446400000000007
ImageNet16-120,eyeriss_latency,ga_only,46.849998474121094,1.3446400000000007
ImageNet16-120,eyeriss_latency,ga_only,46.849998474121094,1.3446400000000007
ImageNet16-120,eyeriss_latency,ga_only,46.849998474121094,1.3446400000000007
ImageNet16-120,eyeriss_latency,ga_only,46.849998474121094,1.3446400000000007
ImageNet16-120,eyeriss_latency,ga_only,46.849998474121094,1.3446400000000007
ImageNet16-120,eyeriss_latency,ga_only,46.849998474121094,1.3446400000000007
ImageNet16-120,eyeriss_latency,ga_only,46.849998474121094,1.3446400000000007
ImageNet16-120,eyeriss_latency,ga_only,46.849998474121094,1.3446400000000007
ImageNet16-120,eyeriss_latency,ga_only,46.849998474121094,1.3446400000000007
ImageNet16-120,eyeriss_latency,ga_only,46.849998474121094,1.3446400000000007
ImageNet16-120,eyeriss_latency,ga_only,46.849998474121094,1.3446400000000007
ImageNet16-120,eyeriss_latency,ga_only,46.849998474121094,1.3446400000000007
ImageNet16-120,eyeriss_latency,ga_only,46.849998474121094,1.3446400000000007
ImageNet16-120,eyeriss_latency,ga_only,46.849998474121094,1.3446400000000007
ImageNet16-120,eyeriss_latency,ga_only,46.849998474121094,1.3446400000000007
ImageNet16-120,eyeriss_latency,ga_only,46.849998474121094,1.3446400000000007
ImageNet16-120,eyeriss_latency,ga_only,46.849998474121094,1.3446400000000007
ImageNet16-120,eyeriss_latency,ga_only,46.849998474121094,1.3446400000000007
ImageNet16-120,eyeriss_latency,ga_only,46.849998474121094,1.3446400000000007
ImageNet16-120,eyeriss_latency,ga_only,46.849998474121094,1.3446400000000007
ImageNet16-120,eyeriss_latency,ga_only,46.849998474121094,1.3446400000000007
ImageNet16-120,eyeriss_latency,ga_only,46.849998474121094,1.3446400000000007
ImageNet16-120,eyeriss_latency,ga_only,46.849998474121094,1.3446400000000007
ImageNet16-120,eyeriss_latency,ga_only,46.849998474121094,1.3446400000000007
ImageNet16-120,eyeriss_latency,ga_only,46.849998474121094,1.3446400000000007
ImageNet16-120,eyeriss_latency,ga_only,46.849998474121094,1.3446400000000007
ImageNet16-120,eyeriss_latency,ga_only,46.849998474121094,1.3446400000000007
ImageNet16-120,eyeriss_latency,ga_only,46.849998474121094,1.3446400000000007
ImageNet16-120,eyeriss_latency,ga_only,46.849998474121094,1.3446400000000007
ImageNet16-120,eyeriss_latency,ga_only,46.849998474121094,1.3446400000000007
ImageNet16-120,eyeriss_latency,ga_only,46.849998474121094,1.3446400000000007
ImageNet16-120,eyeriss_latency,ga_only,46.849998474121094,1.3446400000000007
ImageNet16-120,eyeriss_latency,ga_only,46.849998474121094,1.3446400000000007
ImageNet16-120,eyeriss_latency,ga_only,46.849998474121094,1.3446400000000007
ImageNet16-120,eyeriss_latency,ga_only,46.849998474121094,1.3446400000000007
ImageNet16-120,eyeriss_latency,ga_only,46.849998474121094,1.3446400000000007
ImageNet16-120,eyeriss_latency,ga_only,46.849998474121094,1.3446400000000007
ImageNet16-120,eyeriss_latency,ga_only,46.849998474121094,1.3446400000000007
ImageNet16-120,eyeriss_latency,ga_only,46.849998474121094,1.3446400000000007
ImageNet16-120,eyeriss_latency,ga_only,46.849998474121094,1.3446400000000007
ImageNet16-120,eyeriss_latency,ga_only,46.849998474121094,1.3446400000000007
ImageNet16-120,eyeriss_latency,ga_only,46.849998474121094,1.3446400000000007
ImageNet16-120,eyeriss_latency,ga_only,46.849998474121094,1.3446400000000007
ImageNet16-120,eyeriss_latency,ga_only,46.849998474121094,1.3446400000000007
ImageNet16-120,eyeriss_latency,ga_only,46.849998474121094,1.3446400000000007
ImageNet16-120,eyeriss_latency,ga_only,46.849998474121094,1.3446400000000007
ImageNet16-120,eyeriss_latency,ga_only,46.849998474121094,1.3446400000000007
ImageNet16-120,eyeriss_latency,ga_only,46.849998474121094,1.3446400000000007
ImageNet16-120,eyeriss_latency,ga_only,46.849998474121094,1.3446400000000007
ImageNet16-120,eyeriss_latency,ga_only,46.849998474121094,1.3446400000000007
ImageNet16-120,eyeriss_latency,ga_only,46.849998474121094,1.3446400000000007
ImageNet16-120,eyeriss_latency,ga_only,46.849998474121094,1.3446400000000007
ImageNet16-120,eyeriss_latency,ga_only,46.849998474121094,1.3446400000000007
ImageNet16-120,eyeriss_latency,ga_only,46.849998474121094,1.3446400000000007
ImageNet16-120,eyeriss_latency,ga_only,46.849998474121094,1.3446400000000007
ImageNet16-120,eyeriss_latency,ga_only,46.849998474121094,1.3446400000000007
ImageNet16-120,eyeriss_latency,ga_only,46.849998474121094,1.3446400000000007
ImageNet16-120,eyeriss_latency,ga_only,46.849998474121094,1.3446400000000007
ImageNet16-120,eyeriss_latency,ga_only,46.849998474121094,1.3446400000000007
ImageNet16-120,eyeriss_latency,ga_only,46.849998474121094,1.3446400000000007
ImageNet16-120,eyeriss_latency,ga_only,46.849998474121094,1.3446400000000007
ImageNet16-120,eyeriss_latency,ga_only,46.849998474121094,1.3446400000000007
ImageNet16-120,eyeriss_latency,ga_only,46.849998474121094,1.3446400000000007
ImageNet16-120,eyeriss_latency,ga_only,46.849998474121094,1.3446400000000007
ImageNet16-120,eyeriss_latency,ga_only,46.849998474121094,1.3446400000000007
ImageNet16-120,eyeriss_latency,ga_only,46.849998474121094,1.3446400000000007
ImageNet16-120,eyeriss_latency,ga_only,46.849998474121094,1.3446400000000007
ImageNet16-120,eyeriss_latency,ga_only,46.849998474121094,1.3446400000000007
ImageNet16-120,eyeriss_latency,ga_only,46.849998474121094,1.3446400000000007
ImageNet16-120,eyeriss_latency,ga_only,46.849998474121094,1.3446400000000007
ImageNet16-120,eyeriss_latency,ga_only,46.849998474121094,1.3446400000000007
ImageNet16-120,eyeriss_latency,ga_only,46.849998474121094,1.3446400000000007
ImageNet16-120,eyeriss_latency,ga_only,46.849998474121094,1.3446400000000007
ImageNet16-120,eyeriss_latency,ga_only,46.849998474121094,1.3446400000000007
ImageNet16-120,eyeriss_latency,ga_only,46.849998474121094,1.3446400000000007
ImageNet16-120,eyeriss_latency,ga_only,46.849998474121094,1.3446400000000007
ImageNet16-120,eyeriss_latency,ga_only,46.849998474121094,1.3446400000000007
ImageNet16-120,eyeriss_latency,ga_only,46.849998474121094,1.3446400000000007
ImageNet16-120,eyeriss_latency,ga_only,46.849998474121094,1.3446400000000007
ImageNet16-120,eyeriss_latency,ga_only,46.849998474121094,1.3446400000000007
ImageNet16-120,eyeriss_latency,ga_only,46.849998474121094,1.3446400000000007
ImageNet16-120,eyeriss_latency,ga_only,46.849998474121094,1.3446400000000007
ImageNet16-120,eyeriss_latency,ga_only,46.849998474121094,1.3446400000000007
ImageNet16-120,eyeriss_latency,ga_only,46.849998474121094,1.3446400000000007
ImageNet16-120,eyeriss_latency,ga_only,46.849998474121094,1.3446400000000007
ImageNet16-120,eyeriss_latency,ga_only,46.849998474121094,1.3446400000000007
ImageNet16-120,eyeriss_latency,ga_only,46.849998474121094,1.3446400000000007
ImageNet16-120,eyeriss_latency,ga_only,46.849998474121094,1.3446400000000007
ImageNet16-120,eyeriss_latency,ga_only,46.849998474121094,1.3446400000000007
ImageNet16-120,eyeriss_latency,ga_only,46.849998474121094,1.3446400000000007
ImageNet16-120,eyeriss_latency,ga_only,46.849998474121094,1.3446400000000007
ImageNet16-120,eyeriss_latency,ga_only,46.849998474121094,1.3446400000000007
ImageNet16-120,eyeriss_latency,ga_only,46.849998474121094,1.3446400000000007
ImageNet16-120,eyeriss_latency,ga_only,46.849998474121094,1.3446400000000007
ImageNet16-120,eyeriss_latency,ga_only,46.849998474121094,1.3446400000000007
ImageNet16-120,eyeriss_latency,ga_only,46.849998474121094,1.3446400000000007
ImageNet16-120,eyeriss_latency,ga_only,46.849998474121094,1.3446400000000007
ImageNet16-120,eyeriss_latency,ga_only,46.849998474121094,1.3446400000000007
ImageNet16-120,eyeriss_latency,ga_only,46.849998474121094,1.3446400000000007
ImageNet16-120,eyeriss_latency,ga_only,46.849998474121094,1.3446400000000007
ImageNet16-120,eyeriss_latency,ga_only,46.849998474121094,1.3446400000000007
ImageNet16-120,eyeriss_latency,ga_only,46.849998474121094,1.3446400000000007
ImageNet16-120,eyeriss_latency,ga_only,46.849998474121094,1.3446400000000007
ImageNet16-120,eyeriss_latency,ga_only,46.849998474121094,1.3446400000000007
ImageNet16-120,eyeriss_latency,ga_only,46.849998474121094,1.3446400000000007
ImageNet16-120,eyeriss_latency,ga_only,46.849998474121094,1.3446400000000007
ImageNet16-120,eyeriss_latency,ga_only,46.849998474121094,1.3446400000000007
ImageNet16-120,eyeriss_latency,ga_only,46.849998474121094,1.3446400000000007
ImageNet16-120,eyeriss_latency,ga_only,46.849998474121094,1.3446400000000007
ImageNet16-120,eyeriss_latency,ga_only,46.849998474121094,1.3446400000000007
ImageNet16-120,eyeriss_latency,ga_only,46.849998474121094,1.3446400000000007
ImageNet16-120,eyeriss_latency,ga_only,46.849998474121094,1.3446400000000007
ImageNet16-120,eyeriss_latency,ga_only,46.849998474121094,1.3446400000000007
ImageNet16-120,eyeriss_latency,ga_only,46.849998474121094,1.3446400000000007
ImageNet16-120,eyeriss_latency,ga_only,46.849998474121094,1.3446400000000007
ImageNet16-120,eyeriss_latency,ga_only,46.849998474121094,1.3446400000000007
ImageNet16-120,eyeriss_latency,ga_only,46.849998474121094,1.3446400000000007
ImageNet16-120,eyeriss_latency,ga_only,46.849998474121094,1.3446400000000007
ImageNet16-120,eyeriss_latency,ga_only,46.849998474121094,1.3446400000000007
ImageNet16-120,eyeriss_latency,ga_only,46.849998474121094,1.3446400000000007
ImageNet16-120,eyeriss_latency,ga_only,46.849998474121094,1.3446400000000007
ImageNet16-120,eyeriss_latency,ga_only,46.849998474121094,1.3446400000000007
ImageNet16-120,eyeriss_latency,ga_only,46.849998474121094,1.3446400000000007
ImageNet16-120,eyeriss_latency,ga_only,46.849998474121094,1.3446400000000007
ImageNet16-120,eyeriss_latency,ga_only,46.849998474121094,1.3446400000000007
ImageNet16-120,eyeriss_latency,ga_only,47.16666793823242,1.5904000000000007
ImageNet16-120,eyeriss_latency,ga_only,47.16666793823242,1.5904000000000007
ImageNet16-120,eyeriss_latency,ga_only,47.16666793823242,1.5904000000000007
ImageNet16-120,eyeriss_latency,ga_only,47.16666793823242,1.5904000000000007
ImageNet16-120,eyeriss_latency,ga_only,47.16666793823242,1.5904000000000007
ImageNet16-120,eyeriss_latency,ga_only,47.16666793823242,1.5904000000000007
ImageNet16-120,eyeriss_latency,ga_only,47.16666793823242,1.5904000000000007
ImageNet16-120,eyeriss_latency,ga_only,47.16666793823242,1.5904000000000007
ImageNet16-120,eyeriss_latency,ga_only,47.16666793823242,1.5904000000000007
ImageNet16-120,eyeriss_latency,ga_only,47.16666793823242,1.5904000000000007
ImageNet16-120,eyeriss_latency,ga_only,47.16666793823242,1.5904000000000007
ImageNet16-120,eyeriss_latency,ga_only,47.16666793823242,1.5904000000000007
ImageNet16-120,eyeriss_latency,ga_only,47.16666793823242,1.5904000000000007
ImageNet16-120,eyeriss_latency,ga_only,47.31111145019531,1.6518400000000009
ImageNet16-120,eyeriss_latency,ga_only,47.31111145019531,1.6518400000000009
ImageNet16-120,eyeriss_latency,ga_only,47.31111145019531,1.6518400000000009
ImageNet16-120,eyeriss_latency,ga_only,47.31111145019531,1.6518400000000009
ImageNet16-120,eyeriss_latency,ga_only,47.31111145019531,1.6518400000000009
ImageNet16-120,eyeriss_latency,ga_only,47.31111145019531,1.6518400000000009
ImageNet16-120,eyeriss_latency,ga_only,47.31111145019531,1.6518400000000009
ImageNet16-120,eyeriss_latency,ga_only,47.31111145019531,1.6518400000000009
ImageNet16-120,eyeriss_latency,ga_only,47.31111145019531,1.6518400000000009
ImageNet16-120,eyeriss_latency,ga_only,47.31111145019531,1.6518400000000009
ImageNet16-120,eyeriss_latency,ga_only,47.31111145019531,1.6518400000000009
ImageNet16-120,eyeriss_latency,ga_only,47.31111145019531,1.6518400000000009
ImageNet16-120,eyeriss_latency,ga_only,47.31111145019531,1.6518400000000009
ImageNet16-120,eyeriss_latency,ga_only,47.31111145019531,1.6518400000000009
ImageNet16-120,eyeriss_latency,ga_only,47.31111145019531,1.6518400000000009
ImageNet16-120,eyeriss_latency,ga_only,47.31111145019531,1.6518400000000009
ImageNet16-120,eyeriss_latency,ga_only,47.31111145019531,1.6518400000000009
ImageNet16-120,eyeriss_latency,ga_only,47.31111145019531,1.6518400000000009
ImageNet16-120,eyeriss_latency,ga_only,47.31111145019531,1.6518400000000009
ImageNet16-120,eyeriss_latency,ga_only,47.31111145019531,1.6518400000000009
